2025-10-25 12:02:21,914 [INFO] Activator:176 - 


2025-10-25 12:02:21,920 [INFO] Activator:177 - !SESSION log4j initialized
2025-10-25 12:02:28,654 [INFO] LogOutputStream:77 - [STDOUT_REDIRECT] 
2025-10-25 12:02:29,906 [INFO] ApplicationProperties:184 - Using Application install path: C:\ST\STM32CubeIDE_1.16.0\STM32CubeIDE\plugins\com.st.stm32cube.common.mx_6.15.0.202507011659
2025-10-25 12:02:29,927 [INFO] DbMcusXml:78 - Set database path to: C:\ST\STM32CubeIDE_1.16.0\STM32CubeIDE\plugins\com.st.stm32cube.common.mx_6.15.0.202507011659\\db\/mcu/
2025-10-25 12:02:29,927 [INFO] ApiDb:274 - Set plugin database path to: C:\ST\STM32CubeIDE_1.16.0\STM32CubeIDE\plugins\com.st.stm32cube.common.mx_6.15.0.202507011659\\db\/plugins/boardmanager/
2025-10-25 12:02:29,928 [WARN] ApiDb:259 - Overriding images path with different value:  => C:\ST\STM32CubeIDE_1.16.0\STM32CubeIDE\plugins\com.st.stm32cube.common.mx_6.15.0.202507011659\\db\/plugins/mcufinder/images/
2025-10-25 12:02:29,940 [INFO] ApiDb:250 - Set database path to: C:\Users\rolni\.stmcufinder\plugins\mcufinder//mcu/
2025-10-25 12:02:29,941 [INFO] DbMcusAds:125 - Set database path to: C:\Users\rolni\.stmcufinder\plugins\mcufinder//mcu/
2025-10-25 12:02:29,944 [INFO] CrossReferenceDbSqlite:203 - Set database path to: C:\Users\rolni\.stmcufinder\plugins\mcufinder//mcu/cs/
2025-10-25 12:02:30,101 [INFO] RulesReader:64 - Compatibility file has been processed (317 Rules)
2025-10-25 12:02:30,197 [INFO] DbMcusXml:78 - Set database path to: C:\ST\STM32CubeIDE_1.16.0\STM32CubeIDE\plugins\com.st.stm32cube.common.mx_6.15.0.202507011659\\db\/mcu/
2025-10-25 12:02:30,197 [INFO] ApiDb:274 - Set plugin database path to: C:\ST\STM32CubeIDE_1.16.0\STM32CubeIDE\plugins\com.st.stm32cube.common.mx_6.15.0.202507011659\\db\/plugins/boardmanager/
2025-10-25 12:02:30,198 [INFO] ApiDb:261 - Set plugin images path to: C:\ST\STM32CubeIDE_1.16.0\STM32CubeIDE\plugins\com.st.stm32cube.common.mx_6.15.0.202507011659\\db\/plugins/mcufinder/images/
2025-10-25 12:02:30,198 [WARN] DbFile:41 - Overriding database path with different value: C:\Users\rolni\.stmcufinder\plugins\mcufinder/ => C:\Users\rolni\.stmcufinder\plugins\mcufinder
2025-10-25 12:02:30,198 [INFO] ApiDb:250 - Set database path to: C:\Users\rolni\.stmcufinder\plugins\mcufinder//mcu/
2025-10-25 12:02:30,198 [WARN] DbFile:41 - Overriding database path with different value: C:\Users\rolni\.stmcufinder\plugins\mcufinder/ => C:\Users\rolni\.stmcufinder\plugins\mcufinder
2025-10-25 12:02:30,198 [INFO] DbMcusAds:125 - Set database path to: C:\Users\rolni\.stmcufinder\plugins\mcufinder//mcu/
2025-10-25 12:02:30,198 [WARN] DbFile:41 - Overriding database path with different value: C:\Users\rolni\.stmcufinder\plugins\mcufinder/ => C:\Users\rolni\.stmcufinder\plugins\mcufinder
2025-10-25 12:02:30,198 [WARN] DbFile:41 - Overriding database path with different value: C:\Users\rolni\.stmcufinder\plugins\mcufinder/ => C:\Users\rolni\.stmcufinder\plugins\mcufinder
2025-10-25 12:02:30,198 [INFO] CrossReferenceDbSqlite:203 - Set database path to: C:\Users\rolni\.stmcufinder\plugins\mcufinder//mcu/cs/
2025-10-25 12:02:30,281 [INFO] MainPanel:274 - HeapMemory: 268435456
2025-10-25 12:02:30,432 [INFO] DbMcusXml:78 - Set database path to: C:\ST\STM32CubeIDE_1.16.0\STM32CubeIDE\plugins\com.st.stm32cube.common.mx_6.15.0.202507011659\\db\/mcu/
2025-10-25 12:02:30,432 [INFO] ApiDb:274 - Set plugin database path to: C:\ST\STM32CubeIDE_1.16.0\STM32CubeIDE\plugins\com.st.stm32cube.common.mx_6.15.0.202507011659\\db\/plugins/boardmanager/
2025-10-25 12:02:30,433 [INFO] ApiDb:261 - Set plugin images path to: C:\ST\STM32CubeIDE_1.16.0\STM32CubeIDE\plugins\com.st.stm32cube.common.mx_6.15.0.202507011659\\db\/plugins/mcufinder/images/
2025-10-25 12:02:30,433 [WARN] DbFile:41 - Overriding database path with different value: C:\Users\rolni\.stmcufinder\plugins\mcufinder/ => C:\Users\rolni\.stmcufinder\plugins\mcufinder
2025-10-25 12:02:30,433 [INFO] ApiDb:250 - Set database path to: C:\Users\rolni\.stmcufinder\plugins\mcufinder//mcu/
2025-10-25 12:02:30,433 [WARN] DbFile:41 - Overriding database path with different value: C:\Users\rolni\.stmcufinder\plugins\mcufinder/ => C:\Users\rolni\.stmcufinder\plugins\mcufinder
2025-10-25 12:02:30,433 [INFO] DbMcusAds:125 - Set database path to: C:\Users\rolni\.stmcufinder\plugins\mcufinder//mcu/
2025-10-25 12:02:30,434 [WARN] DbFile:41 - Overriding database path with different value: C:\Users\rolni\.stmcufinder\plugins\mcufinder/ => C:\Users\rolni\.stmcufinder\plugins\mcufinder
2025-10-25 12:02:30,434 [WARN] DbFile:41 - Overriding database path with different value: C:\Users\rolni\.stmcufinder\plugins\mcufinder/ => C:\Users\rolni\.stmcufinder\plugins\mcufinder
2025-10-25 12:02:30,434 [INFO] CrossReferenceDbSqlite:203 - Set database path to: C:\Users\rolni\.stmcufinder\plugins\mcufinder//mcu/cs/
2025-10-25 12:02:30,456 [INFO] ApplicationProperties:184 - Using Application install path: C:\ST\STM32CubeIDE_1.16.0\STM32CubeIDE\plugins\com.st.stm32cube.common.mx_6.15.0.202507011659
2025-10-25 12:02:30,458 [INFO] PluginManage:196 - Search for loadable plugins [exclusion list=, ]
2025-10-25 12:02:30,460 [INFO] PluginManage:310 - Check plugin analytics
2025-10-25 12:02:30,682 [INFO] AnalyticsPlugin:253 - Accepted Software Licenses: 
2025-10-25 12:02:30,682 [INFO] AnalyticsPlugin:255 - Accepted CMSIS Pack Licenses: 
2025-10-25 12:02:30,682 [INFO] AnalyticsPlugin:257 - Accepted Firmware Licenses: FW.F4.1.28.0
2025-10-25 12:02:30,686 [INFO] PluginManage:359 - Loaded plugin analytics (category:tool,tabindex:-1)
2025-10-25 12:02:30,687 [INFO] PluginManage:310 - Check plugin cadmodel
2025-10-25 12:02:30,696 [INFO] CADModel:105 - Init CAD model plugin
2025-10-25 12:02:30,696 [INFO] PluginManage:359 - Loaded plugin cadmodel (category:power,tabindex:5)
2025-10-25 12:02:30,696 [INFO] PluginManage:310 - Check plugin clock
2025-10-25 12:02:30,711 [INFO] PluginManage:359 - Loaded plugin clock (category:base,tabindex:2)
2025-10-25 12:02:30,712 [INFO] PluginManage:310 - Check plugin ddr
2025-10-25 12:02:30,716 [INFO] PluginManage:359 - Loaded plugin ddr (category:tool,tabindex:6)
2025-10-25 12:02:30,716 [INFO] PluginManage:310 - Check plugin filemanager
2025-10-25 12:02:30,910 [INFO] PluginManage:359 - Loaded plugin filemanager (category:base,tabindex:10)
2025-10-25 12:02:30,910 [INFO] PluginManage:310 - Check plugin ipmanager
2025-10-25 12:02:30,918 [INFO] PluginManage:359 - Loaded plugin ipmanager (category:base,tabindex:5)
2025-10-25 12:02:30,918 [INFO] PluginManage:310 - Check plugin lpbam
2025-10-25 12:02:30,927 [INFO] PluginManage:359 - Loaded plugin lpbam (category:base,tabindex:0)
2025-10-25 12:02:30,927 [INFO] PluginManage:310 - Check plugin memorymap
2025-10-25 12:02:30,943 [INFO] PluginManage:359 - Loaded plugin memorymap (category:base,tabindex:4)
2025-10-25 12:02:30,943 [INFO] PluginManage:310 - Check plugin pinoutandconfiguration
2025-10-25 12:02:30,955 [INFO] PluginManage:359 - Loaded plugin pinoutandconfiguration (category:base,tabindex:1)
2025-10-25 12:02:30,955 [INFO] PluginManage:310 - Check plugin pinoutconfig
2025-10-25 12:02:31,060 [WARN] SupportedApi:132 - Cannot load RTOS API schema: s4s-elt-must-match.1: The content of 'definitions' must match (annotation?, (simpleType | complexType)?, (unique | key | keyref)*)). A problem was found starting at: attribute.
2025-10-25 12:02:31,218 [INFO] PluginManage:359 - Loaded plugin pinoutconfig (category:base,tabindex:0)
2025-10-25 12:02:31,218 [INFO] PluginManage:310 - Check plugin power
2025-10-25 12:02:31,233 [INFO] PluginManage:359 - Loaded plugin power (category:power,tabindex:4)
2025-10-25 12:02:31,233 [INFO] PluginManage:310 - Check plugin projectmanager
2025-10-25 12:02:31,251 [INFO] PluginManage:359 - Loaded plugin projectmanager (category:projectmanager,tabindex:4)
2025-10-25 12:02:31,251 [INFO] PluginManage:310 - Check plugin rif
2025-10-25 12:02:31,263 [INFO] PluginManage:359 - Loaded plugin rif (category:base,tabindex:3)
2025-10-25 12:02:31,264 [INFO] PluginManage:310 - Check plugin thirdparty
2025-10-25 12:02:31,434 [INFO] PluginManage:359 - Loaded plugin thirdparty (category:base,tabindex:-1)
2025-10-25 12:02:31,434 [WARN] IntegrityCheckThread:84 - waiting for thirdparty lock release [integrity check]
2025-10-25 12:02:31,434 [INFO] PluginManage:310 - Check plugin tools
2025-10-25 12:02:31,434 [INFO] IntegrityCheckThread:86 - entering critical section [integrity check]
2025-10-25 12:02:31,435 [INFO] ThirdPartyUpdaterWithRetryManager:70 - Updater plugin not ready yet. [1/15]
2025-10-25 12:02:31,438 [INFO] PluginManage:359 - Loaded plugin tools (category:base,tabindex:7)
2025-10-25 12:02:31,438 [INFO] PluginManage:310 - Check plugin tutovideos
2025-10-25 12:02:31,686 [INFO] PluginManage:359 - Loaded plugin tutovideos (category:base,tabindex:-1)
2025-10-25 12:02:31,686 [INFO] PluginManage:310 - Check plugin updater
2025-10-25 12:02:31,714 [INFO] PluginManage:359 - Loaded plugin updater (category:base,tabindex:12)
2025-10-25 12:02:31,714 [INFO] PluginManage:310 - Check plugin userauth
2025-10-25 12:02:31,719 [INFO] UserAuth:118 - Init User Auth plugin
2025-10-25 12:02:31,721 [INFO] PluginManage:359 - Loaded plugin userauth (category:base,tabindex:14)
2025-10-25 12:02:31,721 [INFO] PluginManage:283 - PluginManage : Loaded plugins [18]
2025-10-25 12:02:32,022 [INFO] PinOutPanel:1589 - setPackage(No Configuration,No Configuration)
2025-10-25 12:02:32,129 [INFO] CADModel:165 - CPN selected for project level
2025-10-25 12:02:32,129 [INFO] CADModel:114 - Register for checkConnection events
2025-10-25 12:02:32,154 [INFO] IPUIPlugin:80 - create IPUIPlugin
2025-10-25 12:02:32,154 [INFO] PluginManager:220 - loadIPPluginJar : add adc
2025-10-25 12:02:32,158 [INFO] IPUIPlugin:80 - create IPUIPlugin
2025-10-25 12:02:32,158 [INFO] PluginManager:220 - loadIPPluginJar : add aes
2025-10-25 12:02:32,162 [INFO] IPUIPlugin:80 - create IPUIPlugin
2025-10-25 12:02:32,163 [INFO] PluginManager:220 - loadIPPluginJar : add can
2025-10-25 12:02:32,165 [INFO] IPUIPlugin:80 - create IPUIPlugin
2025-10-25 12:02:32,166 [INFO] PluginManager:220 - loadIPPluginJar : add comp
2025-10-25 12:02:32,170 [INFO] IPUIPlugin:80 - create IPUIPlugin
2025-10-25 12:02:32,170 [INFO] PluginManager:220 - loadIPPluginJar : add cryp
2025-10-25 12:02:32,175 [INFO] IPUIPlugin:80 - create IPUIPlugin
2025-10-25 12:02:32,175 [INFO] PluginManager:220 - loadIPPluginJar : add ddr_ctrl_phy
2025-10-25 12:02:32,179 [INFO] IPUIPlugin:80 - create IPUIPlugin
2025-10-25 12:02:32,180 [INFO] PluginManager:220 - loadIPPluginJar : add dfsdm
2025-10-25 12:02:32,187 [INFO] IPUIPlugin:80 - create IPUIPlugin
2025-10-25 12:02:32,188 [INFO] PluginManager:220 - loadIPPluginJar : add dma
2025-10-25 12:02:32,191 [INFO] IPUIPlugin:80 - create IPUIPlugin
2025-10-25 12:02:32,191 [INFO] PluginManager:220 - loadIPPluginJar : add dma3
2025-10-25 12:02:32,196 [INFO] IPUIPlugin:80 - create IPUIPlugin
2025-10-25 12:02:32,196 [INFO] PluginManager:220 - loadIPPluginJar : add extmemmanager
2025-10-25 12:02:32,198 [INFO] IPUIPlugin:80 - create IPUIPlugin
2025-10-25 12:02:32,199 [INFO] PluginManager:220 - loadIPPluginJar : add fatfs
2025-10-25 12:02:32,205 [INFO] IPUIPlugin:80 - create IPUIPlugin
2025-10-25 12:02:32,205 [INFO] PluginManager:220 - loadIPPluginJar : add fmc
2025-10-25 12:02:32,214 [INFO] IPUIPlugin:80 - create IPUIPlugin
2025-10-25 12:02:32,214 [INFO] PluginManager:220 - loadIPPluginJar : add freertos
2025-10-25 12:02:32,217 [INFO] IPUIPlugin:80 - create IPUIPlugin
2025-10-25 12:02:32,217 [INFO] PluginManager:220 - loadIPPluginJar : add genericplugin
2025-10-25 12:02:32,220 [INFO] IPUIPlugin:80 - create IPUIPlugin
2025-10-25 12:02:32,221 [INFO] PluginManager:220 - loadIPPluginJar : add gfxmmu
2025-10-25 12:02:32,227 [INFO] IPUIPlugin:80 - create IPUIPlugin
2025-10-25 12:02:32,227 [INFO] PluginManager:220 - loadIPPluginJar : add gic
2025-10-25 12:02:32,232 [INFO] IPUIPlugin:80 - create IPUIPlugin
2025-10-25 12:02:32,232 [INFO] PluginManager:220 - loadIPPluginJar : add gpio
2025-10-25 12:02:32,236 [INFO] IPUIPlugin:80 - create IPUIPlugin
2025-10-25 12:02:32,237 [INFO] PluginManager:220 - loadIPPluginJar : add gtzc
2025-10-25 12:02:32,240 [INFO] IPUIPlugin:80 - create IPUIPlugin
2025-10-25 12:02:32,241 [INFO] PluginManager:220 - loadIPPluginJar : add hash
2025-10-25 12:02:32,244 [INFO] IPUIPlugin:80 - create IPUIPlugin
2025-10-25 12:02:32,245 [INFO] PluginManager:220 - loadIPPluginJar : add i2c
2025-10-25 12:02:32,248 [INFO] IPUIPlugin:80 - create IPUIPlugin
2025-10-25 12:02:32,249 [INFO] PluginManager:220 - loadIPPluginJar : add i2s
2025-10-25 12:02:32,253 [INFO] IPUIPlugin:80 - create IPUIPlugin
2025-10-25 12:02:32,253 [INFO] PluginManager:220 - loadIPPluginJar : add i3c
2025-10-25 12:02:32,257 [INFO] IPUIPlugin:80 - create IPUIPlugin
2025-10-25 12:02:32,258 [INFO] PluginManager:220 - loadIPPluginJar : add ipddr
2025-10-25 12:02:32,266 [INFO] IPUIPlugin:80 - create IPUIPlugin
2025-10-25 12:02:32,266 [INFO] PluginManager:220 - loadIPPluginJar : add linkedlist
2025-10-25 12:02:32,270 [INFO] IPUIPlugin:80 - create IPUIPlugin
2025-10-25 12:02:32,270 [INFO] PluginManager:220 - loadIPPluginJar : add lorawan
2025-10-25 12:02:32,273 [INFO] IPUIPlugin:80 - create IPUIPlugin
2025-10-25 12:02:32,273 [INFO] PluginManager:220 - loadIPPluginJar : add ltdc
2025-10-25 12:02:32,281 [INFO] IPUIPlugin:80 - create IPUIPlugin
2025-10-25 12:02:32,281 [INFO] PluginManager:220 - loadIPPluginJar : add mdma
2025-10-25 12:02:32,286 [INFO] IPUIPlugin:80 - create IPUIPlugin
2025-10-25 12:02:32,287 [INFO] PluginManager:220 - loadIPPluginJar : add nvic
2025-10-25 12:02:32,291 [INFO] IPUIPlugin:80 - create IPUIPlugin
2025-10-25 12:02:32,291 [INFO] PluginManager:220 - loadIPPluginJar : add opamp
2025-10-25 12:02:32,296 [INFO] IPUIPlugin:80 - create IPUIPlugin
2025-10-25 12:02:32,296 [INFO] PluginManager:220 - loadIPPluginJar : add openamp
2025-10-25 12:02:32,301 [INFO] IPUIPlugin:80 - create IPUIPlugin
2025-10-25 12:02:32,301 [INFO] PluginManager:220 - loadIPPluginJar : add pdm2pcm
2025-10-25 12:02:32,309 [INFO] IPUIPlugin:80 - create IPUIPlugin
2025-10-25 12:02:32,312 [INFO] PluginManager:220 - loadIPPluginJar : add plateformsettings
2025-10-25 12:02:32,315 [INFO] IPUIPlugin:80 - create IPUIPlugin
2025-10-25 12:02:32,315 [INFO] PluginManager:220 - loadIPPluginJar : add quadspi
2025-10-25 12:02:32,318 [INFO] IPUIPlugin:80 - create IPUIPlugin
2025-10-25 12:02:32,319 [INFO] PluginManager:220 - loadIPPluginJar : add radio
2025-10-25 12:02:32,324 [INFO] IPUIPlugin:80 - create IPUIPlugin
2025-10-25 12:02:32,325 [INFO] PluginManager:220 - loadIPPluginJar : add resmgrutility
2025-10-25 12:02:32,329 [INFO] IPUIPlugin:80 - create IPUIPlugin
2025-10-25 12:02:32,330 [INFO] PluginManager:220 - loadIPPluginJar : add sai
2025-10-25 12:02:32,336 [INFO] IPUIPlugin:80 - create IPUIPlugin
2025-10-25 12:02:32,336 [INFO] PluginManager:220 - loadIPPluginJar : add spi
2025-10-25 12:02:32,344 [INFO] IPUIPlugin:80 - create IPUIPlugin
2025-10-25 12:02:32,345 [INFO] PluginManager:220 - loadIPPluginJar : add stm32_wpan
2025-10-25 12:02:32,347 [INFO] IPUIPlugin:80 - create IPUIPlugin
2025-10-25 12:02:32,347 [INFO] PluginManager:220 - loadIPPluginJar : add tim
2025-10-25 12:02:32,352 [INFO] IPUIPlugin:80 - create IPUIPlugin
2025-10-25 12:02:32,352 [INFO] PluginManager:220 - loadIPPluginJar : add touchsensing
2025-10-25 12:02:32,355 [INFO] IPUIPlugin:80 - create IPUIPlugin
2025-10-25 12:02:32,355 [INFO] PluginManager:220 - loadIPPluginJar : add tracer_emb
2025-10-25 12:02:32,358 [INFO] IPUIPlugin:80 - create IPUIPlugin
2025-10-25 12:02:32,358 [INFO] PluginManager:220 - loadIPPluginJar : add ts
2025-10-25 12:02:32,360 [INFO] IPUIPlugin:80 - create IPUIPlugin
2025-10-25 12:02:32,361 [INFO] PluginManager:220 - loadIPPluginJar : add tsc
2025-10-25 12:02:32,363 [INFO] IPUIPlugin:80 - create IPUIPlugin
2025-10-25 12:02:32,364 [INFO] PluginManager:220 - loadIPPluginJar : add ucpd
2025-10-25 12:02:32,367 [INFO] IPUIPlugin:80 - create IPUIPlugin
2025-10-25 12:02:32,367 [INFO] PluginManager:220 - loadIPPluginJar : add usart
2025-10-25 12:02:32,371 [INFO] IPUIPlugin:80 - create IPUIPlugin
2025-10-25 12:02:32,372 [INFO] PluginManager:220 - loadIPPluginJar : add usbx
2025-10-25 12:02:32,511 [FATAL] Updater:351 - Updater called before beeing initialized
2025-10-25 12:02:32,550 [INFO] RulesReader:64 - Compatibility file has been processed (317 Rules)
2025-10-25 12:02:32,562 [INFO] RulesReader:64 - Compatibility file has been processed (317 Rules)
2025-10-25 12:02:32,572 [INFO] CADModel:165 - CPN selected for project level
2025-10-25 12:02:32,572 [INFO] CADModel:114 - Register for checkConnection events
2025-10-25 12:02:32,572 [FATAL] Updater:351 - Updater called before beeing initialized
2025-10-25 12:02:32,572 [ERROR] CADModel:125 - Updater not yet initialized, retry later 
2025-10-25 12:02:32,759 [FATAL] Updater:351 - Updater called before beeing initialized
2025-10-25 12:02:32,761 [INFO] CADModel:165 - CPN selected for project level
2025-10-25 12:02:32,761 [INFO] CADModel:114 - Register for checkConnection events
2025-10-25 12:02:32,761 [FATAL] Updater:351 - Updater called before beeing initialized
2025-10-25 12:02:32,762 [ERROR] CADModel:125 - Updater not yet initialized, retry later 
2025-10-25 12:02:32,765 [FATAL] Updater:351 - Updater called before beeing initialized
2025-10-25 12:02:32,917 [FATAL] Updater:351 - Updater called before beeing initialized
2025-10-25 12:02:32,921 [INFO] DbMcusAds:53 - JSON generation date=Thu Oct 02 11:36:05 CEST 2025 (1759397765645)
2025-10-25 12:02:32,922 [FATAL] Updater:351 - Updater called before beeing initialized
2025-10-25 12:02:32,962 [WARN] DetailPanel:346 - Failed to get advertising image, set to default
2025-10-25 12:02:33,045 [FATAL] Updater:351 - Updater called before beeing initialized
2025-10-25 12:02:33,049 [FATAL] Updater:351 - Updater called before beeing initialized
2025-10-25 12:02:33,049 [FATAL] Updater:351 - Updater called before beeing initialized
2025-10-25 12:02:33,050 [WARN] DetailPanel:346 - Failed to get advertising image, set to default
2025-10-25 12:02:33,051 [FATAL] Updater:351 - Updater called before beeing initialized
2025-10-25 12:02:33,100 [ERROR] Updater:1198 - MainUpdater not yet initialized. External WinMGr cannot be set.
2025-10-25 12:02:33,102 [INFO] Updater:1134 - Updater Version found : 6.15.0
2025-10-25 12:02:33,118 [INFO] ApplicationProperties:184 - Using Application install path: C:\ST\STM32CubeIDE_1.16.0\STM32CubeIDE\plugins\com.st.stm32cube.common.mx_6.15.0.202507011659
2025-10-25 12:02:34,437 [INFO] ThirdPartyUpdaterWithRetryManager:70 - Updater plugin not ready yet. [2/15]
2025-10-25 12:02:34,701 [ERROR] LogOutputStream:75 - [STDERR_REDIRECT] Oct 25, 2025 12:02:34 PM java.util.prefs.WindowsPreferences <init>
2025-10-25 12:02:34,703 [ERROR] LogOutputStream:75 - [STDERR_REDIRECT] WARNING: Could not open/create prefs root node Software\JavaSoft\Prefs at root 0xffffffff80000002. Windows RegCreateKeyEx(...) returned error code 5.
2025-10-25 12:02:34,703 [ERROR] LogOutputStream:75 - [STDERR_REDIRECT] 
2025-10-25 12:02:35,320 [INFO] MainUpdater:2872 - connection check result : 10
2025-10-25 12:02:35,320 [INFO] MainUpdater:3604 - Updater definition file requires update
2025-10-25 12:02:35,322 [INFO] MainUpdater:289 - Updater Check For Update Now.
2025-10-25 12:02:35,322 [INFO] MicroXplorer:498 - Change Database Version : DB.6.0.150
2025-10-25 12:02:35,328 [INFO] McuFinderGlobals:63 - Set McuFinder mode to 2 (CubeIDE integrated)
2025-10-25 12:02:35,329 [INFO] UserAuth:487 - Internet connection configuration mode: 1
2025-10-25 12:02:35,351 [INFO] JxBrowserEngine:152 - Initiate JxBrowser Engine with user profile folder
2025-10-25 12:02:35,619 [INFO] ServerAccessManage:452 - Complete download http(s) 200
2025-10-25 12:02:35,620 [INFO] ServerAccessManage:509 - Download File updaters.zip
2025-10-25 12:02:35,860 [INFO] FileExtend:248 - Unzip File : updaters.zip
2025-10-25 12:02:35,860 [INFO] FileExtend:263 - Standard Zip Deflate
2025-10-25 12:02:36,379 [INFO] ServerAccessManage:452 - Complete download http(s) 200
2025-10-25 12:02:36,380 [INFO] ServerAccessManage:509 - Download File PacksControlFlags.xml
2025-10-25 12:02:36,513 [INFO] ServerAccessManage:452 - Complete download http(s) 200
2025-10-25 12:02:36,513 [INFO] ServerAccessManage:509 - Download File cubemx.pidx
2025-10-25 12:02:36,645 [INFO] LoadServerUpdatesThread:375 - End of LoadServerUpdate Thread
2025-10-25 12:02:36,832 [INFO] CheckServerUpdateThread:120 - End of CheckServer Thread
2025-10-25 12:02:37,796 [INFO] WebApp:169 - Instantiating new browser for Auth
2025-10-25 12:02:38,037 [WARN] PackLoader:240 - Cannot read IP mode file for STMicroelectronics.FP-SNS-MOTENVWB1.1.4.0
2025-10-25 12:02:38,057 [WARN] PackLoader:240 - Cannot read IP mode file for STMicroelectronics.FP-ATR-ASTRA1.2.0.2
2025-10-25 12:02:38,078 [WARN] PackLoader:240 - Cannot read IP mode file for STMicroelectronics.X-CUBE-SMBUS.2.1.0
2025-10-25 12:02:38,088 [WARN] PackLoader:240 - Cannot read IP mode file for STMicroelectronics.X-CUBE-ST60.1.0.0
2025-10-25 12:02:38,141 [WARN] PackLoader:240 - Cannot read IP mode file for STMicroelectronics.X-CUBE-AZRTOS-F7.1.1.0
2025-10-25 12:02:38,260 [WARN] PackLoader:240 - Cannot read IP mode file for STMicroelectronics.X-CUBE-MEMS1.11.0.0
2025-10-25 12:02:38,513 [WARN] PackLoader:240 - Cannot read IP mode file for STMicroelectronics.FP-SNS-FLIGHT1.5.0.2
2025-10-25 12:02:38,555 [WARN] PackLoader:240 - Cannot read IP mode file for STMicroelectronics.X-CUBE-AZRTOS-H7.3.4.0
2025-10-25 12:02:38,575 [WARN] PackLoader:240 - Cannot read IP mode file for STMicroelectronics.X-CUBE-DISPLAY.3.0.0
2025-10-25 12:02:38,594 [WARN] PackLoader:240 - Cannot read IP mode file for STMicroelectronics.X-CUBE-BLE1.7.0.0
2025-10-25 12:02:38,605 [WARN] PackLoader:240 - Cannot read IP mode file for STMicroelectronics.X-CUBE-NFC10.1.0.0
2025-10-25 12:02:38,614 [WARN] PackLoader:240 - Cannot read IP mode file for STMicroelectronics.X-CUBE-ST60.1.1.0
2025-10-25 12:02:38,624 [WARN] PackLoader:240 - Cannot read IP mode file for emotas.I-CUBE-CANOPEN.1.3.0
2025-10-25 12:02:38,645 [WARN] PackLoader:240 - Cannot read IP mode file for STMicroelectronics.X-CUBE-BLEMGR.3.1.0
2025-10-25 12:02:38,659 [WARN] PackLoader:240 - Cannot read IP mode file for STMicroelectronics.FP-SNS-STBOX1.2.1.0
2025-10-25 12:02:38,675 [WARN] PackLoader:240 - Cannot read IP mode file for STMicroelectronics.FP-SNS-SMARTAG2.1.2.0
2025-10-25 12:02:38,681 [WARN] PackLoader:240 - Cannot read IP mode file for STMicroelectronics.FP-SNS-FLIGHT1.5.1.0
2025-10-25 12:02:38,697 [INFO] LogOutputStream:77 - [STDOUT_REDIRECT] 1 : Invalid condition id : UX_CORESTACK_Condition cause : null
2025-10-25 12:02:38,698 [INFO] LogOutputStream:77 - [STDOUT_REDIRECT] 1 : Invalid condition id : UX_CORESTACK_Condition cause : null
2025-10-25 12:02:38,700 [INFO] LogOutputStream:77 - [STDOUT_REDIRECT] 1 : Invalid condition id : UX_CORESTACK_Condition cause : null
2025-10-25 12:02:38,703 [INFO] LogOutputStream:77 - [STDOUT_REDIRECT] 1 : Invalid condition id : UX_CORESTACK_Condition cause : null
2025-10-25 12:02:38,705 [INFO] LogOutputStream:77 - [STDOUT_REDIRECT] 1 : Invalid condition id : UX_CORESTACK_Condition cause : null
2025-10-25 12:02:38,710 [WARN] PackLoader:240 - Cannot read IP mode file for STMicroelectronics.X-CUBE-AZRTOS-WL.2.0.0
2025-10-25 12:02:38,723 [WARN] PackLoader:240 - Cannot read IP mode file for STMicroelectronics.FP-SNS-MOTENV1.5.0.0
2025-10-25 12:02:38,734 [WARN] PackLoader:240 - Cannot read IP mode file for wolfSSL.I-CUBE-wolfMQTT.1.19.0
2025-10-25 12:02:38,752 [WARN] PackLoader:240 - Cannot read IP mode file for WES.I-CUBE-Cesium.1.3.0
2025-10-25 12:02:38,762 [WARN] PackLoader:240 - Cannot read IP mode file for STMicroelectronics.X-CUBE-BLE2.3.3.0
2025-10-25 12:02:38,773 [WARN] PackLoader:240 - Cannot read IP mode file for STMicroelectronics.X-CUBE-NFC9.1.0.0
2025-10-25 12:02:38,783 [WARN] PackLoader:240 - Cannot read IP mode file for STMicroelectronics.X-CUBE-BLE1.7.1.0
2025-10-25 12:02:38,795 [WARN] PackLoader:240 - Cannot read IP mode file for STMicroelectronics.X-CUBE-TCPP.4.1.0
2025-10-25 12:02:38,806 [WARN] PackLoader:240 - Cannot read IP mode file for STMicroelectronics.X-CUBE-EEPRMA1.5.2.0
2025-10-25 12:02:38,817 [WARN] PackLoader:240 - Cannot read IP mode file for STMicroelectronics.X-CUBE-ST67W61.1.1.0
2025-10-25 12:02:38,841 [WARN] PackLoader:240 - Cannot read IP mode file for STMicroelectronics.X-CUBE-AZRTOS-G0.1.1.0
2025-10-25 12:02:38,855 [WARN] PackLoader:240 - Cannot read IP mode file for STMicroelectronics.X-CUBE-SAFEA1.1.2.2
2025-10-25 12:02:38,864 [WARN] PackLoader:240 - Cannot read IP mode file for STMicroelectronics.X-CUBE-NFC4.3.0.0
2025-10-25 12:02:38,886 [WARN] PackLoader:240 - Cannot read IP mode file for EmbeddedOffice.I-CUBE-FS-RTOS.1.0.1
2025-10-25 12:02:38,898 [WARN] PackLoader:240 - Cannot read IP mode file for STMicroelectronics.X-CUBE-WB05N.2.0.0
2025-10-25 12:02:38,909 [WARN] PackLoader:240 - Cannot read IP mode file for STMicroelectronics.X-CUBE-TCPP.4.2.0
2025-10-25 12:02:38,922 [WARN] PackLoader:240 - Cannot read IP mode file for RealThread.X-CUBE-RT-Thread_Nano.4.1.1
2025-10-25 12:02:38,932 [WARN] PackLoader:240 - Cannot read IP mode file for STMicroelectronics.FP-ATR-SIGFOX1.3.2.0
2025-10-25 12:02:38,939 [WARN] PackLoader:240 - Cannot read IP mode file for wolfSSL.I-CUBE-wolfSSL.5.7.2
2025-10-25 12:02:38,949 [WARN] PackLoader:240 - Cannot read IP mode file for STMicroelectronics.X-CUBE-EEPRMA1.5.1.0
2025-10-25 12:02:38,965 [WARN] PackLoader:240 - Cannot read IP mode file for ITTIA_DB.I-CUBE-ITTIADB.8.9.0
2025-10-25 12:02:38,979 [WARN] PackLoader:240 - Cannot read IP mode file for STMicroelectronics.X-CUBE-ST67W61.1.0.0
2025-10-25 12:02:38,987 [WARN] PackLoader:240 - Cannot read IP mode file for STMicroelectronics.X-CUBE-AI.10.2.0
2025-10-25 12:02:39,049 [WARN] PackLoader:240 - Cannot read IP mode file for SEGGER.I-CUBE-embOS.1.3.1
2025-10-25 12:02:39,121 [WARN] PackLoader:240 - Cannot read IP mode file for STMicroelectronics.X-CUBE-ALGOBUILD.1.4.0
2025-10-25 12:02:39,198 [WARN] PackLoader:240 - Cannot read IP mode file for STMicroelectronics.X-CUBE-MEMS1.11.3.0
2025-10-25 12:02:39,378 [WARN] PackLoader:240 - Cannot read IP mode file for STMicroelectronics.X-CUBE-PM33A1.1.0.0
2025-10-25 12:02:39,388 [WARN] PackLoader:240 - Cannot read IP mode file for STMicroelectronics.X-CUBE-GNSS1.6.0.0
2025-10-25 12:02:39,413 [WARN] PackLoader:240 - Cannot read IP mode file for STMicroelectronics.X-CUBE-AZRTOS-F4.1.1.0
2025-10-25 12:02:39,424 [WARN] PackLoader:240 - Cannot read IP mode file for Avnet-IotConnect.X-CUBE-IoTC-DA16k-PMOD.1.0.0
2025-10-25 12:02:39,431 [WARN] PackLoader:240 - Cannot read IP mode file for STMicroelectronics.X-CUBE-ISPU.2.1.0
2025-10-25 12:02:39,452 [WARN] PackLoader:240 - Cannot read IP mode file for STMicroelectronics.X-CUBE-IPS.3.2.0
2025-10-25 12:02:39,469 [WARN] PackLoader:240 - Cannot read IP mode file for STMicroelectronics.X-CUBE-FREERTOS.1.2.0
2025-10-25 12:02:39,501 [WARN] PackLoader:240 - Cannot read IP mode file for STMicroelectronics.X-CUBE-NFC12.1.0.0
2025-10-25 12:02:39,525 [WARN] PackLoader:240 - Cannot read IP mode file for STMicroelectronics.X-CUBE-AZRTOS-L5.2.0.0
2025-10-25 12:02:39,539 [WARN] PackLoader:240 - Cannot read IP mode file for STMicroelectronics.X-CUBE-NFC6.3.1.0
2025-10-25 12:02:39,550 [WARN] PackLoader:240 - Cannot read IP mode file for STMicroelectronics.X-CUBE-DPower.1.2.0
2025-10-25 12:02:39,557 [WARN] PackLoader:240 - Cannot read IP mode file for STMicroelectronics.X-CUBE-AI.9.0.0
2025-10-25 12:02:39,564 [WARN] PackLoader:240 - Cannot read IP mode file for STMicroelectronics.X-CUBE-FREERTOS.1.3.1
2025-10-25 12:02:39,574 [WARN] PackLoader:240 - Cannot read IP mode file for STMicroelectronics.X-CUBE-NFC7.1.0.1
2025-10-25 12:02:39,581 [WARN] PackLoader:240 - Cannot read IP mode file for wolfSSL.I-CUBE-wolfTPM.3.2.0
2025-10-25 12:02:39,589 [WARN] PackLoader:240 - Cannot read IP mode file for STMicroelectronics.X-CUBE-TOUCHGFX.4.26.0
2025-10-25 12:02:39,597 [WARN] PackLoader:240 - Cannot read IP mode file for STMicroelectronics.FP-SNS-STAIOTCFT.1.0.0
2025-10-25 12:02:39,605 [WARN] PackLoader:240 - Cannot read IP mode file for STMicroelectronics.X-CUBE-DPower.1.3.0
2025-10-25 12:02:39,629 [WARN] ConditionMgr:438 - getConditionDescription Invalid condition id : LAN8742 Phy interface Condition cause : null
2025-10-25 12:02:39,631 [WARN] PackLoader:240 - Cannot read IP mode file for STMicroelectronics.X-CUBE-AZRTOS-L4.2.0.0
2025-10-25 12:02:39,633 [WARN] ConditionMgr:1044 - genDependencies : Invalid condition id : LAN8742 Phy interface Condition cause : null
2025-10-25 12:02:39,633 [WARN] ConditionMgr:1044 - genDependencies : Invalid condition id : LAN8742 Phy interface Condition cause : null
2025-10-25 12:02:39,634 [WARN] ConditionMgr:1044 - genDependencies : Invalid condition id : LAN8742 Phy interface Condition cause : null
2025-10-25 12:02:39,645 [WARN] PackLoader:240 - Cannot read IP mode file for STMicroelectronics.X-CUBE-SFXS2LP1.4.0.0
2025-10-25 12:02:39,669 [WARN] PackLoader:240 - Cannot read IP mode file for STMicroelectronics.X-CUBE-AZRTOS-H7.3.3.0
2025-10-25 12:02:39,683 [WARN] PackLoader:240 - Cannot read IP mode file for STMicroelectronics.X-CUBE-BLEMGR.4.1.0
2025-10-25 12:02:39,703 [WARN] ConditionMgr:438 - getConditionDescription Invalid condition id : UX DEVICE CLASS RTOS Condition cause : null
2025-10-25 12:02:39,703 [WARN] ConditionMgr:438 - getConditionDescription Invalid condition id : UX DEVICE CLASS RTOS Condition cause : null
2025-10-25 12:02:39,706 [WARN] PackLoader:240 - Cannot read IP mode file for STMicroelectronics.X-CUBE-AZRTOS-WB.2.0.0
2025-10-25 12:02:39,707 [WARN] ConditionMgr:1044 - genDependencies : Invalid condition id : UX DEVICE CLASS RTOS Condition cause : null
2025-10-25 12:02:39,707 [WARN] ConditionMgr:1044 - genDependencies : Invalid condition id : UX DEVICE CLASS RTOS Condition cause : null
2025-10-25 12:02:39,708 [WARN] ConditionMgr:1044 - genDependencies : Invalid condition id : UX DEVICE CLASS RTOS Condition cause : null
2025-10-25 12:02:39,708 [WARN] ConditionMgr:1044 - genDependencies : Invalid condition id : UX DEVICE CLASS RTOS Condition cause : null
2025-10-25 12:02:39,708 [WARN] ConditionMgr:1044 - genDependencies : Invalid condition id : UX DEVICE CLASS RTOS Condition cause : null
2025-10-25 12:02:39,715 [WARN] PackLoader:240 - Cannot read IP mode file for STMicroelectronics.X-CUBE-GNSS1.7.0.0
2025-10-25 12:02:39,727 [WARN] PackLoader:240 - Cannot read IP mode file for STMicroelectronics.X-CUBE-GNSS1.7.0.1
2025-10-25 12:02:39,734 [WARN] PackLoader:240 - Cannot read IP mode file for STMicroelectronics.X-CUBE-TOUCHGFX.4.25.0
2025-10-25 12:02:39,742 [WARN] PackLoader:240 - Cannot read IP mode file for STMicroelectronics.FP-SNS-STBOX1.2.0.0
2025-10-25 12:02:39,753 [WARN] ConditionMgr:438 - getConditionDescription Invalid condition id : Cortex-A Device cause : null
2025-10-25 12:02:39,795 [WARN] ConditionMgr:1044 - genDependencies : Invalid condition id : Cortex-A Device cause : null
2025-10-25 12:02:39,796 [WARN] ConditionMgr:1044 - genDependencies : Invalid condition id : Cortex-A Device cause : null
2025-10-25 12:02:39,796 [WARN] ConditionMgr:1044 - genDependencies : Invalid condition id : Cortex-A Device cause : null
2025-10-25 12:02:39,811 [WARN] PackLoader:240 - Cannot read IP mode file for STMicroelectronics.X-CUBE-SUBG2.5.0.0
2025-10-25 12:02:39,845 [WARN] PackLoader:240 - Cannot read IP mode file for STMicroelectronics.X-CUBE-AZRTOS-H7RS.1.1.0
2025-10-25 12:02:39,860 [WARN] PackLoader:240 - Cannot read IP mode file for Cesanta.I-CUBE-Mongoose.7.13.0
2025-10-25 12:02:39,881 [WARN] PackLoader:240 - Cannot read IP mode file for STMicroelectronics.X-CUBE-AZRTOS-G4.2.0.0
2025-10-25 12:02:39,891 [WARN] PackLoader:240 - Cannot read IP mode file for STMicroelectronics.X-CUBE-NFC7.2.0.0
2025-10-25 12:02:39,898 [WARN] PackLoader:240 - Cannot read IP mode file for STMicroelectronics.X-CUBE-ISPU.2.0.0
2025-10-25 12:02:39,915 [WARN] PackLoader:240 - Cannot read IP mode file for STMicroelectronics.X-CUBE-IPS.3.1.0
2025-10-25 12:02:39,992 [WARN] PackLoader:240 - Cannot read IP mode file for STMicroelectronics.X-CUBE-ALS.1.0.2
2025-10-25 12:02:40,112 [WARN] PackLoader:240 - Cannot read IP mode file for STMicroelectronics.X-CUBE-MEMS1.10.0.0
2025-10-25 12:02:40,241 [INFO] WebApp:463 - Apply proxy settings
2025-10-25 12:02:40,243 [INFO] WebApp:548 - Chromium requires no authentication
2025-10-25 12:02:40,258 [WARN] PackLoader:240 - Cannot read IP mode file for STMicroelectronics.X-CUBE-TOUCHGFX.4.24.0
2025-10-25 12:02:40,264 [WARN] PackLoader:240 - Cannot read IP mode file for STMicroelectronics.X-CUBE-TOUCHGFX.4.24.1
2025-10-25 12:02:40,269 [INFO] WebApp:491 - Direct internet connection detected
2025-10-25 12:02:40,275 [WARN] PackLoader:240 - Cannot read IP mode file for STMicroelectronics.X-CUBE-STSE01.1.0.0
2025-10-25 12:02:40,285 [WARN] PackLoader:240 - Cannot read IP mode file for portGmbH.I-Cube-SoM-uGOAL.1.1.0
2025-10-25 12:02:40,313 [WARN] PackLoader:240 - Cannot read IP mode file for STMicroelectronics.X-CUBE-AZRTOS-H7RS.1.0.0
2025-10-25 12:02:40,321 [WARN] PackLoader:240 - Cannot read IP mode file for STMicroelectronics.FP-ATR-ASTRA1.2.0.0
2025-10-25 12:02:40,335 [WARN] PackLoader:240 - Cannot read IP mode file for STMicroelectronics.X-CUBE-TOF1.3.4.2
2025-10-25 12:02:40,359 [WARN] PackLoader:240 - Cannot read IP mode file for STMicroelectronics.X-CUBE-TOF1.3.4.3
2025-10-25 12:02:40,369 [INFO] WebApp:900 - Register for checkConnection events
2025-10-25 12:02:40,370 [INFO] WebApp:463 - Apply proxy settings
2025-10-25 12:02:40,370 [INFO] WebApp:548 - Chromium requires no authentication
2025-10-25 12:02:40,372 [INFO] WebApp:491 - Direct internet connection detected
2025-10-25 12:02:40,385 [WARN] PackLoader:240 - Cannot read IP mode file for STMicroelectronics.X-CUBE-TOF1.3.4.1
2025-10-25 12:02:40,422 [WARN] PackLoader:240 - Cannot read IP mode file for STMicroelectronics.X-CUBE-AZRTOS-H7.3.2.0
2025-10-25 12:02:40,446 [WARN] PackLoader:240 - Cannot read IP mode file for Infineon.AIROC-Wi-Fi-Bluetooth-STM32.1.6.0
2025-10-25 12:02:40,458 [WARN] PackLoader:240 - Cannot read IP mode file for wolfSSL.I-CUBE-wolfSSH.1.4.17
2025-10-25 12:02:40,459 [INFO] ThirdParty:978 - Integrity check success = true
2025-10-25 12:02:40,459 [INFO] IntegrityCheckThread:100 - exiting critical section [integrity check]
2025-10-25 12:02:40,459 [INFO] IntegrityCheckThread:103 - End integrity checks thread
2025-10-25 12:02:40,833 [INFO] WebApp:225 - Starting web application
2025-10-25 12:02:40,833 [INFO] WebApp:593 - Web application path used C:\ST\STM32CubeIDE_1.16.0\STM32CubeIDE\plugins\com.st.stm32cube.common.mx_6.15.0.202507011659\db\plugins\mcufinder\reactClient1\index.html
2025-10-25 12:02:40,887 [INFO] WebApp:191 - Connection restablished
2025-10-25 12:02:42,429 [INFO] UserAuth:487 - Internet connection configuration mode: 1
2025-10-25 19:44:53,487 [INFO] Activator:176 - 


2025-10-25 19:44:53,490 [INFO] Activator:177 - !SESSION log4j initialized
2025-10-25 19:44:56,582 [INFO] LogOutputStream:77 - [STDOUT_REDIRECT] 
2025-10-25 19:44:58,691 [INFO] ApplicationProperties:184 - Using Application install path: C:\ST\STM32CubeIDE_1.16.0\STM32CubeIDE\plugins\com.st.stm32cube.common.mx_6.15.0.202507011659
2025-10-25 19:44:58,710 [INFO] DbMcusXml:78 - Set database path to: C:\ST\STM32CubeIDE_1.16.0\STM32CubeIDE\plugins\com.st.stm32cube.common.mx_6.15.0.202507011659\\db\/mcu/
2025-10-25 19:44:58,710 [INFO] ApiDb:274 - Set plugin database path to: C:\ST\STM32CubeIDE_1.16.0\STM32CubeIDE\plugins\com.st.stm32cube.common.mx_6.15.0.202507011659\\db\/plugins/boardmanager/
2025-10-25 19:44:58,710 [WARN] ApiDb:259 - Overriding images path with different value:  => C:\ST\STM32CubeIDE_1.16.0\STM32CubeIDE\plugins\com.st.stm32cube.common.mx_6.15.0.202507011659\\db\/plugins/mcufinder/images/
2025-10-25 19:44:58,719 [INFO] ApiDb:250 - Set database path to: C:\Users\rolni\.stmcufinder\plugins\mcufinder//mcu/
2025-10-25 19:44:58,721 [INFO] DbMcusAds:125 - Set database path to: C:\Users\rolni\.stmcufinder\plugins\mcufinder//mcu/
2025-10-25 19:44:58,724 [INFO] CrossReferenceDbSqlite:203 - Set database path to: C:\Users\rolni\.stmcufinder\plugins\mcufinder//mcu/cs/
2025-10-25 19:44:58,848 [INFO] RulesReader:64 - Compatibility file has been processed (317 Rules)
2025-10-25 19:44:58,949 [INFO] DbMcusXml:78 - Set database path to: C:\ST\STM32CubeIDE_1.16.0\STM32CubeIDE\plugins\com.st.stm32cube.common.mx_6.15.0.202507011659\\db\/mcu/
2025-10-25 19:44:58,949 [INFO] ApiDb:274 - Set plugin database path to: C:\ST\STM32CubeIDE_1.16.0\STM32CubeIDE\plugins\com.st.stm32cube.common.mx_6.15.0.202507011659\\db\/plugins/boardmanager/
2025-10-25 19:44:58,949 [INFO] ApiDb:261 - Set plugin images path to: C:\ST\STM32CubeIDE_1.16.0\STM32CubeIDE\plugins\com.st.stm32cube.common.mx_6.15.0.202507011659\\db\/plugins/mcufinder/images/
2025-10-25 19:44:58,949 [WARN] DbFile:41 - Overriding database path with different value: C:\Users\rolni\.stmcufinder\plugins\mcufinder/ => C:\Users\rolni\.stmcufinder\plugins\mcufinder
2025-10-25 19:44:58,949 [INFO] ApiDb:250 - Set database path to: C:\Users\rolni\.stmcufinder\plugins\mcufinder//mcu/
2025-10-25 19:44:58,950 [WARN] DbFile:41 - Overriding database path with different value: C:\Users\rolni\.stmcufinder\plugins\mcufinder/ => C:\Users\rolni\.stmcufinder\plugins\mcufinder
2025-10-25 19:44:58,950 [INFO] DbMcusAds:125 - Set database path to: C:\Users\rolni\.stmcufinder\plugins\mcufinder//mcu/
2025-10-25 19:44:58,950 [WARN] DbFile:41 - Overriding database path with different value: C:\Users\rolni\.stmcufinder\plugins\mcufinder/ => C:\Users\rolni\.stmcufinder\plugins\mcufinder
2025-10-25 19:44:58,950 [WARN] DbFile:41 - Overriding database path with different value: C:\Users\rolni\.stmcufinder\plugins\mcufinder/ => C:\Users\rolni\.stmcufinder\plugins\mcufinder
2025-10-25 19:44:58,950 [INFO] CrossReferenceDbSqlite:203 - Set database path to: C:\Users\rolni\.stmcufinder\plugins\mcufinder//mcu/cs/
2025-10-25 19:44:59,046 [INFO] MainPanel:274 - HeapMemory: 268435456
2025-10-25 19:44:59,173 [INFO] DbMcusXml:78 - Set database path to: C:\ST\STM32CubeIDE_1.16.0\STM32CubeIDE\plugins\com.st.stm32cube.common.mx_6.15.0.202507011659\\db\/mcu/
2025-10-25 19:44:59,173 [INFO] ApiDb:274 - Set plugin database path to: C:\ST\STM32CubeIDE_1.16.0\STM32CubeIDE\plugins\com.st.stm32cube.common.mx_6.15.0.202507011659\\db\/plugins/boardmanager/
2025-10-25 19:44:59,173 [INFO] ApiDb:261 - Set plugin images path to: C:\ST\STM32CubeIDE_1.16.0\STM32CubeIDE\plugins\com.st.stm32cube.common.mx_6.15.0.202507011659\\db\/plugins/mcufinder/images/
2025-10-25 19:44:59,174 [WARN] DbFile:41 - Overriding database path with different value: C:\Users\rolni\.stmcufinder\plugins\mcufinder/ => C:\Users\rolni\.stmcufinder\plugins\mcufinder
2025-10-25 19:44:59,174 [INFO] ApiDb:250 - Set database path to: C:\Users\rolni\.stmcufinder\plugins\mcufinder//mcu/
2025-10-25 19:44:59,174 [WARN] DbFile:41 - Overriding database path with different value: C:\Users\rolni\.stmcufinder\plugins\mcufinder/ => C:\Users\rolni\.stmcufinder\plugins\mcufinder
2025-10-25 19:44:59,174 [INFO] DbMcusAds:125 - Set database path to: C:\Users\rolni\.stmcufinder\plugins\mcufinder//mcu/
2025-10-25 19:44:59,174 [WARN] DbFile:41 - Overriding database path with different value: C:\Users\rolni\.stmcufinder\plugins\mcufinder/ => C:\Users\rolni\.stmcufinder\plugins\mcufinder
2025-10-25 19:44:59,174 [WARN] DbFile:41 - Overriding database path with different value: C:\Users\rolni\.stmcufinder\plugins\mcufinder/ => C:\Users\rolni\.stmcufinder\plugins\mcufinder
2025-10-25 19:44:59,174 [INFO] CrossReferenceDbSqlite:203 - Set database path to: C:\Users\rolni\.stmcufinder\plugins\mcufinder//mcu/cs/
2025-10-25 19:44:59,196 [INFO] ApplicationProperties:184 - Using Application install path: C:\ST\STM32CubeIDE_1.16.0\STM32CubeIDE\plugins\com.st.stm32cube.common.mx_6.15.0.202507011659
2025-10-25 19:44:59,197 [INFO] PluginManage:196 - Search for loadable plugins [exclusion list=, ]
2025-10-25 19:44:59,199 [INFO] PluginManage:310 - Check plugin analytics
2025-10-25 19:44:59,400 [INFO] AnalyticsPlugin:253 - Accepted Software Licenses: 
2025-10-25 19:44:59,400 [INFO] AnalyticsPlugin:255 - Accepted CMSIS Pack Licenses: 
2025-10-25 19:44:59,401 [INFO] AnalyticsPlugin:257 - Accepted Firmware Licenses: FW.F4.1.28.0
2025-10-25 19:44:59,404 [INFO] PluginManage:359 - Loaded plugin analytics (category:tool,tabindex:-1)
2025-10-25 19:44:59,405 [INFO] PluginManage:310 - Check plugin cadmodel
2025-10-25 19:44:59,414 [INFO] CADModel:105 - Init CAD model plugin
2025-10-25 19:44:59,414 [INFO] PluginManage:359 - Loaded plugin cadmodel (category:power,tabindex:5)
2025-10-25 19:44:59,414 [INFO] PluginManage:310 - Check plugin clock
2025-10-25 19:44:59,426 [INFO] PluginManage:359 - Loaded plugin clock (category:base,tabindex:2)
2025-10-25 19:44:59,426 [INFO] PluginManage:310 - Check plugin ddr
2025-10-25 19:44:59,429 [INFO] PluginManage:359 - Loaded plugin ddr (category:tool,tabindex:6)
2025-10-25 19:44:59,430 [INFO] PluginManage:310 - Check plugin filemanager
2025-10-25 19:44:59,642 [INFO] PluginManage:359 - Loaded plugin filemanager (category:base,tabindex:10)
2025-10-25 19:44:59,642 [INFO] PluginManage:310 - Check plugin ipmanager
2025-10-25 19:44:59,653 [INFO] PluginManage:359 - Loaded plugin ipmanager (category:base,tabindex:5)
2025-10-25 19:44:59,653 [INFO] PluginManage:310 - Check plugin lpbam
2025-10-25 19:44:59,664 [INFO] PluginManage:359 - Loaded plugin lpbam (category:base,tabindex:0)
2025-10-25 19:44:59,664 [INFO] PluginManage:310 - Check plugin memorymap
2025-10-25 19:44:59,682 [INFO] PluginManage:359 - Loaded plugin memorymap (category:base,tabindex:4)
2025-10-25 19:44:59,683 [INFO] PluginManage:310 - Check plugin pinoutandconfiguration
2025-10-25 19:44:59,695 [INFO] PluginManage:359 - Loaded plugin pinoutandconfiguration (category:base,tabindex:1)
2025-10-25 19:44:59,696 [INFO] PluginManage:310 - Check plugin pinoutconfig
2025-10-25 19:44:59,794 [WARN] SupportedApi:132 - Cannot load RTOS API schema: s4s-elt-must-match.1: The content of 'definitions' must match (annotation?, (simpleType | complexType)?, (unique | key | keyref)*)). A problem was found starting at: attribute.
2025-10-25 19:44:59,952 [INFO] PluginManage:359 - Loaded plugin pinoutconfig (category:base,tabindex:0)
2025-10-25 19:44:59,952 [INFO] PluginManage:310 - Check plugin power
2025-10-25 19:44:59,964 [INFO] PluginManage:359 - Loaded plugin power (category:power,tabindex:4)
2025-10-25 19:44:59,964 [INFO] PluginManage:310 - Check plugin projectmanager
2025-10-25 19:44:59,982 [INFO] PluginManage:359 - Loaded plugin projectmanager (category:projectmanager,tabindex:4)
2025-10-25 19:44:59,982 [INFO] PluginManage:310 - Check plugin rif
2025-10-25 19:44:59,994 [INFO] PluginManage:359 - Loaded plugin rif (category:base,tabindex:3)
2025-10-25 19:44:59,994 [INFO] PluginManage:310 - Check plugin thirdparty
2025-10-25 19:45:00,169 [WARN] IntegrityCheckThread:84 - waiting for thirdparty lock release [integrity check]
2025-10-25 19:45:00,169 [INFO] PluginManage:359 - Loaded plugin thirdparty (category:base,tabindex:-1)
2025-10-25 19:45:00,170 [INFO] IntegrityCheckThread:86 - entering critical section [integrity check]
2025-10-25 19:45:00,170 [INFO] PluginManage:310 - Check plugin tools
2025-10-25 19:45:00,170 [INFO] ThirdPartyUpdaterWithRetryManager:70 - Updater plugin not ready yet. [1/15]
2025-10-25 19:45:00,174 [INFO] PluginManage:359 - Loaded plugin tools (category:base,tabindex:7)
2025-10-25 19:45:00,174 [INFO] PluginManage:310 - Check plugin tutovideos
2025-10-25 19:45:00,377 [INFO] PluginManage:359 - Loaded plugin tutovideos (category:base,tabindex:-1)
2025-10-25 19:45:00,377 [INFO] PluginManage:310 - Check plugin updater
2025-10-25 19:45:00,406 [INFO] PluginManage:359 - Loaded plugin updater (category:base,tabindex:12)
2025-10-25 19:45:00,406 [INFO] PluginManage:310 - Check plugin userauth
2025-10-25 19:45:00,410 [INFO] UserAuth:118 - Init User Auth plugin
2025-10-25 19:45:00,411 [INFO] PluginManage:359 - Loaded plugin userauth (category:base,tabindex:14)
2025-10-25 19:45:00,412 [INFO] PluginManage:283 - PluginManage : Loaded plugins [18]
2025-10-25 19:45:00,646 [INFO] PinOutPanel:1589 - setPackage(No Configuration,No Configuration)
2025-10-25 19:45:00,740 [INFO] CADModel:165 - CPN selected for project level
2025-10-25 19:45:00,740 [INFO] CADModel:114 - Register for checkConnection events
2025-10-25 19:45:00,763 [INFO] IPUIPlugin:80 - create IPUIPlugin
2025-10-25 19:45:00,763 [INFO] PluginManager:220 - loadIPPluginJar : add adc
2025-10-25 19:45:00,767 [INFO] IPUIPlugin:80 - create IPUIPlugin
2025-10-25 19:45:00,767 [INFO] PluginManager:220 - loadIPPluginJar : add aes
2025-10-25 19:45:00,771 [INFO] IPUIPlugin:80 - create IPUIPlugin
2025-10-25 19:45:00,771 [INFO] PluginManager:220 - loadIPPluginJar : add can
2025-10-25 19:45:00,773 [INFO] IPUIPlugin:80 - create IPUIPlugin
2025-10-25 19:45:00,773 [INFO] PluginManager:220 - loadIPPluginJar : add comp
2025-10-25 19:45:00,777 [INFO] IPUIPlugin:80 - create IPUIPlugin
2025-10-25 19:45:00,777 [INFO] PluginManager:220 - loadIPPluginJar : add cryp
2025-10-25 19:45:00,781 [INFO] IPUIPlugin:80 - create IPUIPlugin
2025-10-25 19:45:00,781 [INFO] PluginManager:220 - loadIPPluginJar : add ddr_ctrl_phy
2025-10-25 19:45:00,784 [INFO] IPUIPlugin:80 - create IPUIPlugin
2025-10-25 19:45:00,785 [INFO] PluginManager:220 - loadIPPluginJar : add dfsdm
2025-10-25 19:45:00,791 [INFO] IPUIPlugin:80 - create IPUIPlugin
2025-10-25 19:45:00,791 [INFO] PluginManager:220 - loadIPPluginJar : add dma
2025-10-25 19:45:00,795 [INFO] IPUIPlugin:80 - create IPUIPlugin
2025-10-25 19:45:00,795 [INFO] PluginManager:220 - loadIPPluginJar : add dma3
2025-10-25 19:45:00,798 [INFO] IPUIPlugin:80 - create IPUIPlugin
2025-10-25 19:45:00,798 [INFO] PluginManager:220 - loadIPPluginJar : add extmemmanager
2025-10-25 19:45:00,801 [INFO] IPUIPlugin:80 - create IPUIPlugin
2025-10-25 19:45:00,801 [INFO] PluginManager:220 - loadIPPluginJar : add fatfs
2025-10-25 19:45:00,806 [INFO] IPUIPlugin:80 - create IPUIPlugin
2025-10-25 19:45:00,807 [INFO] PluginManager:220 - loadIPPluginJar : add fmc
2025-10-25 19:45:00,815 [INFO] IPUIPlugin:80 - create IPUIPlugin
2025-10-25 19:45:00,815 [INFO] PluginManager:220 - loadIPPluginJar : add freertos
2025-10-25 19:45:00,818 [INFO] IPUIPlugin:80 - create IPUIPlugin
2025-10-25 19:45:00,818 [INFO] PluginManager:220 - loadIPPluginJar : add genericplugin
2025-10-25 19:45:00,821 [INFO] IPUIPlugin:80 - create IPUIPlugin
2025-10-25 19:45:00,821 [INFO] PluginManager:220 - loadIPPluginJar : add gfxmmu
2025-10-25 19:45:00,827 [INFO] IPUIPlugin:80 - create IPUIPlugin
2025-10-25 19:45:00,827 [INFO] PluginManager:220 - loadIPPluginJar : add gic
2025-10-25 19:45:00,833 [INFO] IPUIPlugin:80 - create IPUIPlugin
2025-10-25 19:45:00,833 [INFO] PluginManager:220 - loadIPPluginJar : add gpio
2025-10-25 19:45:00,837 [INFO] IPUIPlugin:80 - create IPUIPlugin
2025-10-25 19:45:00,838 [INFO] PluginManager:220 - loadIPPluginJar : add gtzc
2025-10-25 19:45:00,841 [INFO] IPUIPlugin:80 - create IPUIPlugin
2025-10-25 19:45:00,842 [INFO] PluginManager:220 - loadIPPluginJar : add hash
2025-10-25 19:45:00,846 [INFO] IPUIPlugin:80 - create IPUIPlugin
2025-10-25 19:45:00,846 [INFO] PluginManager:220 - loadIPPluginJar : add i2c
2025-10-25 19:45:00,849 [INFO] IPUIPlugin:80 - create IPUIPlugin
2025-10-25 19:45:00,850 [INFO] PluginManager:220 - loadIPPluginJar : add i2s
2025-10-25 19:45:00,854 [INFO] IPUIPlugin:80 - create IPUIPlugin
2025-10-25 19:45:00,854 [INFO] PluginManager:220 - loadIPPluginJar : add i3c
2025-10-25 19:45:00,858 [INFO] IPUIPlugin:80 - create IPUIPlugin
2025-10-25 19:45:00,858 [INFO] PluginManager:220 - loadIPPluginJar : add ipddr
2025-10-25 19:45:00,865 [INFO] IPUIPlugin:80 - create IPUIPlugin
2025-10-25 19:45:00,865 [INFO] PluginManager:220 - loadIPPluginJar : add linkedlist
2025-10-25 19:45:00,869 [INFO] IPUIPlugin:80 - create IPUIPlugin
2025-10-25 19:45:00,869 [INFO] PluginManager:220 - loadIPPluginJar : add lorawan
2025-10-25 19:45:00,871 [INFO] IPUIPlugin:80 - create IPUIPlugin
2025-10-25 19:45:00,872 [INFO] PluginManager:220 - loadIPPluginJar : add ltdc
2025-10-25 19:45:00,878 [INFO] IPUIPlugin:80 - create IPUIPlugin
2025-10-25 19:45:00,879 [INFO] PluginManager:220 - loadIPPluginJar : add mdma
2025-10-25 19:45:00,883 [INFO] IPUIPlugin:80 - create IPUIPlugin
2025-10-25 19:45:00,883 [INFO] PluginManager:220 - loadIPPluginJar : add nvic
2025-10-25 19:45:00,889 [INFO] IPUIPlugin:80 - create IPUIPlugin
2025-10-25 19:45:00,889 [INFO] PluginManager:220 - loadIPPluginJar : add opamp
2025-10-25 19:45:00,894 [INFO] IPUIPlugin:80 - create IPUIPlugin
2025-10-25 19:45:00,894 [INFO] PluginManager:220 - loadIPPluginJar : add openamp
2025-10-25 19:45:00,898 [INFO] IPUIPlugin:80 - create IPUIPlugin
2025-10-25 19:45:00,898 [INFO] PluginManager:220 - loadIPPluginJar : add pdm2pcm
2025-10-25 19:45:00,905 [INFO] IPUIPlugin:80 - create IPUIPlugin
2025-10-25 19:45:00,909 [INFO] PluginManager:220 - loadIPPluginJar : add plateformsettings
2025-10-25 19:45:00,911 [INFO] IPUIPlugin:80 - create IPUIPlugin
2025-10-25 19:45:00,911 [INFO] PluginManager:220 - loadIPPluginJar : add quadspi
2025-10-25 19:45:00,914 [INFO] IPUIPlugin:80 - create IPUIPlugin
2025-10-25 19:45:00,915 [INFO] PluginManager:220 - loadIPPluginJar : add radio
2025-10-25 19:45:00,921 [INFO] IPUIPlugin:80 - create IPUIPlugin
2025-10-25 19:45:00,922 [INFO] PluginManager:220 - loadIPPluginJar : add resmgrutility
2025-10-25 19:45:00,925 [INFO] IPUIPlugin:80 - create IPUIPlugin
2025-10-25 19:45:00,926 [INFO] PluginManager:220 - loadIPPluginJar : add sai
2025-10-25 19:45:00,930 [INFO] IPUIPlugin:80 - create IPUIPlugin
2025-10-25 19:45:00,930 [INFO] PluginManager:220 - loadIPPluginJar : add spi
2025-10-25 19:45:00,937 [INFO] IPUIPlugin:80 - create IPUIPlugin
2025-10-25 19:45:00,937 [INFO] PluginManager:220 - loadIPPluginJar : add stm32_wpan
2025-10-25 19:45:00,940 [INFO] IPUIPlugin:80 - create IPUIPlugin
2025-10-25 19:45:00,940 [INFO] PluginManager:220 - loadIPPluginJar : add tim
2025-10-25 19:45:00,945 [INFO] IPUIPlugin:80 - create IPUIPlugin
2025-10-25 19:45:00,945 [INFO] PluginManager:220 - loadIPPluginJar : add touchsensing
2025-10-25 19:45:00,948 [INFO] IPUIPlugin:80 - create IPUIPlugin
2025-10-25 19:45:00,948 [INFO] PluginManager:220 - loadIPPluginJar : add tracer_emb
2025-10-25 19:45:00,951 [INFO] IPUIPlugin:80 - create IPUIPlugin
2025-10-25 19:45:00,951 [INFO] PluginManager:220 - loadIPPluginJar : add ts
2025-10-25 19:45:00,953 [INFO] IPUIPlugin:80 - create IPUIPlugin
2025-10-25 19:45:00,953 [INFO] PluginManager:220 - loadIPPluginJar : add tsc
2025-10-25 19:45:00,956 [INFO] IPUIPlugin:80 - create IPUIPlugin
2025-10-25 19:45:00,957 [INFO] PluginManager:220 - loadIPPluginJar : add ucpd
2025-10-25 19:45:00,961 [INFO] IPUIPlugin:80 - create IPUIPlugin
2025-10-25 19:45:00,961 [INFO] PluginManager:220 - loadIPPluginJar : add usart
2025-10-25 19:45:00,965 [INFO] IPUIPlugin:80 - create IPUIPlugin
2025-10-25 19:45:00,965 [INFO] PluginManager:220 - loadIPPluginJar : add usbx
2025-10-25 19:45:01,099 [FATAL] Updater:351 - Updater called before beeing initialized
2025-10-25 19:45:01,146 [INFO] RulesReader:64 - Compatibility file has been processed (317 Rules)
2025-10-25 19:45:01,165 [INFO] RulesReader:64 - Compatibility file has been processed (317 Rules)
2025-10-25 19:45:01,177 [INFO] CADModel:165 - CPN selected for project level
2025-10-25 19:45:01,177 [INFO] CADModel:114 - Register for checkConnection events
2025-10-25 19:45:01,177 [FATAL] Updater:351 - Updater called before beeing initialized
2025-10-25 19:45:01,177 [ERROR] CADModel:125 - Updater not yet initialized, retry later 
2025-10-25 19:45:01,335 [FATAL] Updater:351 - Updater called before beeing initialized
2025-10-25 19:45:01,338 [INFO] CADModel:165 - CPN selected for project level
2025-10-25 19:45:01,338 [INFO] CADModel:114 - Register for checkConnection events
2025-10-25 19:45:01,338 [FATAL] Updater:351 - Updater called before beeing initialized
2025-10-25 19:45:01,338 [ERROR] CADModel:125 - Updater not yet initialized, retry later 
2025-10-25 19:45:01,341 [FATAL] Updater:351 - Updater called before beeing initialized
2025-10-25 19:45:01,456 [FATAL] Updater:351 - Updater called before beeing initialized
2025-10-25 19:45:01,460 [INFO] DbMcusAds:53 - JSON generation date=Thu Oct 02 11:36:05 CEST 2025 (1759397765645)
2025-10-25 19:45:01,460 [FATAL] Updater:351 - Updater called before beeing initialized
2025-10-25 19:45:01,499 [WARN] DetailPanel:346 - Failed to get advertising image, set to default
2025-10-25 19:45:01,585 [FATAL] Updater:351 - Updater called before beeing initialized
2025-10-25 19:45:01,586 [FATAL] Updater:351 - Updater called before beeing initialized
2025-10-25 19:45:01,586 [FATAL] Updater:351 - Updater called before beeing initialized
2025-10-25 19:45:01,586 [WARN] DetailPanel:346 - Failed to get advertising image, set to default
2025-10-25 19:45:01,587 [FATAL] Updater:351 - Updater called before beeing initialized
2025-10-25 19:45:01,638 [ERROR] Updater:1198 - MainUpdater not yet initialized. External WinMGr cannot be set.
2025-10-25 19:45:01,640 [INFO] Updater:1134 - Updater Version found : 6.15.0
2025-10-25 19:45:01,657 [INFO] ApplicationProperties:184 - Using Application install path: C:\ST\STM32CubeIDE_1.16.0\STM32CubeIDE\plugins\com.st.stm32cube.common.mx_6.15.0.202507011659
2025-10-25 19:45:03,171 [INFO] ThirdPartyUpdaterWithRetryManager:70 - Updater plugin not ready yet. [2/15]
2025-10-25 19:45:03,240 [ERROR] LogOutputStream:75 - [STDERR_REDIRECT] Oct 25, 2025 7:45:03 PM java.util.prefs.WindowsPreferences <init>
2025-10-25 19:45:03,241 [ERROR] LogOutputStream:75 - [STDERR_REDIRECT] WARNING: Could not open/create prefs root node Software\JavaSoft\Prefs at root 0xffffffff80000002. Windows RegCreateKeyEx(...) returned error code 5.
2025-10-25 19:45:03,241 [ERROR] LogOutputStream:75 - [STDERR_REDIRECT] 
2025-10-25 19:45:04,338 [INFO] MainUpdater:2872 - connection check result : 10
2025-10-25 19:45:04,339 [INFO] MainUpdater:289 - Updater Check For Update Now.
2025-10-25 19:45:04,339 [INFO] MicroXplorer:498 - Change Database Version : DB.6.0.150
2025-10-25 19:45:04,348 [INFO] McuFinderGlobals:63 - Set McuFinder mode to 2 (CubeIDE integrated)
2025-10-25 19:45:04,350 [INFO] UserAuth:487 - Internet connection configuration mode: 1
2025-10-25 19:45:04,387 [INFO] JxBrowserEngine:152 - Initiate JxBrowser Engine with user profile folder
2025-10-25 19:45:04,544 [INFO] CheckServerUpdateThread:120 - End of CheckServer Thread
2025-10-25 19:45:06,075 [INFO] WebApp:169 - Instantiating new browser for Auth
2025-10-25 19:45:06,672 [WARN] PackLoader:240 - Cannot read IP mode file for STMicroelectronics.FP-SNS-MOTENVWB1.1.4.0
2025-10-25 19:45:06,691 [WARN] PackLoader:240 - Cannot read IP mode file for STMicroelectronics.FP-ATR-ASTRA1.2.0.2
2025-10-25 19:45:06,712 [WARN] PackLoader:240 - Cannot read IP mode file for STMicroelectronics.X-CUBE-SMBUS.2.1.0
2025-10-25 19:45:06,723 [WARN] PackLoader:240 - Cannot read IP mode file for STMicroelectronics.X-CUBE-ST60.1.0.0
2025-10-25 19:45:06,782 [WARN] PackLoader:240 - Cannot read IP mode file for STMicroelectronics.X-CUBE-AZRTOS-F7.1.1.0
2025-10-25 19:45:06,919 [WARN] PackLoader:240 - Cannot read IP mode file for STMicroelectronics.X-CUBE-MEMS1.11.0.0
2025-10-25 19:45:07,153 [WARN] PackLoader:240 - Cannot read IP mode file for STMicroelectronics.FP-SNS-FLIGHT1.5.0.2
2025-10-25 19:45:07,195 [WARN] PackLoader:240 - Cannot read IP mode file for STMicroelectronics.X-CUBE-AZRTOS-H7.3.4.0
2025-10-25 19:45:07,210 [WARN] PackLoader:240 - Cannot read IP mode file for STMicroelectronics.X-CUBE-DISPLAY.3.0.0
2025-10-25 19:45:07,225 [WARN] PackLoader:240 - Cannot read IP mode file for STMicroelectronics.X-CUBE-BLE1.7.0.0
2025-10-25 19:45:07,235 [WARN] PackLoader:240 - Cannot read IP mode file for STMicroelectronics.X-CUBE-NFC10.1.0.0
2025-10-25 19:45:07,245 [WARN] PackLoader:240 - Cannot read IP mode file for STMicroelectronics.X-CUBE-ST60.1.1.0
2025-10-25 19:45:07,256 [WARN] PackLoader:240 - Cannot read IP mode file for emotas.I-CUBE-CANOPEN.1.3.0
2025-10-25 19:45:07,269 [WARN] PackLoader:240 - Cannot read IP mode file for STMicroelectronics.X-CUBE-BLEMGR.3.1.0
2025-10-25 19:45:07,281 [WARN] PackLoader:240 - Cannot read IP mode file for STMicroelectronics.FP-SNS-STBOX1.2.1.0
2025-10-25 19:45:07,290 [WARN] PackLoader:240 - Cannot read IP mode file for STMicroelectronics.FP-SNS-SMARTAG2.1.2.0
2025-10-25 19:45:07,298 [WARN] PackLoader:240 - Cannot read IP mode file for STMicroelectronics.FP-SNS-FLIGHT1.5.1.0
2025-10-25 19:45:07,310 [INFO] LogOutputStream:77 - [STDOUT_REDIRECT] 1 : Invalid condition id : UX_CORESTACK_Condition cause : null
2025-10-25 19:45:07,311 [INFO] LogOutputStream:77 - [STDOUT_REDIRECT] 1 : Invalid condition id : UX_CORESTACK_Condition cause : null
2025-10-25 19:45:07,312 [INFO] LogOutputStream:77 - [STDOUT_REDIRECT] 1 : Invalid condition id : UX_CORESTACK_Condition cause : null
2025-10-25 19:45:07,313 [INFO] LogOutputStream:77 - [STDOUT_REDIRECT] 1 : Invalid condition id : UX_CORESTACK_Condition cause : null
2025-10-25 19:45:07,314 [INFO] LogOutputStream:77 - [STDOUT_REDIRECT] 1 : Invalid condition id : UX_CORESTACK_Condition cause : null
2025-10-25 19:45:07,316 [WARN] PackLoader:240 - Cannot read IP mode file for STMicroelectronics.X-CUBE-AZRTOS-WL.2.0.0
2025-10-25 19:45:07,327 [WARN] PackLoader:240 - Cannot read IP mode file for STMicroelectronics.FP-SNS-MOTENV1.5.0.0
2025-10-25 19:45:07,335 [WARN] PackLoader:240 - Cannot read IP mode file for wolfSSL.I-CUBE-wolfMQTT.1.19.0
2025-10-25 19:45:07,347 [WARN] PackLoader:240 - Cannot read IP mode file for WES.I-CUBE-Cesium.1.3.0
2025-10-25 19:45:07,357 [WARN] PackLoader:240 - Cannot read IP mode file for STMicroelectronics.X-CUBE-BLE2.3.3.0
2025-10-25 19:45:07,370 [WARN] PackLoader:240 - Cannot read IP mode file for STMicroelectronics.X-CUBE-NFC9.1.0.0
2025-10-25 19:45:07,380 [WARN] PackLoader:240 - Cannot read IP mode file for STMicroelectronics.X-CUBE-BLE1.7.1.0
2025-10-25 19:45:07,415 [WARN] PackLoader:240 - Cannot read IP mode file for STMicroelectronics.X-CUBE-TCPP.4.1.0
2025-10-25 19:45:07,427 [WARN] PackLoader:240 - Cannot read IP mode file for STMicroelectronics.X-CUBE-EEPRMA1.5.2.0
2025-10-25 19:45:07,440 [WARN] PackLoader:240 - Cannot read IP mode file for STMicroelectronics.X-CUBE-ST67W61.1.1.0
2025-10-25 19:45:07,467 [WARN] PackLoader:240 - Cannot read IP mode file for STMicroelectronics.X-CUBE-AZRTOS-G0.1.1.0
2025-10-25 19:45:07,480 [WARN] PackLoader:240 - Cannot read IP mode file for STMicroelectronics.X-CUBE-SAFEA1.1.2.2
2025-10-25 19:45:07,491 [WARN] PackLoader:240 - Cannot read IP mode file for STMicroelectronics.X-CUBE-NFC4.3.0.0
2025-10-25 19:45:07,506 [WARN] PackLoader:240 - Cannot read IP mode file for EmbeddedOffice.I-CUBE-FS-RTOS.1.0.1
2025-10-25 19:45:07,515 [WARN] PackLoader:240 - Cannot read IP mode file for STMicroelectronics.X-CUBE-WB05N.2.0.0
2025-10-25 19:45:07,523 [WARN] PackLoader:240 - Cannot read IP mode file for STMicroelectronics.X-CUBE-TCPP.4.2.0
2025-10-25 19:45:07,533 [WARN] PackLoader:240 - Cannot read IP mode file for RealThread.X-CUBE-RT-Thread_Nano.4.1.1
2025-10-25 19:45:07,541 [WARN] PackLoader:240 - Cannot read IP mode file for STMicroelectronics.FP-ATR-SIGFOX1.3.2.0
2025-10-25 19:45:07,549 [WARN] PackLoader:240 - Cannot read IP mode file for wolfSSL.I-CUBE-wolfSSL.5.7.2
2025-10-25 19:45:07,558 [WARN] PackLoader:240 - Cannot read IP mode file for STMicroelectronics.X-CUBE-EEPRMA1.5.1.0
2025-10-25 19:45:07,573 [WARN] PackLoader:240 - Cannot read IP mode file for ITTIA_DB.I-CUBE-ITTIADB.8.9.0
2025-10-25 19:45:07,584 [WARN] PackLoader:240 - Cannot read IP mode file for STMicroelectronics.X-CUBE-ST67W61.1.0.0
2025-10-25 19:45:07,591 [WARN] PackLoader:240 - Cannot read IP mode file for STMicroelectronics.X-CUBE-AI.10.2.0
2025-10-25 19:45:07,636 [WARN] PackLoader:240 - Cannot read IP mode file for SEGGER.I-CUBE-embOS.1.3.1
2025-10-25 19:45:07,686 [INFO] WebApp:463 - Apply proxy settings
2025-10-25 19:45:07,688 [INFO] WebApp:548 - Chromium requires no authentication
2025-10-25 19:45:07,704 [WARN] PackLoader:240 - Cannot read IP mode file for STMicroelectronics.X-CUBE-ALGOBUILD.1.4.0
2025-10-25 19:45:07,711 [INFO] WebApp:491 - Direct internet connection detected
2025-10-25 19:45:07,773 [WARN] PackLoader:240 - Cannot read IP mode file for STMicroelectronics.X-CUBE-MEMS1.11.3.0
2025-10-25 19:45:07,833 [INFO] WebApp:900 - Register for checkConnection events
2025-10-25 19:45:07,833 [INFO] WebApp:463 - Apply proxy settings
2025-10-25 19:45:07,834 [INFO] WebApp:548 - Chromium requires no authentication
2025-10-25 19:45:07,837 [INFO] WebApp:491 - Direct internet connection detected
2025-10-25 19:45:07,946 [WARN] PackLoader:240 - Cannot read IP mode file for STMicroelectronics.X-CUBE-PM33A1.1.0.0
2025-10-25 19:45:07,955 [WARN] PackLoader:240 - Cannot read IP mode file for STMicroelectronics.X-CUBE-GNSS1.6.0.0
2025-10-25 19:45:07,982 [WARN] PackLoader:240 - Cannot read IP mode file for STMicroelectronics.X-CUBE-AZRTOS-F4.1.1.0
2025-10-25 19:45:07,991 [WARN] PackLoader:240 - Cannot read IP mode file for Avnet-IotConnect.X-CUBE-IoTC-DA16k-PMOD.1.0.0
2025-10-25 19:45:07,997 [WARN] PackLoader:240 - Cannot read IP mode file for STMicroelectronics.X-CUBE-ISPU.2.1.0
2025-10-25 19:45:08,019 [WARN] PackLoader:240 - Cannot read IP mode file for STMicroelectronics.X-CUBE-IPS.3.2.0
2025-10-25 19:45:08,033 [WARN] PackLoader:240 - Cannot read IP mode file for STMicroelectronics.X-CUBE-FREERTOS.1.2.0
2025-10-25 19:45:08,040 [WARN] PackLoader:240 - Cannot read IP mode file for STMicroelectronics.X-CUBE-NFC12.1.0.0
2025-10-25 19:45:08,053 [WARN] PackLoader:240 - Cannot read IP mode file for STMicroelectronics.X-CUBE-AZRTOS-L5.2.0.0
2025-10-25 19:45:08,063 [WARN] PackLoader:240 - Cannot read IP mode file for STMicroelectronics.X-CUBE-NFC6.3.1.0
2025-10-25 19:45:08,069 [WARN] PackLoader:240 - Cannot read IP mode file for STMicroelectronics.X-CUBE-DPower.1.2.0
2025-10-25 19:45:08,074 [WARN] PackLoader:240 - Cannot read IP mode file for STMicroelectronics.X-CUBE-AI.9.0.0
2025-10-25 19:45:08,078 [WARN] PackLoader:240 - Cannot read IP mode file for STMicroelectronics.X-CUBE-FREERTOS.1.3.1
2025-10-25 19:45:08,084 [WARN] PackLoader:240 - Cannot read IP mode file for STMicroelectronics.X-CUBE-NFC7.1.0.1
2025-10-25 19:45:08,089 [WARN] PackLoader:240 - Cannot read IP mode file for wolfSSL.I-CUBE-wolfTPM.3.2.0
2025-10-25 19:45:08,096 [WARN] PackLoader:240 - Cannot read IP mode file for STMicroelectronics.X-CUBE-TOUCHGFX.4.26.0
2025-10-25 19:45:08,102 [WARN] PackLoader:240 - Cannot read IP mode file for STMicroelectronics.FP-SNS-STAIOTCFT.1.0.0
2025-10-25 19:45:08,109 [WARN] PackLoader:240 - Cannot read IP mode file for STMicroelectronics.X-CUBE-DPower.1.3.0
2025-10-25 19:45:08,123 [WARN] ConditionMgr:438 - getConditionDescription Invalid condition id : LAN8742 Phy interface Condition cause : null
2025-10-25 19:45:08,124 [WARN] PackLoader:240 - Cannot read IP mode file for STMicroelectronics.X-CUBE-AZRTOS-L4.2.0.0
2025-10-25 19:45:08,126 [WARN] ConditionMgr:1044 - genDependencies : Invalid condition id : LAN8742 Phy interface Condition cause : null
2025-10-25 19:45:08,126 [WARN] ConditionMgr:1044 - genDependencies : Invalid condition id : LAN8742 Phy interface Condition cause : null
2025-10-25 19:45:08,127 [WARN] ConditionMgr:1044 - genDependencies : Invalid condition id : LAN8742 Phy interface Condition cause : null
2025-10-25 19:45:08,135 [WARN] PackLoader:240 - Cannot read IP mode file for STMicroelectronics.X-CUBE-SFXS2LP1.4.0.0
2025-10-25 19:45:08,154 [WARN] PackLoader:240 - Cannot read IP mode file for STMicroelectronics.X-CUBE-AZRTOS-H7.3.3.0
2025-10-25 19:45:08,166 [WARN] PackLoader:240 - Cannot read IP mode file for STMicroelectronics.X-CUBE-BLEMGR.4.1.0
2025-10-25 19:45:08,183 [WARN] ConditionMgr:438 - getConditionDescription Invalid condition id : UX DEVICE CLASS RTOS Condition cause : null
2025-10-25 19:45:08,183 [WARN] ConditionMgr:438 - getConditionDescription Invalid condition id : UX DEVICE CLASS RTOS Condition cause : null
2025-10-25 19:45:08,185 [WARN] PackLoader:240 - Cannot read IP mode file for STMicroelectronics.X-CUBE-AZRTOS-WB.2.0.0
2025-10-25 19:45:08,186 [WARN] ConditionMgr:1044 - genDependencies : Invalid condition id : UX DEVICE CLASS RTOS Condition cause : null
2025-10-25 19:45:08,186 [WARN] ConditionMgr:1044 - genDependencies : Invalid condition id : UX DEVICE CLASS RTOS Condition cause : null
2025-10-25 19:45:08,186 [WARN] ConditionMgr:1044 - genDependencies : Invalid condition id : UX DEVICE CLASS RTOS Condition cause : null
2025-10-25 19:45:08,187 [WARN] ConditionMgr:1044 - genDependencies : Invalid condition id : UX DEVICE CLASS RTOS Condition cause : null
2025-10-25 19:45:08,187 [WARN] ConditionMgr:1044 - genDependencies : Invalid condition id : UX DEVICE CLASS RTOS Condition cause : null
2025-10-25 19:45:08,195 [WARN] PackLoader:240 - Cannot read IP mode file for STMicroelectronics.X-CUBE-GNSS1.7.0.0
2025-10-25 19:45:08,201 [WARN] PackLoader:240 - Cannot read IP mode file for STMicroelectronics.X-CUBE-GNSS1.7.0.1
2025-10-25 19:45:08,206 [WARN] PackLoader:240 - Cannot read IP mode file for STMicroelectronics.X-CUBE-TOUCHGFX.4.25.0
2025-10-25 19:45:08,212 [WARN] PackLoader:240 - Cannot read IP mode file for STMicroelectronics.FP-SNS-STBOX1.2.0.0
2025-10-25 19:45:08,218 [WARN] ConditionMgr:438 - getConditionDescription Invalid condition id : Cortex-A Device cause : null
2025-10-25 19:45:08,234 [WARN] ConditionMgr:1044 - genDependencies : Invalid condition id : Cortex-A Device cause : null
2025-10-25 19:45:08,234 [WARN] ConditionMgr:1044 - genDependencies : Invalid condition id : Cortex-A Device cause : null
2025-10-25 19:45:08,235 [WARN] ConditionMgr:1044 - genDependencies : Invalid condition id : Cortex-A Device cause : null
2025-10-25 19:45:08,244 [WARN] PackLoader:240 - Cannot read IP mode file for STMicroelectronics.X-CUBE-SUBG2.5.0.0
2025-10-25 19:45:08,265 [WARN] PackLoader:240 - Cannot read IP mode file for STMicroelectronics.X-CUBE-AZRTOS-H7RS.1.1.0
2025-10-25 19:45:08,273 [WARN] PackLoader:240 - Cannot read IP mode file for Cesanta.I-CUBE-Mongoose.7.13.0
2025-10-25 19:45:08,286 [INFO] WebApp:225 - Starting web application
2025-10-25 19:45:08,286 [INFO] WebApp:593 - Web application path used C:\ST\STM32CubeIDE_1.16.0\STM32CubeIDE\plugins\com.st.stm32cube.common.mx_6.15.0.202507011659\db\plugins\mcufinder\reactClient1\index.html
2025-10-25 19:45:08,293 [WARN] PackLoader:240 - Cannot read IP mode file for STMicroelectronics.X-CUBE-AZRTOS-G4.2.0.0
2025-10-25 19:45:08,301 [WARN] PackLoader:240 - Cannot read IP mode file for STMicroelectronics.X-CUBE-NFC7.2.0.0
2025-10-25 19:45:08,310 [WARN] PackLoader:240 - Cannot read IP mode file for STMicroelectronics.X-CUBE-ISPU.2.0.0
2025-10-25 19:45:08,324 [WARN] PackLoader:240 - Cannot read IP mode file for STMicroelectronics.X-CUBE-IPS.3.1.0
2025-10-25 19:45:08,347 [WARN] PackLoader:240 - Cannot read IP mode file for STMicroelectronics.X-CUBE-ALS.1.0.2
2025-10-25 19:45:08,377 [INFO] WebApp:191 - Connection restablished
2025-10-25 19:45:08,410 [WARN] PackLoader:240 - Cannot read IP mode file for STMicroelectronics.X-CUBE-MEMS1.10.0.0
2025-10-25 19:45:08,531 [WARN] PackLoader:240 - Cannot read IP mode file for STMicroelectronics.X-CUBE-TOUCHGFX.4.24.0
2025-10-25 19:45:08,537 [WARN] PackLoader:240 - Cannot read IP mode file for STMicroelectronics.X-CUBE-TOUCHGFX.4.24.1
2025-10-25 19:45:08,551 [WARN] PackLoader:240 - Cannot read IP mode file for STMicroelectronics.X-CUBE-STSE01.1.0.0
2025-10-25 19:45:08,563 [WARN] PackLoader:240 - Cannot read IP mode file for portGmbH.I-Cube-SoM-uGOAL.1.1.0
2025-10-25 19:45:08,583 [WARN] PackLoader:240 - Cannot read IP mode file for STMicroelectronics.X-CUBE-AZRTOS-H7RS.1.0.0
2025-10-25 19:45:08,592 [WARN] PackLoader:240 - Cannot read IP mode file for STMicroelectronics.FP-ATR-ASTRA1.2.0.0
2025-10-25 19:45:08,608 [WARN] PackLoader:240 - Cannot read IP mode file for STMicroelectronics.X-CUBE-TOF1.3.4.2
2025-10-25 19:45:08,631 [WARN] PackLoader:240 - Cannot read IP mode file for STMicroelectronics.X-CUBE-TOF1.3.4.3
2025-10-25 19:45:08,765 [WARN] PackLoader:240 - Cannot read IP mode file for STMicroelectronics.X-CUBE-TOF1.3.4.1
2025-10-25 19:45:08,908 [WARN] PackLoader:240 - Cannot read IP mode file for STMicroelectronics.X-CUBE-AZRTOS-H7.3.2.0
2025-10-25 19:45:08,928 [WARN] PackLoader:240 - Cannot read IP mode file for Infineon.AIROC-Wi-Fi-Bluetooth-STM32.1.6.0
2025-10-25 19:45:08,993 [WARN] PackLoader:240 - Cannot read IP mode file for wolfSSL.I-CUBE-wolfSSH.1.4.17
2025-10-25 19:45:08,995 [INFO] ThirdParty:978 - Integrity check success = true
2025-10-25 19:45:08,996 [INFO] IntegrityCheckThread:100 - exiting critical section [integrity check]
2025-10-25 19:45:08,996 [INFO] IntegrityCheckThread:103 - End integrity checks thread
2025-10-25 19:45:09,190 [INFO] UserAuth:487 - Internet connection configuration mode: 1
2025-10-25 19:45:24,087 [INFO] McuFinderGlobals:63 - Set McuFinder mode to 2 (CubeIDE integrated)
2025-10-25 19:45:24,095 [INFO] MainUpdater:2872 - connection check result : 10
2025-10-25 19:45:24,096 [INFO] MainUpdater:2872 - connection check result : 10
2025-10-25 19:45:24,140 [INFO] MicroXplorer:468 - Change Database Path : 
2025-10-25 19:45:24,140 [INFO] MicroXplorer:498 - Change Database Version : DB.6.0.150
2025-10-25 19:45:24,148 [WARN] ThirdParty:871 - waiting for thirdparty lock release [close project]
2025-10-25 19:45:24,148 [INFO] ThirdParty:873 - entering critical section [close project]
2025-10-25 19:45:24,150 [INFO] ThirdParty:883 - exiting critical section [close project]
2025-10-25 19:45:24,153 [INFO] PinOutPanel:1589 - setPackage(No Configuration,No Configuration)
2025-10-25 19:45:24,155 [INFO] UtilMem:75 - Begin LoadConfig() Used Memory: 210241120 Bytes (268435456)
2025-10-25 19:45:24,157 [INFO] MicroXplorer:468 - Change Database Path : 
2025-10-25 19:45:24,157 [INFO] MicroXplorer:498 - Change Database Version : DB.6.0.150
2025-10-25 19:45:24,158 [INFO] OpenFileManager:355 - Change cursor
2025-10-25 19:45:24,204 [INFO] Mcu:2029 - Initializing MCU STM32F303K(6-8)Tx STM32F303K8Tx STM32F303K8T6
2025-10-25 19:45:26,350 [INFO] Context:786 - Trying to add GPIOservice into a context  which must be forbidden
2025-10-25 19:45:27,043 [INFO] ImportTextPane:234 - (OptionalMessage_ERROR) Pin6 (VP_RIF_VS_RIF1) cannot be retrieved for this MCU
2025-10-25 19:45:27,315 [INFO] RtosManager:558 - Registered RTOS mode: class=CMSIS, group=RTOS, mode=CMSIS_V1, owner=FREERTOS
2025-10-25 19:45:27,315 [INFO] RtosManager:558 - Registered RTOS mode: class=CMSIS, group=RTOS2, mode=CMSIS_V2, owner=FREERTOS
2025-10-25 19:45:27,315 [INFO] RtosManager:558 - Registered RTOS mode: class=RTOS, group=Core, mode=CMSIS_V1, owner=FREERTOS
2025-10-25 19:45:27,315 [INFO] RtosManager:558 - Registered RTOS mode: class=RTOS, group=Core, mode=CMSIS_V2, owner=FREERTOS
2025-10-25 19:45:27,316 [WARN] ModelIntegratedComponent:184 - Missing modes for component STMicroelectronics:FreeRTOS:0.0.1:STMicroelectronics:RTOS:FreeRTOS:Core:::10.2.0:
2025-10-25 19:45:27,322 [WARN] ModelIntegratedComponent:63 - No mode defined for component null
2025-10-25 19:45:27,323 [WARN] ModelIntegratedComponent:63 - No mode defined for component null
2025-10-25 19:45:27,323 [WARN] ModelIntegratedComponent:63 - No mode defined for component null
2025-10-25 19:45:27,323 [WARN] ModelIntegratedComponent:63 - No mode defined for component null
2025-10-25 19:45:27,323 [WARN] ModelIntegratedComponent:63 - No mode defined for component null
2025-10-25 19:45:27,323 [WARN] ModelIntegratedComponent:63 - No mode defined for component null
2025-10-25 19:45:27,323 [WARN] ModelIntegratedComponent:63 - No mode defined for component null
2025-10-25 19:45:27,323 [WARN] ModelIntegratedComponent:63 - No mode defined for component null
2025-10-25 19:45:27,323 [WARN] ModelIntegratedComponent:63 - No mode defined for component null
2025-10-25 19:45:27,323 [WARN] ModelIntegratedComponent:63 - No mode defined for component null
2025-10-25 19:45:27,323 [WARN] ModelIntegratedComponent:63 - No mode defined for component null
2025-10-25 19:45:27,323 [WARN] ModelIntegratedComponent:63 - No mode defined for component null
2025-10-25 19:45:27,323 [WARN] ModelIntegratedComponent:63 - No mode defined for component null
2025-10-25 19:45:27,323 [WARN] ModelIntegratedComponent:63 - No mode defined for component null
2025-10-25 19:45:27,323 [WARN] ModelIntegratedComponent:63 - No mode defined for component null
2025-10-25 19:45:27,323 [WARN] ModelIntegratedComponent:63 - No mode defined for component null
2025-10-25 19:45:27,323 [WARN] ModelIntegratedComponent:63 - No mode defined for component null
2025-10-25 19:45:27,324 [WARN] ModelIntegratedComponent:63 - No mode defined for component null
2025-10-25 19:45:27,324 [WARN] ModelIntegratedComponent:63 - No mode defined for component null
2025-10-25 19:45:27,324 [WARN] ModelIntegratedComponent:63 - No mode defined for component null
2025-10-25 19:45:27,324 [WARN] ModelIntegratedComponent:63 - No mode defined for component null
2025-10-25 19:45:27,324 [WARN] ModelIntegratedComponent:63 - No mode defined for component null
2025-10-25 19:45:27,324 [WARN] ModelIntegratedComponent:63 - No mode defined for component null
2025-10-25 19:45:27,324 [WARN] ModelIntegratedComponent:63 - No mode defined for component null
2025-10-25 19:45:27,324 [WARN] ModelIntegratedComponent:63 - No mode defined for component null
2025-10-25 19:45:27,324 [WARN] ModelIntegratedComponent:63 - No mode defined for component null
2025-10-25 19:45:27,324 [WARN] ModelIntegratedComponent:63 - No mode defined for component null
2025-10-25 19:45:27,324 [WARN] ModelIntegratedComponent:63 - No mode defined for component null
2025-10-25 19:45:27,324 [WARN] ModelIntegratedComponent:63 - No mode defined for component null
2025-10-25 19:45:27,324 [WARN] ModelIntegratedComponent:63 - No mode defined for component null
2025-10-25 19:45:27,324 [WARN] ModelIntegratedComponent:63 - No mode defined for component null
2025-10-25 19:45:27,324 [WARN] ModelIntegratedComponent:63 - No mode defined for component null
2025-10-25 19:45:27,325 [WARN] ModelIntegratedComponent:63 - No mode defined for component null
2025-10-25 19:45:27,325 [WARN] ModelIntegratedComponent:63 - No mode defined for component null
2025-10-25 19:45:27,325 [WARN] ModelIntegratedComponent:63 - No mode defined for component null
2025-10-25 19:45:27,325 [WARN] ModelPack:524 - Component already loaded: STMicroelectronics:HAL Drivers:0.0.0:STMicroelectronics:Device:STMicro_Driver:XSPI:HAL::0.0.1:HAL_XSPI
2025-10-25 19:45:27,568 [INFO] ThirdPartyModel:298 - Start build external matchings
2025-10-25 19:45:28,719 [INFO] ThirdPartyModel:316 - End build external matchings
2025-10-25 19:45:29,108 [INFO] ApiDb:581 - Connected to CubeFinder SQLite database (C:\Users\rolni\.stmcufinder\plugins\mcufinder\mcu\cube-finder-db.db)
2025-10-25 19:45:29,203 [INFO] ApiDb:668 - CubeFinder database Data Model version=2.1
2025-10-25 19:45:29,204 [INFO] ApiDb:669 - CubeFinder database Configuration version=3.0.39
2025-10-25 19:45:29,204 [INFO] ApiDb:670 - CubeFinder database generation date=2025-08-25 (1756130511)
2025-10-25 19:45:29,204 [INFO] ApiDb:671 - CubeFinder database FW Pack versions=[FP-ATR-ASTRA1_V2.0.0, FP-SNS-FLIGHT1_V5.1.0, FP-SNS-MOTENV1_V5.0.0, FP-SNS-MOTENVWB1_V1.4.0, FP-SNS-SMARTAG2_V1.2.0, FP-SNS-STBOX1_V2.1.0, STM32Cube_FW_C0_V1.4.0, STM32Cube_FW_F4_V1.28.3, STM32Cube_FW_F7_V1.17.4, STM32Cube_FW_G0_V1.6.2, STM32Cube_FW_G4_V1.6.1, STM32Cube_FW_H5_V1.5.0, STM32Cube_FW_H7RS_V1.2.0, STM32Cube_FW_H7_V1.12.1, STM32Cube_FW_L0_V1.12.2, STM32Cube_FW_L4_V1.18.1, STM32Cube_FW_L5_V1.5.1, STM32Cube_FW_N6_V1.2.0, STM32Cube_FW_U0_V1.3.0, STM32Cube_FW_U3_V1.2.0, STM32Cube_FW_U5_V1.8.0, STM32Cube_FW_WB0_V1.3.0, STM32Cube_FW_WBA_V1.7.0, STM32Cube_FW_WB_V1.23.0, STM32Cube_FW_WL3_V1.2.0, STM32Cube_FW_WL_V1.3.1, X-CUBE-ALGOBUILD_V1.4.0, X-CUBE-ALS_V1.0.2, X-CUBE-AZRTOS-F4_V1.1.0, X-CUBE-AZRTOS-F7_V1.1.0, X-CUBE-AZRTOS-G0_V1.1.0, X-CUBE-AZRTOS-G4_V2.0.0, X-CUBE-AZRTOS-H7RS_V1.1.0, X-CUBE-AZRTOS-H7_V3.4.0, X-CUBE-AZRTOS-L4_V2.0.0, X-CUBE-AZRTOS-L5_V2.0.0, X-CUBE-AZRTOS-WB_V2.0.0, X-CUBE-AZRTOS-WL_V2.0.0, X-CUBE-BLE1_V7.1.0, X-CUBE-BLE2_V3.3.0, X-CUBE-BLEMGR_V4.1.0, X-CUBE-EEPRMA1_V5.2.0, X-CUBE-FREERTOS_V1.3.1, X-CUBE-GNSS1_V6.0.0, X-CUBE-MEMS1_V11.3.0, X-CUBE-NFC4_V3.0.0, X-CUBE-NFC7_V2.0.0, X-CUBE-SFXS2LP1_V4.0.0, X-CUBE-ST67W61_V1.0.0, X-CUBE-SUBG2_V5.0.0, X-CUBE-TOF1_V3.4.3]
2025-10-25 19:45:29,364 [INFO] DbBoardsSqlite:226 - include board P-NUCLEO-WB55-NUCLEO as a kit item of type 'Nucleo-64'
2025-10-25 19:45:29,364 [INFO] DbBoardsSqlite:226 - include board P-NUCLEO-WB55-USBDONGLE as a kit item of type 'Nucleo USB Dongle'
2025-10-25 19:45:29,366 [INFO] DbBoardsSqlite:226 - include board STEVAL-IDP005V1 as a kit item of type 'Evaluation Board'
2025-10-25 19:45:29,367 [INFO] DbBoardsSqlite:226 - include board STEVAL-IDP005V2 as a kit item of type 'Evaluation Board'
2025-10-25 19:45:30,102 [INFO] ApiDb:240 - Found 880 in-development CPN: [B-G473E-ZEST1S, B-WB1M-WPAN1, B-WBA5M-WPAN, B-WL5M-SUBG1, NUCLEO-C031C6, NUCLEO-C051C8, NUCLEO-C071RB, NUCLEO-C092RC, NUCLEO-H503RB, NUCLEO-H533RE, NUCLEO-H563ZI, NUCLEO-H7S3L8, NUCLEO-N657X0-Q, NUCLEO-U031R8, NUCLEO-U083RC, NUCLEO-U385RG-Q, NUCLEO-U545RE-Q, NUCLEO-U5A5ZJ-Q, NUCLEO-WB05KZ, NUCLEO-WB07CC, NUCLEO-WB09KE, NUCLEO-WBA52CG, NUCLEO-WBA55CG, NUCLEO-WL33CC1, NUCLEO-WL33CC2, STEVAL-PROTEUS1, STEVAL-SMARTAG2, STEVAL-STWINBX1, STM320518-EVAL, STM32C0116-DK, STM32C011D6Y3TR, STM32C011D6Y6TR, STM32C011F4P3, STM32C011F4P6, STM32C011F4U3, STM32C011F4U6TR, STM32C011F6P3, STM32C011F6P6, STM32C011F6U3, STM32C011F6U6TR, STM32C011J4M3, STM32C011J4M6, STM32C011J6M3, STM32C011J6M6, STM32C0316-DK, STM32C031C4T3, STM32C031C4T6, STM32C031C4U3, STM32C031C4U6, STM32C031C6T3, STM32C031C6T6, STM32C031C6U3, STM32C031C6U6, STM32C031F4P3, STM32C031F4P6, STM32C031F6P3, STM32C031F6P6, STM32C031G4U3, STM32C031G4U6, STM32C031G6U3, STM32C031G6U6, STM32C031K4T3, STM32C031K4T6, STM32C031K4U3, STM32C031K4U6, STM32C031K6T3, STM32C031K6T6, STM32C031K6U3, STM32C031K6U6, STM32C051C6T6, STM32C051C6U6, STM32C051C8T6, STM32C051C8U6, STM32C051D8Y6TR, STM32C051F6P6, STM32C051F8P6, STM32C051G6U6, STM32C051G8U6, STM32C051K6T6, STM32C051K6U6, STM32C051K8T6, STM32C071C8T6, STM32C071C8T6N, STM32C071C8U6, STM32C071C8U6N, STM32C071CBT6, STM32C071CBT6N, STM32C071CBU6, STM32C071CBU6N, STM32C071F8P6, STM32C071F8P6N, STM32C071FBP6, STM32C071FBP6N, STM32C071FBY6TR, STM32C071G8U6, STM32C071G8U6N, STM32C071GBU6, STM32C071GBU6N, STM32C071K8T6, STM32C071K8T6N, STM32C071K8U6, STM32C071K8U6N, STM32C071KBT6, STM32C071KBT6N, STM32C071KBU6, STM32C071KBU6N, STM32C071R8T6, STM32C071R8T6N, STM32C071RBI6N, STM32C071RBT6, STM32C071RBT6N, STM32C091CBT6, STM32C091CBU6, STM32C091CCT6, STM32C091CCU6, STM32C091ECY6TR, STM32C091FBP6, STM32C091FCP6, STM32C091GBU6, STM32C091GCU6, STM32C091KBT6, STM32C091KBU6, STM32C091KCT6, STM32C091KCU6, STM32C091RBT6, STM32C091RCI6, STM32C091RCT6, STM32C092CBT6, STM32C092CBU6, STM32C092CCT6, STM32C092CCU6, STM32C092ECY6TR, STM32C092FBP6, STM32C092FCP6, STM32C092GBU6, STM32C092GCU6, STM32C092KBT6, STM32C092KBU6, STM32C092KCT6, STM32C092KCU6, STM32C092RBT6, STM32C092RCI6, STM32C092RCT6, STM32G071K8TXN, STM32G071K8UXN, STM32G081GBU6N, STM32G081KBT6N, STM32G081KBUXN, STM32G0B1CCT6N, STM32G0B1KCT6, STM32G0B1NEY6TR, STM32G0B1RCT6N, STM32G0C1CCT6, STM32G0C1CCT6N, STM32G0C1CCU6N, STM32G0C1CET6N, STM32G0C1CEU6N, STM32G0C1KCT6, STM32G0C1NEY6TR, STM32G0C1RCI6N, STM32G0C1RCT6N, STM32G0C1REI6N, STM32G0C1RET6N, STM32G0C1VCI6, STM32G0C1VEI6, STM32G411C6T3, STM32G411C6T6, STM32G411C6U3, STM32G411C6U6, STM32G411C8T3, STM32G411C8T6, STM32G411C8U3, STM32G411C8U6, STM32G411CBT3, STM32G411CBT6, STM32G411CBU3, STM32G411CBU6, STM32G411K6T3, STM32G411K6T6, STM32G411K6U3, STM32G411K6U6, STM32G411K8T3, STM32G411K8T6, STM32G411K8U3, STM32G411K8U6, STM32G411KBT3, STM32G411KBT6, STM32G411KBU3, STM32G411KBU6, STM32G411M6T3, STM32G411M6T6, STM32G411M8T3, STM32G411M8T6, STM32G411MBT3, STM32G411MBT6, STM32G411R6T3, STM32G411R6T6, STM32G411R8T3, STM32G411R8T6, STM32G411RBT3, STM32G411RBT6, STM32G414CBT3, STM32G414CBT6, STM32G414CBU3, STM32G414CBU6, STM32G414CCT3, STM32G414CCT6, STM32G414CCU3, STM32G414CCU6, STM32G414MBT3, STM32G414MBT6, STM32G414MCT3, STM32G414MCT6, STM32G414RBT3, STM32G414RBT6, STM32G414RCT3, STM32G414RCT6, STM32G414VBT3, STM32G414VBT6, STM32G414VCT3, STM32G414VCT6, STM32G431CBT3Z, STM32G431RBT3Z, STM32G471CCT6, STM32G471CCU6, STM32G471CET3, STM32G471CET6, STM32G471CEU3, STM32G471CEU6, STM32G471MCT6, STM32G471MET3, STM32G471MET6, STM32G471MEY6TR, STM32G471QCT6, STM32G471QET3, STM32G471RCT6, STM32G471RET3, STM32G471RET6, STM32G471VCH6, STM32G471VCI6, STM32G471VCT6, STM32G471VEH3, STM32G471VEH6, STM32G471VEI3, STM32G471VEI6, STM32G471VET3, STM32G471VET6, STM32G473QET3Z, STM32G473RET3Z, STM32G474CCT6, STM32G491RET3Z, STM32H503CBT6, STM32H503CBU6, STM32H503EBY6TR, STM32H503KBU6, STM32H503RBT6, STM32H523CCT6, STM32H523CCU6, STM32H523CET6, STM32H523CEU6, STM32H523HEY6TR, STM32H523RCT6, STM32H523RET6, STM32H523VCI6, STM32H523VCT6, STM32H523VEI6, STM32H523VET6, STM32H523ZCJ6, STM32H523ZCT6, STM32H523ZEJ6, STM32H523ZET6, STM32H533CET6, STM32H533CEU6, STM32H533HEY6TR, STM32H533RET6, STM32H533VEI6, STM32H533VET6, STM32H533ZEJ6, STM32H533ZET6, STM32H562AGI6, STM32H562AII6, STM32H562IGK6, STM32H562IGT6, STM32H562IIK6, STM32H562IIT6, STM32H562RGT6, STM32H562RGV6, STM32H562RIT6, STM32H562RIV6, STM32H562VGT6, STM32H562VIT6, STM32H562ZGT6, STM32H562ZIT6, STM32H563AGI6, STM32H563AII3Q, STM32H563AII6, STM32H563IGK6, STM32H563IGT6, STM32H563IIK3Q, STM32H563IIK6, STM32H563IIT3Q, STM32H563IIT6, STM32H563MIY3QTR, STM32H563RGT6, STM32H563RGV6, STM32H563RIT6, STM32H563RIV6, STM32H563VGT6, STM32H563VIT3Q, STM32H563VIT6, STM32H563ZGT6, STM32H563ZIT3Q, STM32H563ZIT6, STM32H573AII3Q, STM32H573AII6, STM32H573I-DK, STM32H573IIK3Q, STM32H573IIK6, STM32H573IIT3Q, STM32H573IIT6, STM32H573MIY3QTR, STM32H573RIT6, STM32H573RIV6, STM32H573VIT3Q, STM32H573VIT6, STM32H573ZIT3Q, STM32H573ZIT6, STM32H7R3A8I6, STM32H7R3I8K6, STM32H7R3I8T6, STM32H7R3L8H6, STM32H7R3L8H6H, STM32H7R3R8V6, STM32H7R3V8H6, STM32H7R3V8T6, STM32H7R3V8Y6TR, STM32H7R3Z8J6, STM32H7R3Z8T6, STM32H7R7A8I6, STM32H7R7I8K6, STM32H7R7I8T6, STM32H7R7L8H6, STM32H7R7L8H6H, STM32H7R7Z8J6, STM32H7S3A8I6, STM32H7S3I8K6, STM32H7S3I8T6, STM32H7S3L8H6, STM32H7S3L8H6H, STM32H7S3R8V6, STM32H7S3V8H6, STM32H7S3V8T6, STM32H7S3V8Y6TR, STM32H7S3Z8J6, STM32H7S3Z8T6, STM32H7S78-DK, STM32H7S7A8I6, STM32H7S7I8K6, STM32H7S7I8T6, STM32H7S7L8H6, STM32H7S7L8H6H, STM32H7S7Z8J6, STM32L4R5QGI6STR, STM32MP131AAE3, STM32MP131AAF3, STM32MP131AAG3, STM32MP131CAE3, STM32MP131CAF3, STM32MP131CAG3, STM32MP131DAE7, STM32MP131DAF7, STM32MP131DAG7, STM32MP131FAE7, STM32MP131FAF7, STM32MP131FAG7, STM32MP133AAE3, STM32MP133AAF3, STM32MP133AAG3, STM32MP133CAE3, STM32MP133CAF3, STM32MP133CAG3, STM32MP133DAE7, STM32MP133DAF7, STM32MP133DAG7, STM32MP133FAE7, STM32MP133FAF7, STM32MP133FAG7, STM32MP135AAE3, STM32MP135AAF3, STM32MP135AAG3, STM32MP135CAE3, STM32MP135CAF3, STM32MP135CAG3, STM32MP135DAE7, STM32MP135DAF7, STM32MP135DAG7, STM32MP135F-DK, STM32MP135FAE7, STM32MP135FAF7, STM32MP135FAF7T, STM32MP135FAF7U, STM32MP135FAG7, STM32MP211AAL3, STM32MP211AAM3, STM32MP211AAN3, STM32MP211AAO3, STM32MP211CAL3, STM32MP211CAM3, STM32MP211CAN3, STM32MP211CAO3, STM32MP211DAL3, STM32MP211DAM3, STM32MP211DAN3, STM32MP211DAO3, STM32MP211FAL3, STM32MP211FAM3, STM32MP211FAN3, STM32MP211FAO3, STM32MP213AAL3, STM32MP213AAM3, STM32MP213AAN3, STM32MP213AAO3, STM32MP213CAL3, STM32MP213CAM3, STM32MP213CAN3, STM32MP213CAO3, STM32MP213DAL3, STM32MP213DAM3, STM32MP213DAN3, STM32MP213DAO3, STM32MP213FAL3, STM32MP213FAM3, STM32MP213FAN3, STM32MP213FAO3, STM32MP215AAL3, STM32MP215AAM3, STM32MP215AAN3, STM32MP215AAO3, STM32MP215CAL3, STM32MP215CAM3, STM32MP215CAN3, STM32MP215CAO3, STM32MP215DAL3, STM32MP215DAM3, STM32MP215DAN3, STM32MP215DAO3, STM32MP215F-DK, STM32MP215FAL3, STM32MP215FAM3, STM32MP215FAN3, STM32MP215FAO3, STM32MP231AAJ3, STM32MP231AAK3, STM32MP231AAL3, STM32MP231CAJ3, STM32MP231CAK3, STM32MP231CAL3, STM32MP231DAJ3, STM32MP231DAK3, STM32MP231DAL3, STM32MP231FAJ3, STM32MP231FAK3, STM32MP231FAL3, STM32MP233AAJ3, STM32MP233AAK3, STM32MP233AAL3, STM32MP233CAJ3, STM32MP233CAK3, STM32MP233CAL3, STM32MP233DAJ3, STM32MP233DAK3, STM32MP233DAL3, STM32MP233FAJ3, STM32MP233FAK3, STM32MP233FAL3, STM32MP235AAJ3, STM32MP235AAK3, STM32MP235AAL3, STM32MP235CAJ3, STM32MP235CAK3, STM32MP235CAL3, STM32MP235DAJ3, STM32MP235DAK3, STM32MP235DAL3, STM32MP235FAJ3, STM32MP235FAK3, STM32MP235FAL3, STM32MP251AAI3, STM32MP251AAK3, STM32MP251AAL3, STM32MP251CAI3, STM32MP251CAK3, STM32MP251CAL3, STM32MP251DAI3, STM32MP251DAK3, STM32MP251DAL3, STM32MP251FAI3, STM32MP251FAK3, STM32MP251FAL3, STM32MP253AAI3, STM32MP253AAK3, STM32MP253AAL3, STM32MP253CAI3, STM32MP253CAK3, STM32MP253CAL3, STM32MP253DAI3, STM32MP253DAK3, STM32MP253DAL3, STM32MP253FAI3, STM32MP253FAK3, STM32MP253FAL3, STM32MP255AAI3, STM32MP255AAK3, STM32MP255AAL3, STM32MP255CAI3, STM32MP255CAK3, STM32MP255CAL3, STM32MP255DAI3, STM32MP255DAK3, STM32MP255DAL3, STM32MP255FAI3, STM32MP255FAK3, STM32MP255FAL3, STM32MP257AAI3, STM32MP257AAK3, STM32MP257AAL3, STM32MP257CAI3, STM32MP257CAK3, STM32MP257CAL3, STM32MP257DAI3, STM32MP257DAK3, STM32MP257DAL3, STM32MP257F-DK, STM32MP257F-EV1, STM32MP257FAI3, STM32MP257FAK3, STM32MP257FAL3, STM32N645A0H3Q, STM32N645B0H3Q, STM32N645I0H3Q, STM32N645L0H3Q, STM32N645X0H3Q, STM32N645Z0H3Q, STM32N647A0H3Q, STM32N647B0H3Q, STM32N647I0H3Q, STM32N647L0H3Q, STM32N647X0H3Q, STM32N647Z0H3Q, STM32N655A0H3Q, STM32N655B0H3Q, STM32N655I0H3Q, STM32N655L0H3Q, STM32N655X0H3Q, STM32N655Z0H3Q, STM32N6570-DK, STM32N657A0H3Q, STM32N657B0H3Q, STM32N657I0H3Q, STM32N657L0H3Q, STM32N657X0H3Q, STM32N657Z0H3Q, STM32U031C6T6, STM32U031C6U6, STM32U031C8T6, STM32U031C8U6, STM32U031F4P6, STM32U031F6P6, STM32U031F8P6, STM32U031G6Y6TR, STM32U031G8Y6TR, STM32U031K4U6, STM32U031K6U6, STM32U031K8U6, STM32U031R6I6, STM32U031R6T6, STM32U031R8I6, STM32U031R8T6, STM32U073C8T6, STM32U073C8U6, STM32U073CBT6, STM32U073CBU6, STM32U073CCT6, STM32U073CCU6, STM32U073H8Y6TR, STM32U073HBY6TR, STM32U073HCY6TR, STM32U073K8U6, STM32U073KBU6, STM32U073KCU6, STM32U073M8I6, STM32U073M8T6, STM32U073MBI6, STM32U073MBT6, STM32U073MCI6, STM32U073MCT6, STM32U073R8I6, STM32U073R8T6, STM32U073RBI6, STM32U073RBT6, STM32U073RCI6, STM32U073RCT6, STM32U083C-DK, STM32U083CCT6, STM32U083CCU6, STM32U083HCY6TR, STM32U083KCU6, STM32U083MCI6, STM32U083MCT6, STM32U083RCI6, STM32U083RCT6, STM32U375CET6, STM32U375CET6Q, STM32U375CEU6, STM32U375CEU6Q, STM32U375CEY6QTR, STM32U375CGT6, STM32U375CGT6Q, STM32U375CGU6, STM32U375CGU6Q, STM32U375CGY6QTR, STM32U375KEU6, STM32U375KGU6, STM32U375REI6, STM32U375REI6Q, STM32U375RET6, STM32U375RET6Q, STM32U375REY6GTR, STM32U375REY6QTR, STM32U375RGI6, STM32U375RGI6Q, STM32U375RGT6, STM32U375RGT6Q, STM32U375RGY6GTR, STM32U375RGY6QTR, STM32U375VEI6, STM32U375VEI6Q, STM32U375VET6, STM32U375VET6Q, STM32U375VGI6, STM32U375VGI6Q, STM32U375VGT6, STM32U375VGT6Q, STM32U385CGT6, STM32U385CGT6Q, STM32U385CGU6, STM32U385CGU6Q, STM32U385CGY6QTR, STM32U385KGU6, STM32U385RGI6, STM32U385RGI6Q, STM32U385RGT6, STM32U385RGT6Q, STM32U385RGY6GTR, STM32U385RGY6QTR, STM32U385VGI6, STM32U385VGI6Q, STM32U385VGT6, STM32U385VGT6Q, STM32U535CBT6, STM32U535CBT6Q, STM32U535CBU6, STM32U535CBU6Q, STM32U535CCT6, STM32U535CCT6Q, STM32U535CCU6, STM32U535CCU6Q, STM32U535CET6, STM32U535CET6Q, STM32U535CEU6, STM32U535CEU6Q, STM32U535JEY6QTR, STM32U535NCY6QTR, STM32U535NEY6QTR, STM32U535RBI6, STM32U535RBI6Q, STM32U535RBT6, STM32U535RBT6Q, STM32U535RCI6, STM32U535RCI6Q, STM32U535RCT6, STM32U535RCT6Q, STM32U535REI6, STM32U535REI6Q, STM32U535RET6, STM32U535RET6Q, STM32U535VCI6, STM32U535VCI6Q, STM32U535VCT6, STM32U535VCT6Q, STM32U535VEI6, STM32U535VEI6Q, STM32U535VET6, STM32U535VET6Q, STM32U545CET6, STM32U545CET6Q, STM32U545CEU6, STM32U545CEU6Q, STM32U545JEY6QTR, STM32U545NEY6QTR, STM32U545REI6, STM32U545REI6Q, STM32U545RET6, STM32U545RET6Q, STM32U545VEI6, STM32U545VEI6Q, STM32U545VET6, STM32U545VET6Q, STM32U595AIH6, STM32U595AIH6Q, STM32U595AJH6, STM32U595AJH6Q, STM32U595QII6, STM32U595QII6Q, STM32U595QJI6, STM32U595QJI6Q, STM32U595RIT6, STM32U595RIT6Q, STM32U595RJT6, STM32U595RJT6Q, STM32U595VIT6, STM32U595VIT6Q, STM32U595VJT6, STM32U595VJT6Q, STM32U595ZIT6, STM32U595ZIT6Q, STM32U595ZIY6QTR, STM32U595ZJT6, STM32U595ZJT6Q, STM32U595ZJY6QTR, STM32U599BJY6QTR, STM32U599NIH6Q, STM32U599NJH6Q, STM32U599VIT6Q, STM32U599VJT6, STM32U599VJT6Q, STM32U599ZIT6Q, STM32U599ZIY6QTR, STM32U599ZJT6Q, STM32U599ZJY6QTR, STM32U5A5AJH6, STM32U5A5AJH6Q, STM32U5A5QII3Q , STM32U5A5QJI6, STM32U5A5QJI6Q, STM32U5A5RJT6, STM32U5A5RJT6Q, STM32U5A5VJT6, STM32U5A5VJT6Q, STM32U5A5ZJT6, STM32U5A5ZJT6Q, STM32U5A5ZJY6QTR, STM32U5A9BJY6QTR, STM32U5A9J-DK, STM32U5A9NJH6Q, STM32U5A9VJT6Q, STM32U5A9ZJT6Q, STM32U5A9ZJY6QTR, STM32U5F7VIT6, STM32U5F7VIT6Q, STM32U5F7VJT6, STM32U5F7VJT6Q, STM32U5F9BJY6QTR, STM32U5F9NJH6Q, STM32U5F9VIT6Q, STM32U5F9VJT6Q, STM32U5F9ZIJ6QTR, STM32U5F9ZIT6Q, STM32U5F9ZJJ6QTR, STM32U5F9ZJT6Q, STM32U5G7VJT6, STM32U5G7VJT6Q, STM32U5G9BJY6QTR, STM32U5G9J-DK1, STM32U5G9J-DK2, STM32U5G9NJH6Q, STM32U5G9VJT6Q, STM32U5G9ZJJ6QTR, STM32U5G9ZJT6Q, STM32WB05KZV6TR, STM32WB05KZV7TR, STM32WB05TZF6TR, STM32WB05TZF7TR, STM32WB06CCF6TR, STM32WB06CCF7TR, STM32WB06CCV6TR, STM32WB06CCV7TR, STM32WB06KCV6TR, STM32WB06KCV7TR, STM32WB07CCF6TR, STM32WB07CCF7TR, STM32WB07CCV6TR, STM32WB07CCV7TR, STM32WB07KCV6TR, STM32WB07KCV7TR, STM32WB09KEV6TR, STM32WB09KEV7TR, STM32WB09TEF6TR, STM32WB09TEF7TR, STM32WB1MMCH6, STM32WBA50KGU6, STM32WBA50KGU6TR, STM32WBA52CEU6, STM32WBA52CEU6TR, STM32WBA52CEU7, STM32WBA52CEU7TR, STM32WBA52CGU6, STM32WBA52CGU6TR, STM32WBA52CGU6U, STM32WBA52CGU7, STM32WBA52CGU7TR, STM32WBA52KEU6, STM32WBA52KEU6TR, STM32WBA52KGU6, STM32WBA52KGU6TR, STM32WBA54CEU6, STM32WBA54CEU6TR, STM32WBA54CEU7, STM32WBA54CEU7TR, STM32WBA54CGU6, STM32WBA54CGU6TR, STM32WBA54CGU7, STM32WBA54CGU7TR, STM32WBA54KEU6, STM32WBA54KEU6TR, STM32WBA54KEU7, STM32WBA54KEU7TR, STM32WBA54KGU6, STM32WBA54KGU6TR, STM32WBA54KGU7, STM32WBA54KGU7TR, STM32WBA55CEU6, STM32WBA55CEU6TR, STM32WBA55CEU7, STM32WBA55CEU7TR, STM32WBA55CGU6, STM32WBA55CGU6TR, STM32WBA55CGU6U, STM32WBA55CGU7, STM32WBA55CGU7TR, STM32WBA55G-DK1, STM32WBA55HEF6, STM32WBA55HEF7, STM32WBA55HGF6, STM32WBA55HGF7, STM32WBA55UEI6, STM32WBA55UEI6TR, STM32WBA55UEI7, STM32WBA55UEI7TR, STM32WBA55UGI6, STM32WBA55UGI6TR, STM32WBA55UGI7, STM32WBA55UGI7TR, STM32WBA5MMGH6TR, STM32WBA62MGF6, STM32WBA62MIF6, STM32WBA65MGF7, STM32WBA65MIF6, STM32WBA65MIF7, STM32WL30K8V6, STM32WL30KBV6, STM32WL31C8V6, STM32WL31CBV6, STM32WL31K8V6, STM32WL31KBV6, STM32WL33C8V6, STM32WL33C8V6X, STM32WL33CBV6, STM32WL33CBV6X, STM32WL33CCV6, STM32WL33CCV6A, STM32WL33CCV6X, STM32WL33K8V7, STM32WL33K8V7X, STM32WL33KBV7 , STM32WL33KBV7X, STM32WL33KCV7, STM32WL33KCV7X, STM32WL5MOCH6, STM32WL5MOCH6TR]
2025-10-25 19:45:30,498 [INFO] BoardInfo:889 - No configuration file found for board P-NUCLEO-WB55
2025-10-25 19:45:30,501 [INFO] DbBoards:161 - Kit is not supported: P-NUCLEO-WB55
2025-10-25 19:45:30,514 [INFO] BoardInfo:889 - No configuration file found for board STEVAL-BFA001V1B
2025-10-25 19:45:30,516 [INFO] DbBoards:161 - Kit is not supported: STEVAL-BFA001V1B
2025-10-25 19:45:30,518 [INFO] BoardInfo:889 - No configuration file found for board STEVAL-BFA001V2B
2025-10-25 19:45:30,520 [INFO] DbBoards:161 - Kit is not supported: STEVAL-BFA001V2B
2025-10-25 19:45:30,865 [INFO] DbBoards:168 - Found 212 boards, 209 are supported
2025-10-25 19:45:30,865 [INFO] DbBoards:169 - Found 212 boards, 43 of them is supported for  Bsp
2025-10-25 19:45:30,870 [INFO] ApiDb:668 - CubeFinder database Data Model version=2.1
2025-10-25 19:45:30,870 [INFO] ApiDb:669 - CubeFinder database Configuration version=3.0.39
2025-10-25 19:45:30,870 [INFO] ApiDb:670 - CubeFinder database generation date=2025-08-25 (1756130511)
2025-10-25 19:45:30,870 [INFO] ApiDb:671 - CubeFinder database FW Pack versions=[FP-ATR-ASTRA1_V2.0.0, FP-SNS-FLIGHT1_V5.1.0, FP-SNS-MOTENV1_V5.0.0, FP-SNS-MOTENVWB1_V1.4.0, FP-SNS-SMARTAG2_V1.2.0, FP-SNS-STBOX1_V2.1.0, STM32Cube_FW_C0_V1.4.0, STM32Cube_FW_F4_V1.28.3, STM32Cube_FW_F7_V1.17.4, STM32Cube_FW_G0_V1.6.2, STM32Cube_FW_G4_V1.6.1, STM32Cube_FW_H5_V1.5.0, STM32Cube_FW_H7RS_V1.2.0, STM32Cube_FW_H7_V1.12.1, STM32Cube_FW_L0_V1.12.2, STM32Cube_FW_L4_V1.18.1, STM32Cube_FW_L5_V1.5.1, STM32Cube_FW_N6_V1.2.0, STM32Cube_FW_U0_V1.3.0, STM32Cube_FW_U3_V1.2.0, STM32Cube_FW_U5_V1.8.0, STM32Cube_FW_WB0_V1.3.0, STM32Cube_FW_WBA_V1.7.0, STM32Cube_FW_WB_V1.23.0, STM32Cube_FW_WL3_V1.2.0, STM32Cube_FW_WL_V1.3.1, X-CUBE-ALGOBUILD_V1.4.0, X-CUBE-ALS_V1.0.2, X-CUBE-AZRTOS-F4_V1.1.0, X-CUBE-AZRTOS-F7_V1.1.0, X-CUBE-AZRTOS-G0_V1.1.0, X-CUBE-AZRTOS-G4_V2.0.0, X-CUBE-AZRTOS-H7RS_V1.1.0, X-CUBE-AZRTOS-H7_V3.4.0, X-CUBE-AZRTOS-L4_V2.0.0, X-CUBE-AZRTOS-L5_V2.0.0, X-CUBE-AZRTOS-WB_V2.0.0, X-CUBE-AZRTOS-WL_V2.0.0, X-CUBE-BLE1_V7.1.0, X-CUBE-BLE2_V3.3.0, X-CUBE-BLEMGR_V4.1.0, X-CUBE-EEPRMA1_V5.2.0, X-CUBE-FREERTOS_V1.3.1, X-CUBE-GNSS1_V6.0.0, X-CUBE-MEMS1_V11.3.0, X-CUBE-NFC4_V3.0.0, X-CUBE-NFC7_V2.0.0, X-CUBE-SFXS2LP1_V4.0.0, X-CUBE-ST67W61_V1.0.0, X-CUBE-SUBG2_V5.0.0, X-CUBE-TOF1_V3.4.3]
2025-10-25 19:45:33,482 [INFO] ApiDb:240 - Found 880 in-development CPN: [B-G473E-ZEST1S, B-WB1M-WPAN1, B-WBA5M-WPAN, B-WL5M-SUBG1, NUCLEO-C031C6, NUCLEO-C051C8, NUCLEO-C071RB, NUCLEO-C092RC, NUCLEO-H503RB, NUCLEO-H533RE, NUCLEO-H563ZI, NUCLEO-H7S3L8, NUCLEO-N657X0-Q, NUCLEO-U031R8, NUCLEO-U083RC, NUCLEO-U385RG-Q, NUCLEO-U545RE-Q, NUCLEO-U5A5ZJ-Q, NUCLEO-WB05KZ, NUCLEO-WB07CC, NUCLEO-WB09KE, NUCLEO-WBA52CG, NUCLEO-WBA55CG, NUCLEO-WL33CC1, NUCLEO-WL33CC2, STEVAL-PROTEUS1, STEVAL-SMARTAG2, STEVAL-STWINBX1, STM320518-EVAL, STM32C0116-DK, STM32C011D6Y3TR, STM32C011D6Y6TR, STM32C011F4P3, STM32C011F4P6, STM32C011F4U3, STM32C011F4U6TR, STM32C011F6P3, STM32C011F6P6, STM32C011F6U3, STM32C011F6U6TR, STM32C011J4M3, STM32C011J4M6, STM32C011J6M3, STM32C011J6M6, STM32C0316-DK, STM32C031C4T3, STM32C031C4T6, STM32C031C4U3, STM32C031C4U6, STM32C031C6T3, STM32C031C6T6, STM32C031C6U3, STM32C031C6U6, STM32C031F4P3, STM32C031F4P6, STM32C031F6P3, STM32C031F6P6, STM32C031G4U3, STM32C031G4U6, STM32C031G6U3, STM32C031G6U6, STM32C031K4T3, STM32C031K4T6, STM32C031K4U3, STM32C031K4U6, STM32C031K6T3, STM32C031K6T6, STM32C031K6U3, STM32C031K6U6, STM32C051C6T6, STM32C051C6U6, STM32C051C8T6, STM32C051C8U6, STM32C051D8Y6TR, STM32C051F6P6, STM32C051F8P6, STM32C051G6U6, STM32C051G8U6, STM32C051K6T6, STM32C051K6U6, STM32C051K8T6, STM32C071C8T6, STM32C071C8T6N, STM32C071C8U6, STM32C071C8U6N, STM32C071CBT6, STM32C071CBT6N, STM32C071CBU6, STM32C071CBU6N, STM32C071F8P6, STM32C071F8P6N, STM32C071FBP6, STM32C071FBP6N, STM32C071FBY6TR, STM32C071G8U6, STM32C071G8U6N, STM32C071GBU6, STM32C071GBU6N, STM32C071K8T6, STM32C071K8T6N, STM32C071K8U6, STM32C071K8U6N, STM32C071KBT6, STM32C071KBT6N, STM32C071KBU6, STM32C071KBU6N, STM32C071R8T6, STM32C071R8T6N, STM32C071RBI6N, STM32C071RBT6, STM32C071RBT6N, STM32C091CBT6, STM32C091CBU6, STM32C091CCT6, STM32C091CCU6, STM32C091ECY6TR, STM32C091FBP6, STM32C091FCP6, STM32C091GBU6, STM32C091GCU6, STM32C091KBT6, STM32C091KBU6, STM32C091KCT6, STM32C091KCU6, STM32C091RBT6, STM32C091RCI6, STM32C091RCT6, STM32C092CBT6, STM32C092CBU6, STM32C092CCT6, STM32C092CCU6, STM32C092ECY6TR, STM32C092FBP6, STM32C092FCP6, STM32C092GBU6, STM32C092GCU6, STM32C092KBT6, STM32C092KBU6, STM32C092KCT6, STM32C092KCU6, STM32C092RBT6, STM32C092RCI6, STM32C092RCT6, STM32G071K8TXN, STM32G071K8UXN, STM32G081GBU6N, STM32G081KBT6N, STM32G081KBUXN, STM32G0B1CCT6N, STM32G0B1KCT6, STM32G0B1NEY6TR, STM32G0B1RCT6N, STM32G0C1CCT6, STM32G0C1CCT6N, STM32G0C1CCU6N, STM32G0C1CET6N, STM32G0C1CEU6N, STM32G0C1KCT6, STM32G0C1NEY6TR, STM32G0C1RCI6N, STM32G0C1RCT6N, STM32G0C1REI6N, STM32G0C1RET6N, STM32G0C1VCI6, STM32G0C1VEI6, STM32G411C6T3, STM32G411C6T6, STM32G411C6U3, STM32G411C6U6, STM32G411C8T3, STM32G411C8T6, STM32G411C8U3, STM32G411C8U6, STM32G411CBT3, STM32G411CBT6, STM32G411CBU3, STM32G411CBU6, STM32G411K6T3, STM32G411K6T6, STM32G411K6U3, STM32G411K6U6, STM32G411K8T3, STM32G411K8T6, STM32G411K8U3, STM32G411K8U6, STM32G411KBT3, STM32G411KBT6, STM32G411KBU3, STM32G411KBU6, STM32G411M6T3, STM32G411M6T6, STM32G411M8T3, STM32G411M8T6, STM32G411MBT3, STM32G411MBT6, STM32G411R6T3, STM32G411R6T6, STM32G411R8T3, STM32G411R8T6, STM32G411RBT3, STM32G411RBT6, STM32G414CBT3, STM32G414CBT6, STM32G414CBU3, STM32G414CBU6, STM32G414CCT3, STM32G414CCT6, STM32G414CCU3, STM32G414CCU6, STM32G414MBT3, STM32G414MBT6, STM32G414MCT3, STM32G414MCT6, STM32G414RBT3, STM32G414RBT6, STM32G414RCT3, STM32G414RCT6, STM32G414VBT3, STM32G414VBT6, STM32G414VCT3, STM32G414VCT6, STM32G431CBT3Z, STM32G431RBT3Z, STM32G471CCT6, STM32G471CCU6, STM32G471CET3, STM32G471CET6, STM32G471CEU3, STM32G471CEU6, STM32G471MCT6, STM32G471MET3, STM32G471MET6, STM32G471MEY6TR, STM32G471QCT6, STM32G471QET3, STM32G471RCT6, STM32G471RET3, STM32G471RET6, STM32G471VCH6, STM32G471VCI6, STM32G471VCT6, STM32G471VEH3, STM32G471VEH6, STM32G471VEI3, STM32G471VEI6, STM32G471VET3, STM32G471VET6, STM32G473QET3Z, STM32G473RET3Z, STM32G474CCT6, STM32G491RET3Z, STM32H503CBT6, STM32H503CBU6, STM32H503EBY6TR, STM32H503KBU6, STM32H503RBT6, STM32H523CCT6, STM32H523CCU6, STM32H523CET6, STM32H523CEU6, STM32H523HEY6TR, STM32H523RCT6, STM32H523RET6, STM32H523VCI6, STM32H523VCT6, STM32H523VEI6, STM32H523VET6, STM32H523ZCJ6, STM32H523ZCT6, STM32H523ZEJ6, STM32H523ZET6, STM32H533CET6, STM32H533CEU6, STM32H533HEY6TR, STM32H533RET6, STM32H533VEI6, STM32H533VET6, STM32H533ZEJ6, STM32H533ZET6, STM32H562AGI6, STM32H562AII6, STM32H562IGK6, STM32H562IGT6, STM32H562IIK6, STM32H562IIT6, STM32H562RGT6, STM32H562RGV6, STM32H562RIT6, STM32H562RIV6, STM32H562VGT6, STM32H562VIT6, STM32H562ZGT6, STM32H562ZIT6, STM32H563AGI6, STM32H563AII3Q, STM32H563AII6, STM32H563IGK6, STM32H563IGT6, STM32H563IIK3Q, STM32H563IIK6, STM32H563IIT3Q, STM32H563IIT6, STM32H563MIY3QTR, STM32H563RGT6, STM32H563RGV6, STM32H563RIT6, STM32H563RIV6, STM32H563VGT6, STM32H563VIT3Q, STM32H563VIT6, STM32H563ZGT6, STM32H563ZIT3Q, STM32H563ZIT6, STM32H573AII3Q, STM32H573AII6, STM32H573I-DK, STM32H573IIK3Q, STM32H573IIK6, STM32H573IIT3Q, STM32H573IIT6, STM32H573MIY3QTR, STM32H573RIT6, STM32H573RIV6, STM32H573VIT3Q, STM32H573VIT6, STM32H573ZIT3Q, STM32H573ZIT6, STM32H7R3A8I6, STM32H7R3I8K6, STM32H7R3I8T6, STM32H7R3L8H6, STM32H7R3L8H6H, STM32H7R3R8V6, STM32H7R3V8H6, STM32H7R3V8T6, STM32H7R3V8Y6TR, STM32H7R3Z8J6, STM32H7R3Z8T6, STM32H7R7A8I6, STM32H7R7I8K6, STM32H7R7I8T6, STM32H7R7L8H6, STM32H7R7L8H6H, STM32H7R7Z8J6, STM32H7S3A8I6, STM32H7S3I8K6, STM32H7S3I8T6, STM32H7S3L8H6, STM32H7S3L8H6H, STM32H7S3R8V6, STM32H7S3V8H6, STM32H7S3V8T6, STM32H7S3V8Y6TR, STM32H7S3Z8J6, STM32H7S3Z8T6, STM32H7S78-DK, STM32H7S7A8I6, STM32H7S7I8K6, STM32H7S7I8T6, STM32H7S7L8H6, STM32H7S7L8H6H, STM32H7S7Z8J6, STM32L4R5QGI6STR, STM32MP131AAE3, STM32MP131AAF3, STM32MP131AAG3, STM32MP131CAE3, STM32MP131CAF3, STM32MP131CAG3, STM32MP131DAE7, STM32MP131DAF7, STM32MP131DAG7, STM32MP131FAE7, STM32MP131FAF7, STM32MP131FAG7, STM32MP133AAE3, STM32MP133AAF3, STM32MP133AAG3, STM32MP133CAE3, STM32MP133CAF3, STM32MP133CAG3, STM32MP133DAE7, STM32MP133DAF7, STM32MP133DAG7, STM32MP133FAE7, STM32MP133FAF7, STM32MP133FAG7, STM32MP135AAE3, STM32MP135AAF3, STM32MP135AAG3, STM32MP135CAE3, STM32MP135CAF3, STM32MP135CAG3, STM32MP135DAE7, STM32MP135DAF7, STM32MP135DAG7, STM32MP135F-DK, STM32MP135FAE7, STM32MP135FAF7, STM32MP135FAF7T, STM32MP135FAF7U, STM32MP135FAG7, STM32MP211AAL3, STM32MP211AAM3, STM32MP211AAN3, STM32MP211AAO3, STM32MP211CAL3, STM32MP211CAM3, STM32MP211CAN3, STM32MP211CAO3, STM32MP211DAL3, STM32MP211DAM3, STM32MP211DAN3, STM32MP211DAO3, STM32MP211FAL3, STM32MP211FAM3, STM32MP211FAN3, STM32MP211FAO3, STM32MP213AAL3, STM32MP213AAM3, STM32MP213AAN3, STM32MP213AAO3, STM32MP213CAL3, STM32MP213CAM3, STM32MP213CAN3, STM32MP213CAO3, STM32MP213DAL3, STM32MP213DAM3, STM32MP213DAN3, STM32MP213DAO3, STM32MP213FAL3, STM32MP213FAM3, STM32MP213FAN3, STM32MP213FAO3, STM32MP215AAL3, STM32MP215AAM3, STM32MP215AAN3, STM32MP215AAO3, STM32MP215CAL3, STM32MP215CAM3, STM32MP215CAN3, STM32MP215CAO3, STM32MP215DAL3, STM32MP215DAM3, STM32MP215DAN3, STM32MP215DAO3, STM32MP215F-DK, STM32MP215FAL3, STM32MP215FAM3, STM32MP215FAN3, STM32MP215FAO3, STM32MP231AAJ3, STM32MP231AAK3, STM32MP231AAL3, STM32MP231CAJ3, STM32MP231CAK3, STM32MP231CAL3, STM32MP231DAJ3, STM32MP231DAK3, STM32MP231DAL3, STM32MP231FAJ3, STM32MP231FAK3, STM32MP231FAL3, STM32MP233AAJ3, STM32MP233AAK3, STM32MP233AAL3, STM32MP233CAJ3, STM32MP233CAK3, STM32MP233CAL3, STM32MP233DAJ3, STM32MP233DAK3, STM32MP233DAL3, STM32MP233FAJ3, STM32MP233FAK3, STM32MP233FAL3, STM32MP235AAJ3, STM32MP235AAK3, STM32MP235AAL3, STM32MP235CAJ3, STM32MP235CAK3, STM32MP235CAL3, STM32MP235DAJ3, STM32MP235DAK3, STM32MP235DAL3, STM32MP235FAJ3, STM32MP235FAK3, STM32MP235FAL3, STM32MP251AAI3, STM32MP251AAK3, STM32MP251AAL3, STM32MP251CAI3, STM32MP251CAK3, STM32MP251CAL3, STM32MP251DAI3, STM32MP251DAK3, STM32MP251DAL3, STM32MP251FAI3, STM32MP251FAK3, STM32MP251FAL3, STM32MP253AAI3, STM32MP253AAK3, STM32MP253AAL3, STM32MP253CAI3, STM32MP253CAK3, STM32MP253CAL3, STM32MP253DAI3, STM32MP253DAK3, STM32MP253DAL3, STM32MP253FAI3, STM32MP253FAK3, STM32MP253FAL3, STM32MP255AAI3, STM32MP255AAK3, STM32MP255AAL3, STM32MP255CAI3, STM32MP255CAK3, STM32MP255CAL3, STM32MP255DAI3, STM32MP255DAK3, STM32MP255DAL3, STM32MP255FAI3, STM32MP255FAK3, STM32MP255FAL3, STM32MP257AAI3, STM32MP257AAK3, STM32MP257AAL3, STM32MP257CAI3, STM32MP257CAK3, STM32MP257CAL3, STM32MP257DAI3, STM32MP257DAK3, STM32MP257DAL3, STM32MP257F-DK, STM32MP257F-EV1, STM32MP257FAI3, STM32MP257FAK3, STM32MP257FAL3, STM32N645A0H3Q, STM32N645B0H3Q, STM32N645I0H3Q, STM32N645L0H3Q, STM32N645X0H3Q, STM32N645Z0H3Q, STM32N647A0H3Q, STM32N647B0H3Q, STM32N647I0H3Q, STM32N647L0H3Q, STM32N647X0H3Q, STM32N647Z0H3Q, STM32N655A0H3Q, STM32N655B0H3Q, STM32N655I0H3Q, STM32N655L0H3Q, STM32N655X0H3Q, STM32N655Z0H3Q, STM32N6570-DK, STM32N657A0H3Q, STM32N657B0H3Q, STM32N657I0H3Q, STM32N657L0H3Q, STM32N657X0H3Q, STM32N657Z0H3Q, STM32U031C6T6, STM32U031C6U6, STM32U031C8T6, STM32U031C8U6, STM32U031F4P6, STM32U031F6P6, STM32U031F8P6, STM32U031G6Y6TR, STM32U031G8Y6TR, STM32U031K4U6, STM32U031K6U6, STM32U031K8U6, STM32U031R6I6, STM32U031R6T6, STM32U031R8I6, STM32U031R8T6, STM32U073C8T6, STM32U073C8U6, STM32U073CBT6, STM32U073CBU6, STM32U073CCT6, STM32U073CCU6, STM32U073H8Y6TR, STM32U073HBY6TR, STM32U073HCY6TR, STM32U073K8U6, STM32U073KBU6, STM32U073KCU6, STM32U073M8I6, STM32U073M8T6, STM32U073MBI6, STM32U073MBT6, STM32U073MCI6, STM32U073MCT6, STM32U073R8I6, STM32U073R8T6, STM32U073RBI6, STM32U073RBT6, STM32U073RCI6, STM32U073RCT6, STM32U083C-DK, STM32U083CCT6, STM32U083CCU6, STM32U083HCY6TR, STM32U083KCU6, STM32U083MCI6, STM32U083MCT6, STM32U083RCI6, STM32U083RCT6, STM32U375CET6, STM32U375CET6Q, STM32U375CEU6, STM32U375CEU6Q, STM32U375CEY6QTR, STM32U375CGT6, STM32U375CGT6Q, STM32U375CGU6, STM32U375CGU6Q, STM32U375CGY6QTR, STM32U375KEU6, STM32U375KGU6, STM32U375REI6, STM32U375REI6Q, STM32U375RET6, STM32U375RET6Q, STM32U375REY6GTR, STM32U375REY6QTR, STM32U375RGI6, STM32U375RGI6Q, STM32U375RGT6, STM32U375RGT6Q, STM32U375RGY6GTR, STM32U375RGY6QTR, STM32U375VEI6, STM32U375VEI6Q, STM32U375VET6, STM32U375VET6Q, STM32U375VGI6, STM32U375VGI6Q, STM32U375VGT6, STM32U375VGT6Q, STM32U385CGT6, STM32U385CGT6Q, STM32U385CGU6, STM32U385CGU6Q, STM32U385CGY6QTR, STM32U385KGU6, STM32U385RGI6, STM32U385RGI6Q, STM32U385RGT6, STM32U385RGT6Q, STM32U385RGY6GTR, STM32U385RGY6QTR, STM32U385VGI6, STM32U385VGI6Q, STM32U385VGT6, STM32U385VGT6Q, STM32U535CBT6, STM32U535CBT6Q, STM32U535CBU6, STM32U535CBU6Q, STM32U535CCT6, STM32U535CCT6Q, STM32U535CCU6, STM32U535CCU6Q, STM32U535CET6, STM32U535CET6Q, STM32U535CEU6, STM32U535CEU6Q, STM32U535JEY6QTR, STM32U535NCY6QTR, STM32U535NEY6QTR, STM32U535RBI6, STM32U535RBI6Q, STM32U535RBT6, STM32U535RBT6Q, STM32U535RCI6, STM32U535RCI6Q, STM32U535RCT6, STM32U535RCT6Q, STM32U535REI6, STM32U535REI6Q, STM32U535RET6, STM32U535RET6Q, STM32U535VCI6, STM32U535VCI6Q, STM32U535VCT6, STM32U535VCT6Q, STM32U535VEI6, STM32U535VEI6Q, STM32U535VET6, STM32U535VET6Q, STM32U545CET6, STM32U545CET6Q, STM32U545CEU6, STM32U545CEU6Q, STM32U545JEY6QTR, STM32U545NEY6QTR, STM32U545REI6, STM32U545REI6Q, STM32U545RET6, STM32U545RET6Q, STM32U545VEI6, STM32U545VEI6Q, STM32U545VET6, STM32U545VET6Q, STM32U595AIH6, STM32U595AIH6Q, STM32U595AJH6, STM32U595AJH6Q, STM32U595QII6, STM32U595QII6Q, STM32U595QJI6, STM32U595QJI6Q, STM32U595RIT6, STM32U595RIT6Q, STM32U595RJT6, STM32U595RJT6Q, STM32U595VIT6, STM32U595VIT6Q, STM32U595VJT6, STM32U595VJT6Q, STM32U595ZIT6, STM32U595ZIT6Q, STM32U595ZIY6QTR, STM32U595ZJT6, STM32U595ZJT6Q, STM32U595ZJY6QTR, STM32U599BJY6QTR, STM32U599NIH6Q, STM32U599NJH6Q, STM32U599VIT6Q, STM32U599VJT6, STM32U599VJT6Q, STM32U599ZIT6Q, STM32U599ZIY6QTR, STM32U599ZJT6Q, STM32U599ZJY6QTR, STM32U5A5AJH6, STM32U5A5AJH6Q, STM32U5A5QII3Q , STM32U5A5QJI6, STM32U5A5QJI6Q, STM32U5A5RJT6, STM32U5A5RJT6Q, STM32U5A5VJT6, STM32U5A5VJT6Q, STM32U5A5ZJT6, STM32U5A5ZJT6Q, STM32U5A5ZJY6QTR, STM32U5A9BJY6QTR, STM32U5A9J-DK, STM32U5A9NJH6Q, STM32U5A9VJT6Q, STM32U5A9ZJT6Q, STM32U5A9ZJY6QTR, STM32U5F7VIT6, STM32U5F7VIT6Q, STM32U5F7VJT6, STM32U5F7VJT6Q, STM32U5F9BJY6QTR, STM32U5F9NJH6Q, STM32U5F9VIT6Q, STM32U5F9VJT6Q, STM32U5F9ZIJ6QTR, STM32U5F9ZIT6Q, STM32U5F9ZJJ6QTR, STM32U5F9ZJT6Q, STM32U5G7VJT6, STM32U5G7VJT6Q, STM32U5G9BJY6QTR, STM32U5G9J-DK1, STM32U5G9J-DK2, STM32U5G9NJH6Q, STM32U5G9VJT6Q, STM32U5G9ZJJ6QTR, STM32U5G9ZJT6Q, STM32WB05KZV6TR, STM32WB05KZV7TR, STM32WB05TZF6TR, STM32WB05TZF7TR, STM32WB06CCF6TR, STM32WB06CCF7TR, STM32WB06CCV6TR, STM32WB06CCV7TR, STM32WB06KCV6TR, STM32WB06KCV7TR, STM32WB07CCF6TR, STM32WB07CCF7TR, STM32WB07CCV6TR, STM32WB07CCV7TR, STM32WB07KCV6TR, STM32WB07KCV7TR, STM32WB09KEV6TR, STM32WB09KEV7TR, STM32WB09TEF6TR, STM32WB09TEF7TR, STM32WB1MMCH6, STM32WBA50KGU6, STM32WBA50KGU6TR, STM32WBA52CEU6, STM32WBA52CEU6TR, STM32WBA52CEU7, STM32WBA52CEU7TR, STM32WBA52CGU6, STM32WBA52CGU6TR, STM32WBA52CGU6U, STM32WBA52CGU7, STM32WBA52CGU7TR, STM32WBA52KEU6, STM32WBA52KEU6TR, STM32WBA52KGU6, STM32WBA52KGU6TR, STM32WBA54CEU6, STM32WBA54CEU6TR, STM32WBA54CEU7, STM32WBA54CEU7TR, STM32WBA54CGU6, STM32WBA54CGU6TR, STM32WBA54CGU7, STM32WBA54CGU7TR, STM32WBA54KEU6, STM32WBA54KEU6TR, STM32WBA54KEU7, STM32WBA54KEU7TR, STM32WBA54KGU6, STM32WBA54KGU6TR, STM32WBA54KGU7, STM32WBA54KGU7TR, STM32WBA55CEU6, STM32WBA55CEU6TR, STM32WBA55CEU7, STM32WBA55CEU7TR, STM32WBA55CGU6, STM32WBA55CGU6TR, STM32WBA55CGU6U, STM32WBA55CGU7, STM32WBA55CGU7TR, STM32WBA55G-DK1, STM32WBA55HEF6, STM32WBA55HEF7, STM32WBA55HGF6, STM32WBA55HGF7, STM32WBA55UEI6, STM32WBA55UEI6TR, STM32WBA55UEI7, STM32WBA55UEI7TR, STM32WBA55UGI6, STM32WBA55UGI6TR, STM32WBA55UGI7, STM32WBA55UGI7TR, STM32WBA5MMGH6TR, STM32WBA62MGF6, STM32WBA62MIF6, STM32WBA65MGF7, STM32WBA65MIF6, STM32WBA65MIF7, STM32WL30K8V6, STM32WL30KBV6, STM32WL31C8V6, STM32WL31CBV6, STM32WL31K8V6, STM32WL31KBV6, STM32WL33C8V6, STM32WL33C8V6X, STM32WL33CBV6, STM32WL33CBV6X, STM32WL33CCV6, STM32WL33CCV6A, STM32WL33CCV6X, STM32WL33K8V7, STM32WL33K8V7X, STM32WL33KBV7 , STM32WL33KBV7X, STM32WL33KCV7, STM32WL33KCV7X, STM32WL5MOCH6, STM32WL5MOCH6TR]
2025-10-25 19:45:33,489 [INFO] DbMcus:218 - Found 4801 MCUs, 4801 are supported
2025-10-25 19:45:33,499 [INFO] ApiDb:423 - Load user favorites file C:\Users\rolni/.stm32cubeide/favorites.mcus.txt: 3 item(s)
2025-10-25 19:45:33,499 [INFO] ApiDb:427 - User favorites MCUs=[STM32F303K8T6, STM32F413ZHT6, STM32H755ZIT6]
2025-10-25 19:45:33,499 [INFO] DbMcus:224 - Set 3 / 3 favorites MCUs
2025-10-25 19:45:34,274 [INFO] ApiDb:423 - Load user favorites file C:\Users\rolni/.stm32cubeide/favorites.boards.txt: 1 item(s)
2025-10-25 19:45:34,274 [INFO] ApiDb:427 - User favorites Boards=[NUCLEO-F413ZH]
2025-10-25 19:45:34,275 [INFO] DbBoards:198 - Set 1 / 1 favorites Boards
2025-10-25 19:45:34,357 [INFO] UtilMem:75 - End LoadConfig() Used Memory: 301579488 Bytes (352321536)
2025-10-25 19:45:34,609 [WARN] ThirdParty:833 - waiting for thirdparty lock release [change project]
2025-10-25 19:45:34,610 [INFO] ThirdParty:835 - entering critical section [change project]
2025-10-25 19:45:34,610 [INFO] ThirdParty:1030 - CMSIS Pack Vendor :STMicroelectronics X-CUBE-PM33A1 1.0.0
2025-10-25 19:45:34,610 [INFO] ThirdParty:1030 - CMSIS Pack Vendor :STMicroelectronics USBPD 4.1
2025-10-25 19:45:34,610 [INFO] ThirdParty:1030 - CMSIS Pack Vendor :STMicroelectronics X-CUBE-GNSS1 6.0.0
2025-10-25 19:45:34,611 [INFO] ThirdParty:1030 - CMSIS Pack Vendor :STMicroelectronics USB_HOST 2.0.0
2025-10-25 19:45:34,611 [INFO] ThirdParty:1030 - CMSIS Pack Vendor :STMicroelectronics FP-SNS-MOTENVWB1 1.4.0
2025-10-25 19:45:34,611 [INFO] ThirdParty:1030 - CMSIS Pack Vendor :STMicroelectronics X-CUBE-AZRTOS-F4 1.1.0
2025-10-25 19:45:34,611 [INFO] ThirdParty:1030 - CMSIS Pack Vendor :STMicroelectronics LIBJPEG 8.0.0
2025-10-25 19:45:34,611 [INFO] ThirdParty:1030 - CMSIS Pack Vendor :STMicroelectronics FP-ATR-ASTRA1 2.0.2
2025-10-25 19:45:34,611 [INFO] ThirdParty:1030 - CMSIS Pack Vendor :Avnet-IotConnect X-CUBE-IoTC-DA16k-PMOD 1.0.0
2025-10-25 19:45:34,611 [INFO] ThirdParty:1030 - CMSIS Pack Vendor :STMicroelectronics X-CUBE-SMBUS 2.1.0
2025-10-25 19:45:34,612 [INFO] ThirdParty:1030 - CMSIS Pack Vendor :STMicroelectronics X-CUBE-ISPU 2.1.0
2025-10-25 19:45:34,612 [INFO] ThirdParty:1030 - CMSIS Pack Vendor :STMicroelectronics X-CUBE-IPS 3.2.0
2025-10-25 19:45:34,612 [INFO] ThirdParty:1030 - CMSIS Pack Vendor :STMicroelectronics X-CUBE-FREERTOS 1.2.0
2025-10-25 19:45:34,612 [INFO] ThirdParty:1030 - CMSIS Pack Vendor :STMicroelectronics X-CUBE-ST60 1.0.0
2025-10-25 19:45:34,612 [INFO] ThirdParty:1030 - CMSIS Pack Vendor :STMicroelectronics X-CUBE-NFC12 1.0.0
2025-10-25 19:45:34,612 [INFO] ThirdParty:1030 - CMSIS Pack Vendor :STMicroelectronics X-CUBE-AZRTOS-F7 1.1.0
2025-10-25 19:45:34,612 [INFO] ThirdParty:1030 - CMSIS Pack Vendor :STMicroelectronics X-CUBE-AZRTOS-L5 2.0.0
2025-10-25 19:45:34,612 [INFO] ThirdParty:1030 - CMSIS Pack Vendor :STMicroelectronics USB_DEVICE 2.0.0
2025-10-25 19:45:34,612 [INFO] ThirdParty:1030 - CMSIS Pack Vendor :STMicroelectronics X-CUBE-NFC6 3.1.0
2025-10-25 19:45:34,613 [INFO] ThirdParty:1030 - CMSIS Pack Vendor :STMicroelectronics X-CUBE-MEMS1 11.0.0
2025-10-25 19:45:34,613 [INFO] ThirdParty:1030 - CMSIS Pack Vendor :STMicroelectronics FreeRTOS 0.0.1
2025-10-25 19:45:34,613 [INFO] ThirdParty:1030 - CMSIS Pack Vendor :STMicroelectronics X-CUBE-DPower 1.2.0
2025-10-25 19:45:34,613 [INFO] ThirdParty:1030 - CMSIS Pack Vendor :STMicroelectronics FP-SNS-FLIGHT1 5.0.2
2025-10-25 19:45:34,613 [INFO] ThirdParty:1030 - CMSIS Pack Vendor :STMicroelectronics X-CUBE-AI 9.0.0
2025-10-25 19:45:34,613 [INFO] ThirdParty:1030 - CMSIS Pack Vendor :STMicroelectronics PDM2PCM 3.3.0
2025-10-25 19:45:34,613 [INFO] ThirdParty:1030 - CMSIS Pack Vendor :STMicroelectronics X-CUBE-AZRTOS-H7 3.4.0
2025-10-25 19:45:34,613 [INFO] ThirdParty:1030 - CMSIS Pack Vendor :STMicroelectronics X-CUBE-DISPLAY 3.0.0
2025-10-25 19:45:34,613 [INFO] ThirdParty:1030 - CMSIS Pack Vendor :STMicroelectronics X-CUBE-BLE1 7.0.0
2025-10-25 19:45:34,613 [INFO] ThirdParty:1030 - CMSIS Pack Vendor :STMicroelectronics X-CUBE-NFC10 1.0.0
2025-10-25 19:45:34,613 [INFO] ThirdParty:1030 - CMSIS Pack Vendor :STMicroelectronics X-CUBE-FREERTOS 1.3.1
2025-10-25 19:45:34,614 [INFO] ThirdParty:1030 - CMSIS Pack Vendor :STMicroelectronics HAL Drivers 0.0.0
2025-10-25 19:45:34,614 [INFO] ThirdParty:1030 - CMSIS Pack Vendor :STMicroelectronics X-CUBE-ST60 1.1.0
2025-10-25 19:45:34,614 [INFO] ThirdParty:1030 - CMSIS Pack Vendor :emotas I-CUBE-CANOPEN 1.3.0
2025-10-25 19:45:34,614 [INFO] ThirdParty:1030 - CMSIS Pack Vendor :STMicroelectronics X-CUBE-NFC7 1.0.1
2025-10-25 19:45:34,614 [INFO] ThirdParty:1030 - CMSIS Pack Vendor :STMicroelectronics MBEDTLS 2.14.1
2025-10-25 19:45:34,614 [INFO] ThirdParty:1030 - CMSIS Pack Vendor :wolfSSL I-CUBE-wolfTPM 3.2.0
2025-10-25 19:45:34,614 [INFO] ThirdParty:1030 - CMSIS Pack Vendor :STMicroelectronics X-CUBE-TOUCHGFX 4.26.0
2025-10-25 19:45:34,614 [INFO] ThirdParty:1030 - CMSIS Pack Vendor :STMicroelectronics X-CUBE-BLEMGR 3.1.0
2025-10-25 19:45:34,614 [INFO] ThirdParty:1030 - CMSIS Pack Vendor :STMicroelectronics FP-SNS-STBOX1 2.1.0
2025-10-25 19:45:34,614 [INFO] ThirdParty:1030 - CMSIS Pack Vendor :STMicroelectronics FP-SNS-STAIOTCFT 1.0.0
2025-10-25 19:45:34,615 [INFO] ThirdParty:1030 - CMSIS Pack Vendor :STMicroelectronics FP-SNS-SMARTAG2 1.2.0
2025-10-25 19:45:34,615 [INFO] ThirdParty:1030 - CMSIS Pack Vendor :STMicroelectronics FP-SNS-FLIGHT1 5.1.0
2025-10-25 19:45:34,615 [INFO] ThirdParty:1030 - CMSIS Pack Vendor :STMicroelectronics X-CUBE-AZRTOS-WL 2.0.0
2025-10-25 19:45:34,615 [INFO] ThirdParty:1030 - CMSIS Pack Vendor :STMicroelectronics X-CUBE-DPower 1.3.0
2025-10-25 19:45:34,615 [INFO] ThirdParty:1030 - CMSIS Pack Vendor :STMicroelectronics FP-SNS-MOTENV1 5.0.0
2025-10-25 19:45:34,615 [INFO] ThirdParty:1030 - CMSIS Pack Vendor :STMicroelectronics USB_DEVICE 1.0.0
2025-10-25 19:45:34,615 [INFO] ThirdParty:1030 - CMSIS Pack Vendor :wolfSSL I-CUBE-wolfMQTT 1.19.0
2025-10-25 19:45:34,615 [INFO] ThirdParty:1030 - CMSIS Pack Vendor :STMicroelectronics X-CUBE-AZRTOS-L4 2.0.0
2025-10-25 19:45:34,615 [INFO] ThirdParty:1030 - CMSIS Pack Vendor :STMicroelectronics ThreadX 0.0.2
2025-10-25 19:45:34,615 [INFO] ThirdParty:1030 - CMSIS Pack Vendor :WES I-CUBE-Cesium 1.3.0
2025-10-25 19:45:34,615 [INFO] ThirdParty:1030 - CMSIS Pack Vendor :STMicroelectronics lwIP 2.1.2
2025-10-25 19:45:34,615 [INFO] ThirdParty:1030 - CMSIS Pack Vendor :STMicroelectronics X-CUBE-SFXS2LP1 4.0.0
2025-10-25 19:45:34,616 [INFO] ThirdParty:1030 - CMSIS Pack Vendor :STMicroelectronics X-CUBE-BLE2 3.3.0
2025-10-25 19:45:34,616 [INFO] ThirdParty:1030 - CMSIS Pack Vendor :STMicroelectronics PDM2PCM 3.2.0
2025-10-25 19:45:34,616 [INFO] ThirdParty:1030 - CMSIS Pack Vendor :STMicroelectronics X-CUBE-AZRTOS-H7 3.3.0
2025-10-25 19:45:34,616 [INFO] ThirdParty:1030 - CMSIS Pack Vendor :STMicroelectronics X-CUBE-NFC9 1.0.0
2025-10-25 19:45:34,616 [INFO] ThirdParty:1030 - CMSIS Pack Vendor :STMicroelectronics X-CUBE-BLE1 7.1.0
2025-10-25 19:45:34,616 [INFO] ThirdParty:1030 - CMSIS Pack Vendor :STMicroelectronics USB_DEVICE 3.0.0
2025-10-25 19:45:34,616 [INFO] ThirdParty:1030 - CMSIS Pack Vendor :STMicroelectronics X-CUBE-TCPP 4.1.0
2025-10-25 19:45:34,616 [INFO] ThirdParty:1030 - CMSIS Pack Vendor :STMicroelectronics X-CUBE-EEPRMA1 5.2.0
2025-10-25 19:45:34,616 [INFO] ThirdParty:1030 - CMSIS Pack Vendor :STMicroelectronics X-CUBE-BLEMGR 4.1.0
2025-10-25 19:45:34,616 [INFO] ThirdParty:1030 - CMSIS Pack Vendor :STMicroelectronics X-CUBE-AZRTOS-WB 2.0.0
2025-10-25 19:45:34,616 [INFO] ThirdParty:1030 - CMSIS Pack Vendor :STMicroelectronics X-CUBE-GNSS1 7.0.0
2025-10-25 19:45:34,616 [INFO] ThirdParty:1030 - CMSIS Pack Vendor :STMicroelectronics X-CUBE-GNSS1 7.0.1
2025-10-25 19:45:34,617 [INFO] ThirdParty:1030 - CMSIS Pack Vendor :STMicroelectronics X-CUBE-TOUCHGFX 4.25.0
2025-10-25 19:45:34,617 [INFO] ThirdParty:1030 - CMSIS Pack Vendor :STMicroelectronics X-CUBE-ST67W61 1.1.0
2025-10-25 19:45:34,617 [INFO] ThirdParty:1030 - CMSIS Pack Vendor :STMicroelectronics FP-SNS-STBOX1 2.0.0
2025-10-25 19:45:34,617 [INFO] ThirdParty:1030 - CMSIS Pack Vendor :quantropi X-CUBE-qispace-sdk-base 2.1.0
2025-10-25 19:45:34,617 [INFO] ThirdParty:1030 - CMSIS Pack Vendor :STMicroelectronics X-CUBE-AZRTOS-G0 1.1.0
2025-10-25 19:45:34,617 [INFO] ThirdParty:1030 - CMSIS Pack Vendor :STMicroelectronics X-CUBE-SAFEA1 1.2.2
2025-10-25 19:45:34,617 [INFO] ThirdParty:1030 - CMSIS Pack Vendor :STMicroelectronics X-CUBE-NFC4 3.0.0
2025-10-25 19:45:34,617 [INFO] ThirdParty:1030 - CMSIS Pack Vendor :STMicroelectronics X-CUBE-SUBG2 5.0.0
2025-10-25 19:45:34,617 [INFO] ThirdParty:1030 - CMSIS Pack Vendor :STMicroelectronics X-CUBE-AZRTOS-H7RS 1.1.0
2025-10-25 19:45:34,617 [INFO] ThirdParty:1030 - CMSIS Pack Vendor :STMicroelectronics STM32_WPAN 1.0.0
2025-10-25 19:45:34,617 [INFO] ThirdParty:1030 - CMSIS Pack Vendor :EmbeddedOffice I-CUBE-FS-RTOS 1.0.1
2025-10-25 19:45:34,617 [INFO] ThirdParty:1030 - CMSIS Pack Vendor :STMicroelectronics lwIP 2.0.3
2025-10-25 19:45:34,617 [INFO] ThirdParty:1030 - CMSIS Pack Vendor :Cesanta I-CUBE-Mongoose 7.13.0
2025-10-25 19:45:34,618 [INFO] ThirdParty:1030 - CMSIS Pack Vendor :STMicroelectronics USB_HOST 1.0.0
2025-10-25 19:45:34,618 [INFO] ThirdParty:1030 - CMSIS Pack Vendor :STMicroelectronics X-CUBE-AZRTOS-G4 2.0.0
2025-10-25 19:45:34,618 [INFO] ThirdParty:1030 - CMSIS Pack Vendor :STMicroelectronics X-CUBE-WB05N 2.0.0
2025-10-25 19:45:34,618 [INFO] ThirdParty:1030 - CMSIS Pack Vendor :STMicroelectronics PDM2PCM 3.1.0
2025-10-25 19:45:34,618 [INFO] ThirdParty:1030 - CMSIS Pack Vendor :STMicroelectronics X-CUBE-NFC7 2.0.0
2025-10-25 19:45:34,618 [INFO] ThirdParty:1030 - CMSIS Pack Vendor :STMicroelectronics X-CUBE-TCPP 4.2.0
2025-10-25 19:45:34,618 [INFO] ThirdParty:1030 - CMSIS Pack Vendor :RealThread X-CUBE-RT-Thread_Nano 4.1.1
2025-10-25 19:45:34,618 [INFO] ThirdParty:1030 - CMSIS Pack Vendor :STMicroelectronics FP-ATR-SIGFOX1 3.2.0
2025-10-25 19:45:34,618 [INFO] ThirdParty:1030 - CMSIS Pack Vendor :wolfSSL I-CUBE-wolfSSL 5.7.2
2025-10-25 19:45:34,618 [INFO] ThirdParty:1030 - CMSIS Pack Vendor :STMicroelectronics X-CUBE-ISPU 2.0.0
2025-10-25 19:45:34,618 [INFO] ThirdParty:1030 - CMSIS Pack Vendor :STMicroelectronics X-CUBE-EEPRMA1 5.1.0
2025-10-25 19:45:34,618 [INFO] ThirdParty:1030 - CMSIS Pack Vendor :STMicroelectronics MBEDTLS 2.16.2
2025-10-25 19:45:34,618 [INFO] ThirdParty:1030 - CMSIS Pack Vendor :STMicroelectronics X-CUBE-IPS 3.1.0
2025-10-25 19:45:34,618 [INFO] ThirdParty:1030 - CMSIS Pack Vendor :STMicroelectronics X-CUBE-ALS 1.0.2
2025-10-25 19:45:34,618 [INFO] ThirdParty:1030 - CMSIS Pack Vendor :STMicroelectronics X-CUBE-MEMS1 10.0.0
2025-10-25 19:45:34,619 [INFO] ThirdParty:1030 - CMSIS Pack Vendor :STMicroelectronics X-CUBE-TOUCHGFX 4.24.0
2025-10-25 19:45:34,619 [INFO] ThirdParty:1030 - CMSIS Pack Vendor :ITTIA_DB I-CUBE-ITTIADB 8.9.0
2025-10-25 19:45:34,619 [INFO] ThirdParty:1030 - CMSIS Pack Vendor :STMicroelectronics X-CUBE-TOUCHGFX 4.24.1
2025-10-25 19:45:34,619 [INFO] ThirdParty:1030 - CMSIS Pack Vendor :STMicroelectronics X-CUBE-STSE01 1.0.0
2025-10-25 19:45:34,619 [INFO] ThirdParty:1030 - CMSIS Pack Vendor :portGmbH I-Cube-SoM-uGOAL 1.1.0
2025-10-25 19:45:34,619 [INFO] ThirdParty:1030 - CMSIS Pack Vendor :STMicroelectronics X-CUBE-ST67W61 1.0.0
2025-10-25 19:45:34,619 [INFO] ThirdParty:1030 - CMSIS Pack Vendor :STMicroelectronics X-CUBE-AI 10.2.0
2025-10-25 19:45:34,619 [INFO] ThirdParty:1030 - CMSIS Pack Vendor :STMicroelectronics ThreadX 1.0.0
2025-10-25 19:45:34,619 [INFO] ThirdParty:1030 - CMSIS Pack Vendor :SEGGER I-CUBE-embOS 1.3.1
2025-10-25 19:45:34,620 [INFO] ThirdParty:1030 - CMSIS Pack Vendor :STMicroelectronics X-CUBE-ALGOBUILD 1.4.0
2025-10-25 19:45:34,620 [INFO] ThirdParty:1030 - CMSIS Pack Vendor :STMicroelectronics X-CUBE-MEMS1 11.3.0
2025-10-25 19:45:34,620 [INFO] ThirdParty:1030 - CMSIS Pack Vendor :STMicroelectronics X-CUBE-AZRTOS-H7RS 1.0.0
2025-10-25 19:45:34,620 [INFO] ThirdParty:1030 - CMSIS Pack Vendor :STMicroelectronics FP-ATR-ASTRA1 2.0.0
2025-10-25 19:45:34,620 [INFO] ThirdParty:1030 - CMSIS Pack Vendor :STMicroelectronics X-CUBE-TOF1 3.4.2
2025-10-25 19:45:34,620 [INFO] ThirdParty:1030 - CMSIS Pack Vendor :STMicroelectronics X-CUBE-TOF1 3.4.3
2025-10-25 19:45:34,620 [INFO] ThirdParty:1030 - CMSIS Pack Vendor :STMicroelectronics X-CUBE-TOF1 3.4.1
2025-10-25 19:45:34,620 [INFO] ThirdParty:1030 - CMSIS Pack Vendor :STMicroelectronics X-CUBE-AZRTOS-H7 3.2.0
2025-10-25 19:45:34,620 [INFO] ThirdParty:1030 - CMSIS Pack Vendor :Infineon AIROC-Wi-Fi-Bluetooth-STM32 1.6.0
2025-10-25 19:45:34,620 [INFO] ThirdParty:1030 - CMSIS Pack Vendor :wolfSSL I-CUBE-wolfSSH 1.4.17
2025-10-25 19:45:34,620 [INFO] ThirdParty:841 - exiting critical section [change project]
2025-10-25 19:45:35,291 [INFO] PinOutPanel:1589 - setPackage(No Configuration,No Configuration)
2025-10-25 19:45:35,297 [INFO] PinOutPanel:1589 - setPackage(STM32F303K8Tx,LQFP32)
2025-10-25 19:45:36,982 [INFO] UtilMem:75 - Before build in PCC Used Memory: 239115200 Bytes (400556032)
2025-10-25 19:45:38,836 [INFO] UtilMem:75 - After build in PCC Used Memory: 337344960 Bytes (449839104)
2025-10-25 19:45:38,904 [INFO] IPUIPlugin:80 - create IPUIPlugin
2025-10-25 19:45:38,904 [INFO] IPUIPlugin:80 - create IPUIPlugin
2025-10-25 19:45:38,904 [INFO] IPUIPlugin:80 - create IPUIPlugin
2025-10-25 19:45:38,904 [INFO] IPUIPlugin:80 - create IPUIPlugin
2025-10-25 19:45:38,904 [INFO] IPUIPlugin:80 - create IPUIPlugin
2025-10-25 19:45:38,904 [INFO] IPUIPlugin:80 - create IPUIPlugin
2025-10-25 19:45:38,905 [INFO] IPUIPlugin:80 - create IPUIPlugin
2025-10-25 19:45:38,905 [INFO] IPUIPlugin:80 - create IPUIPlugin
2025-10-25 19:45:38,905 [INFO] IPUIPlugin:80 - create IPUIPlugin
2025-10-25 19:45:38,905 [INFO] IPUIPlugin:80 - create IPUIPlugin
2025-10-25 19:45:38,905 [INFO] IPUIPlugin:80 - create IPUIPlugin
2025-10-25 19:45:38,906 [INFO] IPUIPlugin:80 - create IPUIPlugin
2025-10-25 19:45:38,906 [INFO] IPUIPlugin:80 - create IPUIPlugin
2025-10-25 19:45:38,906 [INFO] IPUIPlugin:80 - create IPUIPlugin
2025-10-25 19:45:38,906 [INFO] IPUIPlugin:80 - create IPUIPlugin
2025-10-25 19:45:38,907 [INFO] IPUIPlugin:80 - create IPUIPlugin
2025-10-25 19:45:38,907 [INFO] IPUIPlugin:80 - create IPUIPlugin
2025-10-25 19:45:38,907 [INFO] IPUIPlugin:80 - create IPUIPlugin
2025-10-25 19:45:38,908 [INFO] IPUIPlugin:80 - create IPUIPlugin
2025-10-25 19:45:38,908 [INFO] IPUIPlugin:80 - create IPUIPlugin
2025-10-25 19:45:38,908 [INFO] IPUIPlugin:80 - create IPUIPlugin
2025-10-25 19:45:38,909 [INFO] IPUIPlugin:80 - create IPUIPlugin
2025-10-25 19:45:38,909 [INFO] IPUIPlugin:80 - create IPUIPlugin
2025-10-25 19:45:38,910 [INFO] IPUIPlugin:80 - create IPUIPlugin
2025-10-25 19:45:38,910 [INFO] IPUIPlugin:80 - create IPUIPlugin
2025-10-25 19:45:38,911 [INFO] IPUIPlugin:80 - create IPUIPlugin
2025-10-25 19:45:38,912 [INFO] IPUIPlugin:80 - create IPUIPlugin
2025-10-25 19:45:38,913 [INFO] IPUIPlugin:80 - create IPUIPlugin
2025-10-25 19:45:38,914 [INFO] IPUIPlugin:80 - create IPUIPlugin
2025-10-25 19:45:38,915 [INFO] IPUIPlugin:80 - create IPUIPlugin
2025-10-25 19:45:38,916 [INFO] IPUIPlugin:80 - create IPUIPlugin
2025-10-25 19:45:38,916 [INFO] IPUIPlugin:80 - create IPUIPlugin
2025-10-25 19:45:38,917 [INFO] IPUIPlugin:80 - create IPUIPlugin
2025-10-25 19:45:38,917 [INFO] IPUIPlugin:80 - create IPUIPlugin
2025-10-25 19:45:39,402 [INFO] CADModel:165 - CPN selected for project levelSTM32F303K8T6
2025-10-25 19:45:39,403 [INFO] CADModel:114 - Register for checkConnection events
2025-10-25 19:45:39,501 [INFO] OpenFileManager:386 - Restore cursor
2025-10-25 19:45:48,210 [INFO] Gpio:278 - dependency for GPIO [I2C1, SYS]
2025-10-25 19:49:49,375 [ERROR] LogOutputStream:75 - [STDERR_REDIRECT] 
2025-10-25 20:28:39,480 [INFO] Activator:176 - 


2025-10-25 20:28:39,484 [INFO] Activator:177 - !SESSION log4j initialized
2025-10-25 20:28:43,924 [INFO] LogOutputStream:77 - [STDOUT_REDIRECT] 
2025-10-25 20:28:47,835 [INFO] ApplicationProperties:184 - Using Application install path: C:\ST\STM32CubeIDE_1.16.0\STM32CubeIDE\plugins\com.st.stm32cube.common.mx_6.15.0.202507011659
2025-10-25 20:28:47,859 [INFO] DbMcusXml:78 - Set database path to: C:\ST\STM32CubeIDE_1.16.0\STM32CubeIDE\plugins\com.st.stm32cube.common.mx_6.15.0.202507011659\\db\/mcu/
2025-10-25 20:28:47,859 [INFO] ApiDb:274 - Set plugin database path to: C:\ST\STM32CubeIDE_1.16.0\STM32CubeIDE\plugins\com.st.stm32cube.common.mx_6.15.0.202507011659\\db\/plugins/boardmanager/
2025-10-25 20:28:47,860 [WARN] ApiDb:259 - Overriding images path with different value:  => C:\ST\STM32CubeIDE_1.16.0\STM32CubeIDE\plugins\com.st.stm32cube.common.mx_6.15.0.202507011659\\db\/plugins/mcufinder/images/
2025-10-25 20:28:47,870 [INFO] ApiDb:250 - Set database path to: C:\Users\rolni\.stmcufinder\plugins\mcufinder//mcu/
2025-10-25 20:28:47,871 [INFO] DbMcusAds:125 - Set database path to: C:\Users\rolni\.stmcufinder\plugins\mcufinder//mcu/
2025-10-25 20:28:47,874 [INFO] CrossReferenceDbSqlite:203 - Set database path to: C:\Users\rolni\.stmcufinder\plugins\mcufinder//mcu/cs/
2025-10-25 20:28:48,056 [INFO] RulesReader:64 - Compatibility file has been processed (317 Rules)
2025-10-25 20:28:48,211 [INFO] DbMcusXml:78 - Set database path to: C:\ST\STM32CubeIDE_1.16.0\STM32CubeIDE\plugins\com.st.stm32cube.common.mx_6.15.0.202507011659\\db\/mcu/
2025-10-25 20:28:48,211 [INFO] ApiDb:274 - Set plugin database path to: C:\ST\STM32CubeIDE_1.16.0\STM32CubeIDE\plugins\com.st.stm32cube.common.mx_6.15.0.202507011659\\db\/plugins/boardmanager/
2025-10-25 20:28:48,212 [INFO] ApiDb:261 - Set plugin images path to: C:\ST\STM32CubeIDE_1.16.0\STM32CubeIDE\plugins\com.st.stm32cube.common.mx_6.15.0.202507011659\\db\/plugins/mcufinder/images/
2025-10-25 20:28:48,212 [WARN] DbFile:41 - Overriding database path with different value: C:\Users\rolni\.stmcufinder\plugins\mcufinder/ => C:\Users\rolni\.stmcufinder\plugins\mcufinder
2025-10-25 20:28:48,213 [INFO] ApiDb:250 - Set database path to: C:\Users\rolni\.stmcufinder\plugins\mcufinder//mcu/
2025-10-25 20:28:48,213 [WARN] DbFile:41 - Overriding database path with different value: C:\Users\rolni\.stmcufinder\plugins\mcufinder/ => C:\Users\rolni\.stmcufinder\plugins\mcufinder
2025-10-25 20:28:48,213 [INFO] DbMcusAds:125 - Set database path to: C:\Users\rolni\.stmcufinder\plugins\mcufinder//mcu/
2025-10-25 20:28:48,213 [WARN] DbFile:41 - Overriding database path with different value: C:\Users\rolni\.stmcufinder\plugins\mcufinder/ => C:\Users\rolni\.stmcufinder\plugins\mcufinder
2025-10-25 20:28:48,213 [WARN] DbFile:41 - Overriding database path with different value: C:\Users\rolni\.stmcufinder\plugins\mcufinder/ => C:\Users\rolni\.stmcufinder\plugins\mcufinder
2025-10-25 20:28:48,214 [INFO] CrossReferenceDbSqlite:203 - Set database path to: C:\Users\rolni\.stmcufinder\plugins\mcufinder//mcu/cs/
2025-10-25 20:28:48,356 [INFO] MainPanel:274 - HeapMemory: 268435456
2025-10-25 20:28:48,550 [INFO] DbMcusXml:78 - Set database path to: C:\ST\STM32CubeIDE_1.16.0\STM32CubeIDE\plugins\com.st.stm32cube.common.mx_6.15.0.202507011659\\db\/mcu/
2025-10-25 20:28:48,550 [INFO] ApiDb:274 - Set plugin database path to: C:\ST\STM32CubeIDE_1.16.0\STM32CubeIDE\plugins\com.st.stm32cube.common.mx_6.15.0.202507011659\\db\/plugins/boardmanager/
2025-10-25 20:28:48,550 [INFO] ApiDb:261 - Set plugin images path to: C:\ST\STM32CubeIDE_1.16.0\STM32CubeIDE\plugins\com.st.stm32cube.common.mx_6.15.0.202507011659\\db\/plugins/mcufinder/images/
2025-10-25 20:28:48,551 [WARN] DbFile:41 - Overriding database path with different value: C:\Users\rolni\.stmcufinder\plugins\mcufinder/ => C:\Users\rolni\.stmcufinder\plugins\mcufinder
2025-10-25 20:28:48,551 [INFO] ApiDb:250 - Set database path to: C:\Users\rolni\.stmcufinder\plugins\mcufinder//mcu/
2025-10-25 20:28:48,551 [WARN] DbFile:41 - Overriding database path with different value: C:\Users\rolni\.stmcufinder\plugins\mcufinder/ => C:\Users\rolni\.stmcufinder\plugins\mcufinder
2025-10-25 20:28:48,551 [INFO] DbMcusAds:125 - Set database path to: C:\Users\rolni\.stmcufinder\plugins\mcufinder//mcu/
2025-10-25 20:28:48,551 [WARN] DbFile:41 - Overriding database path with different value: C:\Users\rolni\.stmcufinder\plugins\mcufinder/ => C:\Users\rolni\.stmcufinder\plugins\mcufinder
2025-10-25 20:28:48,551 [WARN] DbFile:41 - Overriding database path with different value: C:\Users\rolni\.stmcufinder\plugins\mcufinder/ => C:\Users\rolni\.stmcufinder\plugins\mcufinder
2025-10-25 20:28:48,551 [INFO] CrossReferenceDbSqlite:203 - Set database path to: C:\Users\rolni\.stmcufinder\plugins\mcufinder//mcu/cs/
2025-10-25 20:28:48,579 [INFO] ApplicationProperties:184 - Using Application install path: C:\ST\STM32CubeIDE_1.16.0\STM32CubeIDE\plugins\com.st.stm32cube.common.mx_6.15.0.202507011659
2025-10-25 20:28:48,581 [INFO] PluginManage:196 - Search for loadable plugins [exclusion list=, ]
2025-10-25 20:28:48,584 [INFO] PluginManage:310 - Check plugin analytics
2025-10-25 20:28:48,857 [INFO] AnalyticsPlugin:253 - Accepted Software Licenses: 
2025-10-25 20:28:48,858 [INFO] AnalyticsPlugin:255 - Accepted CMSIS Pack Licenses: 
2025-10-25 20:28:48,859 [INFO] AnalyticsPlugin:257 - Accepted Firmware Licenses: FW.F4.1.28.0
2025-10-25 20:28:48,867 [INFO] PluginManage:359 - Loaded plugin analytics (category:tool,tabindex:-1)
2025-10-25 20:28:48,868 [INFO] PluginManage:310 - Check plugin cadmodel
2025-10-25 20:28:48,880 [INFO] CADModel:105 - Init CAD model plugin
2025-10-25 20:28:48,880 [INFO] PluginManage:359 - Loaded plugin cadmodel (category:power,tabindex:5)
2025-10-25 20:28:48,882 [INFO] PluginManage:310 - Check plugin clock
2025-10-25 20:28:48,900 [INFO] PluginManage:359 - Loaded plugin clock (category:base,tabindex:2)
2025-10-25 20:28:48,901 [INFO] PluginManage:310 - Check plugin ddr
2025-10-25 20:28:48,905 [INFO] PluginManage:359 - Loaded plugin ddr (category:tool,tabindex:6)
2025-10-25 20:28:48,905 [INFO] PluginManage:310 - Check plugin filemanager
2025-10-25 20:28:49,208 [INFO] PluginManage:359 - Loaded plugin filemanager (category:base,tabindex:10)
2025-10-25 20:28:49,209 [INFO] PluginManage:310 - Check plugin ipmanager
2025-10-25 20:28:49,223 [INFO] PluginManage:359 - Loaded plugin ipmanager (category:base,tabindex:5)
2025-10-25 20:28:49,224 [INFO] PluginManage:310 - Check plugin lpbam
2025-10-25 20:28:49,243 [INFO] PluginManage:359 - Loaded plugin lpbam (category:base,tabindex:0)
2025-10-25 20:28:49,243 [INFO] PluginManage:310 - Check plugin memorymap
2025-10-25 20:28:49,270 [INFO] PluginManage:359 - Loaded plugin memorymap (category:base,tabindex:4)
2025-10-25 20:28:49,270 [INFO] PluginManage:310 - Check plugin pinoutandconfiguration
2025-10-25 20:28:49,281 [INFO] PluginManage:359 - Loaded plugin pinoutandconfiguration (category:base,tabindex:1)
2025-10-25 20:28:49,282 [INFO] PluginManage:310 - Check plugin pinoutconfig
2025-10-25 20:28:49,539 [WARN] SupportedApi:132 - Cannot load RTOS API schema: s4s-elt-must-match.1: The content of 'definitions' must match (annotation?, (simpleType | complexType)?, (unique | key | keyref)*)). A problem was found starting at: attribute.
2025-10-25 20:28:49,813 [INFO] PluginManage:359 - Loaded plugin pinoutconfig (category:base,tabindex:0)
2025-10-25 20:28:49,814 [INFO] PluginManage:310 - Check plugin power
2025-10-25 20:28:49,834 [INFO] PluginManage:359 - Loaded plugin power (category:power,tabindex:4)
2025-10-25 20:28:49,835 [INFO] PluginManage:310 - Check plugin projectmanager
2025-10-25 20:28:49,866 [INFO] PluginManage:359 - Loaded plugin projectmanager (category:projectmanager,tabindex:4)
2025-10-25 20:28:49,866 [INFO] PluginManage:310 - Check plugin rif
2025-10-25 20:28:49,885 [INFO] PluginManage:359 - Loaded plugin rif (category:base,tabindex:3)
2025-10-25 20:28:49,886 [INFO] PluginManage:310 - Check plugin thirdparty
2025-10-25 20:28:50,215 [INFO] PluginManage:359 - Loaded plugin thirdparty (category:base,tabindex:-1)
2025-10-25 20:28:50,215 [INFO] PluginManage:310 - Check plugin tools
2025-10-25 20:28:50,215 [WARN] IntegrityCheckThread:84 - waiting for thirdparty lock release [integrity check]
2025-10-25 20:28:50,219 [INFO] IntegrityCheckThread:86 - entering critical section [integrity check]
2025-10-25 20:28:50,221 [INFO] ThirdPartyUpdaterWithRetryManager:70 - Updater plugin not ready yet. [1/15]
2025-10-25 20:28:50,223 [INFO] PluginManage:359 - Loaded plugin tools (category:base,tabindex:7)
2025-10-25 20:28:50,223 [INFO] PluginManage:310 - Check plugin tutovideos
2025-10-25 20:28:50,665 [INFO] PluginManage:359 - Loaded plugin tutovideos (category:base,tabindex:-1)
2025-10-25 20:28:50,665 [INFO] PluginManage:310 - Check plugin updater
2025-10-25 20:28:50,698 [INFO] PluginManage:359 - Loaded plugin updater (category:base,tabindex:12)
2025-10-25 20:28:50,698 [INFO] PluginManage:310 - Check plugin userauth
2025-10-25 20:28:50,705 [INFO] UserAuth:118 - Init User Auth plugin
2025-10-25 20:28:50,706 [INFO] PluginManage:359 - Loaded plugin userauth (category:base,tabindex:14)
2025-10-25 20:28:50,707 [INFO] PluginManage:283 - PluginManage : Loaded plugins [18]
2025-10-25 20:28:51,124 [INFO] PinOutPanel:1589 - setPackage(No Configuration,No Configuration)
2025-10-25 20:28:51,254 [INFO] CADModel:165 - CPN selected for project level
2025-10-25 20:28:51,256 [INFO] CADModel:114 - Register for checkConnection events
2025-10-25 20:28:51,291 [INFO] IPUIPlugin:80 - create IPUIPlugin
2025-10-25 20:28:51,292 [INFO] PluginManager:220 - loadIPPluginJar : add adc
2025-10-25 20:28:51,300 [INFO] IPUIPlugin:80 - create IPUIPlugin
2025-10-25 20:28:51,301 [INFO] PluginManager:220 - loadIPPluginJar : add aes
2025-10-25 20:28:51,307 [INFO] IPUIPlugin:80 - create IPUIPlugin
2025-10-25 20:28:51,307 [INFO] PluginManager:220 - loadIPPluginJar : add can
2025-10-25 20:28:51,311 [INFO] IPUIPlugin:80 - create IPUIPlugin
2025-10-25 20:28:51,311 [INFO] PluginManager:220 - loadIPPluginJar : add comp
2025-10-25 20:28:51,317 [INFO] IPUIPlugin:80 - create IPUIPlugin
2025-10-25 20:28:51,318 [INFO] PluginManager:220 - loadIPPluginJar : add cryp
2025-10-25 20:28:51,324 [INFO] IPUIPlugin:80 - create IPUIPlugin
2025-10-25 20:28:51,324 [INFO] PluginManager:220 - loadIPPluginJar : add ddr_ctrl_phy
2025-10-25 20:28:51,330 [INFO] IPUIPlugin:80 - create IPUIPlugin
2025-10-25 20:28:51,330 [INFO] PluginManager:220 - loadIPPluginJar : add dfsdm
2025-10-25 20:28:51,340 [INFO] IPUIPlugin:80 - create IPUIPlugin
2025-10-25 20:28:51,341 [INFO] PluginManager:220 - loadIPPluginJar : add dma
2025-10-25 20:28:51,348 [INFO] IPUIPlugin:80 - create IPUIPlugin
2025-10-25 20:28:51,348 [INFO] PluginManager:220 - loadIPPluginJar : add dma3
2025-10-25 20:28:51,353 [INFO] IPUIPlugin:80 - create IPUIPlugin
2025-10-25 20:28:51,354 [INFO] PluginManager:220 - loadIPPluginJar : add extmemmanager
2025-10-25 20:28:51,357 [INFO] IPUIPlugin:80 - create IPUIPlugin
2025-10-25 20:28:51,358 [INFO] PluginManager:220 - loadIPPluginJar : add fatfs
2025-10-25 20:28:51,369 [INFO] IPUIPlugin:80 - create IPUIPlugin
2025-10-25 20:28:51,369 [INFO] PluginManager:220 - loadIPPluginJar : add fmc
2025-10-25 20:28:51,382 [INFO] IPUIPlugin:80 - create IPUIPlugin
2025-10-25 20:28:51,383 [INFO] PluginManager:220 - loadIPPluginJar : add freertos
2025-10-25 20:28:51,387 [INFO] IPUIPlugin:80 - create IPUIPlugin
2025-10-25 20:28:51,388 [INFO] PluginManager:220 - loadIPPluginJar : add genericplugin
2025-10-25 20:28:51,392 [INFO] IPUIPlugin:80 - create IPUIPlugin
2025-10-25 20:28:51,392 [INFO] PluginManager:220 - loadIPPluginJar : add gfxmmu
2025-10-25 20:28:51,399 [INFO] IPUIPlugin:80 - create IPUIPlugin
2025-10-25 20:28:51,399 [INFO] PluginManager:220 - loadIPPluginJar : add gic
2025-10-25 20:28:51,406 [INFO] IPUIPlugin:80 - create IPUIPlugin
2025-10-25 20:28:51,406 [INFO] PluginManager:220 - loadIPPluginJar : add gpio
2025-10-25 20:28:51,411 [INFO] IPUIPlugin:80 - create IPUIPlugin
2025-10-25 20:28:51,411 [INFO] PluginManager:220 - loadIPPluginJar : add gtzc
2025-10-25 20:28:51,414 [INFO] IPUIPlugin:80 - create IPUIPlugin
2025-10-25 20:28:51,414 [INFO] PluginManager:220 - loadIPPluginJar : add hash
2025-10-25 20:28:51,418 [INFO] IPUIPlugin:80 - create IPUIPlugin
2025-10-25 20:28:51,418 [INFO] PluginManager:220 - loadIPPluginJar : add i2c
2025-10-25 20:28:51,421 [INFO] IPUIPlugin:80 - create IPUIPlugin
2025-10-25 20:28:51,422 [INFO] PluginManager:220 - loadIPPluginJar : add i2s
2025-10-25 20:28:51,426 [INFO] IPUIPlugin:80 - create IPUIPlugin
2025-10-25 20:28:51,427 [INFO] PluginManager:220 - loadIPPluginJar : add i3c
2025-10-25 20:28:51,433 [INFO] IPUIPlugin:80 - create IPUIPlugin
2025-10-25 20:28:51,433 [INFO] PluginManager:220 - loadIPPluginJar : add ipddr
2025-10-25 20:28:51,445 [INFO] IPUIPlugin:80 - create IPUIPlugin
2025-10-25 20:28:51,445 [INFO] PluginManager:220 - loadIPPluginJar : add linkedlist
2025-10-25 20:28:51,450 [INFO] IPUIPlugin:80 - create IPUIPlugin
2025-10-25 20:28:51,450 [INFO] PluginManager:220 - loadIPPluginJar : add lorawan
2025-10-25 20:28:51,453 [INFO] IPUIPlugin:80 - create IPUIPlugin
2025-10-25 20:28:51,453 [INFO] PluginManager:220 - loadIPPluginJar : add ltdc
2025-10-25 20:28:51,461 [INFO] IPUIPlugin:80 - create IPUIPlugin
2025-10-25 20:28:51,461 [INFO] PluginManager:220 - loadIPPluginJar : add mdma
2025-10-25 20:28:51,466 [INFO] IPUIPlugin:80 - create IPUIPlugin
2025-10-25 20:28:51,466 [INFO] PluginManager:220 - loadIPPluginJar : add nvic
2025-10-25 20:28:51,471 [INFO] IPUIPlugin:80 - create IPUIPlugin
2025-10-25 20:28:51,471 [INFO] PluginManager:220 - loadIPPluginJar : add opamp
2025-10-25 20:28:51,481 [INFO] IPUIPlugin:80 - create IPUIPlugin
2025-10-25 20:28:51,481 [INFO] PluginManager:220 - loadIPPluginJar : add openamp
2025-10-25 20:28:51,489 [INFO] IPUIPlugin:80 - create IPUIPlugin
2025-10-25 20:28:51,490 [INFO] PluginManager:220 - loadIPPluginJar : add pdm2pcm
2025-10-25 20:28:51,501 [INFO] IPUIPlugin:80 - create IPUIPlugin
2025-10-25 20:28:51,505 [INFO] PluginManager:220 - loadIPPluginJar : add plateformsettings
2025-10-25 20:28:51,509 [INFO] IPUIPlugin:80 - create IPUIPlugin
2025-10-25 20:28:51,510 [INFO] PluginManager:220 - loadIPPluginJar : add quadspi
2025-10-25 20:28:51,515 [INFO] IPUIPlugin:80 - create IPUIPlugin
2025-10-25 20:28:51,516 [INFO] PluginManager:220 - loadIPPluginJar : add radio
2025-10-25 20:28:51,525 [INFO] IPUIPlugin:80 - create IPUIPlugin
2025-10-25 20:28:51,525 [INFO] PluginManager:220 - loadIPPluginJar : add resmgrutility
2025-10-25 20:28:51,532 [INFO] IPUIPlugin:80 - create IPUIPlugin
2025-10-25 20:28:51,533 [INFO] PluginManager:220 - loadIPPluginJar : add sai
2025-10-25 20:28:51,540 [INFO] IPUIPlugin:80 - create IPUIPlugin
2025-10-25 20:28:51,540 [INFO] PluginManager:220 - loadIPPluginJar : add spi
2025-10-25 20:28:51,552 [INFO] IPUIPlugin:80 - create IPUIPlugin
2025-10-25 20:28:51,552 [INFO] PluginManager:220 - loadIPPluginJar : add stm32_wpan
2025-10-25 20:28:51,556 [INFO] IPUIPlugin:80 - create IPUIPlugin
2025-10-25 20:28:51,556 [INFO] PluginManager:220 - loadIPPluginJar : add tim
2025-10-25 20:28:51,562 [INFO] IPUIPlugin:80 - create IPUIPlugin
2025-10-25 20:28:51,563 [INFO] PluginManager:220 - loadIPPluginJar : add touchsensing
2025-10-25 20:28:51,567 [INFO] IPUIPlugin:80 - create IPUIPlugin
2025-10-25 20:28:51,568 [INFO] PluginManager:220 - loadIPPluginJar : add tracer_emb
2025-10-25 20:28:51,571 [INFO] IPUIPlugin:80 - create IPUIPlugin
2025-10-25 20:28:51,571 [INFO] PluginManager:220 - loadIPPluginJar : add ts
2025-10-25 20:28:51,575 [INFO] IPUIPlugin:80 - create IPUIPlugin
2025-10-25 20:28:51,575 [INFO] PluginManager:220 - loadIPPluginJar : add tsc
2025-10-25 20:28:51,580 [INFO] IPUIPlugin:80 - create IPUIPlugin
2025-10-25 20:28:51,580 [INFO] PluginManager:220 - loadIPPluginJar : add ucpd
2025-10-25 20:28:51,586 [INFO] IPUIPlugin:80 - create IPUIPlugin
2025-10-25 20:28:51,586 [INFO] PluginManager:220 - loadIPPluginJar : add usart
2025-10-25 20:28:51,590 [INFO] IPUIPlugin:80 - create IPUIPlugin
2025-10-25 20:28:51,590 [INFO] PluginManager:220 - loadIPPluginJar : add usbx
2025-10-25 20:28:51,767 [FATAL] Updater:351 - Updater called before beeing initialized
2025-10-25 20:28:51,826 [INFO] RulesReader:64 - Compatibility file has been processed (317 Rules)
2025-10-25 20:28:51,845 [INFO] RulesReader:64 - Compatibility file has been processed (317 Rules)
2025-10-25 20:28:51,861 [INFO] CADModel:165 - CPN selected for project level
2025-10-25 20:28:51,861 [INFO] CADModel:114 - Register for checkConnection events
2025-10-25 20:28:51,861 [FATAL] Updater:351 - Updater called before beeing initialized
2025-10-25 20:28:51,862 [ERROR] CADModel:125 - Updater not yet initialized, retry later 
2025-10-25 20:28:52,116 [FATAL] Updater:351 - Updater called before beeing initialized
2025-10-25 20:28:52,120 [INFO] CADModel:165 - CPN selected for project level
2025-10-25 20:28:52,120 [INFO] CADModel:114 - Register for checkConnection events
2025-10-25 20:28:52,120 [FATAL] Updater:351 - Updater called before beeing initialized
2025-10-25 20:28:52,120 [ERROR] CADModel:125 - Updater not yet initialized, retry later 
2025-10-25 20:28:52,126 [FATAL] Updater:351 - Updater called before beeing initialized
2025-10-25 20:28:52,309 [FATAL] Updater:351 - Updater called before beeing initialized
2025-10-25 20:28:52,313 [INFO] DbMcusAds:53 - JSON generation date=Thu Oct 02 11:36:05 CEST 2025 (1759397765645)
2025-10-25 20:28:52,313 [FATAL] Updater:351 - Updater called before beeing initialized
2025-10-25 20:28:52,368 [WARN] DetailPanel:346 - Failed to get advertising image, set to default
2025-10-25 20:28:52,470 [FATAL] Updater:351 - Updater called before beeing initialized
2025-10-25 20:28:52,473 [FATAL] Updater:351 - Updater called before beeing initialized
2025-10-25 20:28:52,473 [FATAL] Updater:351 - Updater called before beeing initialized
2025-10-25 20:28:52,473 [WARN] DetailPanel:346 - Failed to get advertising image, set to default
2025-10-25 20:28:52,475 [FATAL] Updater:351 - Updater called before beeing initialized
2025-10-25 20:28:52,541 [ERROR] Updater:1198 - MainUpdater not yet initialized. External WinMGr cannot be set.
2025-10-25 20:28:52,544 [INFO] Updater:1134 - Updater Version found : 6.15.0
2025-10-25 20:28:52,568 [INFO] ApplicationProperties:184 - Using Application install path: C:\ST\STM32CubeIDE_1.16.0\STM32CubeIDE\plugins\com.st.stm32cube.common.mx_6.15.0.202507011659
2025-10-25 20:28:53,223 [INFO] ThirdPartyUpdaterWithRetryManager:70 - Updater plugin not ready yet. [2/15]
2025-10-25 20:28:54,154 [ERROR] LogOutputStream:75 - [STDERR_REDIRECT] Oct 25, 2025 8:28:54 PM java.util.prefs.WindowsPreferences <init>
2025-10-25 20:28:54,156 [ERROR] LogOutputStream:75 - [STDERR_REDIRECT] WARNING: Could not open/create prefs root node Software\JavaSoft\Prefs at root 0xffffffff80000002. Windows RegCreateKeyEx(...) returned error code 5.
2025-10-25 20:28:54,157 [ERROR] LogOutputStream:75 - [STDERR_REDIRECT] 
2025-10-25 20:28:54,858 [INFO] MainUpdater:2872 - connection check result : 10
2025-10-25 20:28:54,860 [INFO] MainUpdater:289 - Updater Check For Update Now.
2025-10-25 20:28:54,860 [INFO] MicroXplorer:498 - Change Database Version : DB.6.0.150
2025-10-25 20:28:54,874 [INFO] McuFinderGlobals:63 - Set McuFinder mode to 2 (CubeIDE integrated)
2025-10-25 20:28:54,876 [INFO] UserAuth:487 - Internet connection configuration mode: 1
2025-10-25 20:28:54,930 [INFO] JxBrowserEngine:152 - Initiate JxBrowser Engine with user profile folder
2025-10-25 20:28:55,152 [INFO] CheckServerUpdateThread:120 - End of CheckServer Thread
2025-10-25 20:28:56,659 [INFO] WebApp:169 - Instantiating new browser for Auth
2025-10-25 20:28:56,866 [WARN] PackLoader:240 - Cannot read IP mode file for STMicroelectronics.FP-SNS-MOTENVWB1.1.4.0
2025-10-25 20:28:56,882 [WARN] PackLoader:240 - Cannot read IP mode file for STMicroelectronics.FP-ATR-ASTRA1.2.0.2
2025-10-25 20:28:56,903 [WARN] PackLoader:240 - Cannot read IP mode file for STMicroelectronics.X-CUBE-SMBUS.2.1.0
2025-10-25 20:28:56,915 [WARN] PackLoader:240 - Cannot read IP mode file for STMicroelectronics.X-CUBE-ST60.1.0.0
2025-10-25 20:28:56,966 [WARN] PackLoader:240 - Cannot read IP mode file for STMicroelectronics.X-CUBE-AZRTOS-F7.1.1.0
2025-10-25 20:28:57,132 [WARN] PackLoader:240 - Cannot read IP mode file for STMicroelectronics.X-CUBE-MEMS1.11.0.0
2025-10-25 20:28:57,326 [WARN] PackLoader:240 - Cannot read IP mode file for STMicroelectronics.FP-SNS-FLIGHT1.5.0.2
2025-10-25 20:28:57,372 [WARN] PackLoader:240 - Cannot read IP mode file for STMicroelectronics.X-CUBE-AZRTOS-H7.3.4.0
2025-10-25 20:28:57,399 [WARN] PackLoader:240 - Cannot read IP mode file for STMicroelectronics.X-CUBE-DISPLAY.3.0.0
2025-10-25 20:28:57,418 [WARN] PackLoader:240 - Cannot read IP mode file for STMicroelectronics.X-CUBE-BLE1.7.0.0
2025-10-25 20:28:57,434 [WARN] PackLoader:240 - Cannot read IP mode file for STMicroelectronics.X-CUBE-NFC10.1.0.0
2025-10-25 20:28:57,446 [WARN] PackLoader:240 - Cannot read IP mode file for STMicroelectronics.X-CUBE-ST60.1.1.0
2025-10-25 20:28:57,459 [WARN] PackLoader:240 - Cannot read IP mode file for emotas.I-CUBE-CANOPEN.1.3.0
2025-10-25 20:28:57,479 [WARN] PackLoader:240 - Cannot read IP mode file for STMicroelectronics.X-CUBE-BLEMGR.3.1.0
2025-10-25 20:28:57,501 [WARN] PackLoader:240 - Cannot read IP mode file for STMicroelectronics.FP-SNS-STBOX1.2.1.0
2025-10-25 20:28:57,522 [WARN] PackLoader:240 - Cannot read IP mode file for STMicroelectronics.FP-SNS-SMARTAG2.1.2.0
2025-10-25 20:28:57,530 [WARN] PackLoader:240 - Cannot read IP mode file for STMicroelectronics.FP-SNS-FLIGHT1.5.1.0
2025-10-25 20:28:57,548 [INFO] LogOutputStream:77 - [STDOUT_REDIRECT] 1 : Invalid condition id : UX_CORESTACK_Condition cause : null
2025-10-25 20:28:57,549 [INFO] LogOutputStream:77 - [STDOUT_REDIRECT] 1 : Invalid condition id : UX_CORESTACK_Condition cause : null
2025-10-25 20:28:57,551 [INFO] LogOutputStream:77 - [STDOUT_REDIRECT] 1 : Invalid condition id : UX_CORESTACK_Condition cause : null
2025-10-25 20:28:57,554 [INFO] LogOutputStream:77 - [STDOUT_REDIRECT] 1 : Invalid condition id : UX_CORESTACK_Condition cause : null
2025-10-25 20:28:57,556 [INFO] LogOutputStream:77 - [STDOUT_REDIRECT] 1 : Invalid condition id : UX_CORESTACK_Condition cause : null
2025-10-25 20:28:57,559 [WARN] PackLoader:240 - Cannot read IP mode file for STMicroelectronics.X-CUBE-AZRTOS-WL.2.0.0
2025-10-25 20:28:57,566 [WARN] PackLoader:240 - Cannot read IP mode file for STMicroelectronics.FP-SNS-MOTENV1.5.0.0
2025-10-25 20:28:57,574 [WARN] PackLoader:240 - Cannot read IP mode file for wolfSSL.I-CUBE-wolfMQTT.1.19.0
2025-10-25 20:28:57,587 [WARN] PackLoader:240 - Cannot read IP mode file for WES.I-CUBE-Cesium.1.3.0
2025-10-25 20:28:57,606 [WARN] PackLoader:240 - Cannot read IP mode file for STMicroelectronics.X-CUBE-BLE2.3.3.0
2025-10-25 20:28:57,622 [WARN] PackLoader:240 - Cannot read IP mode file for STMicroelectronics.X-CUBE-NFC9.1.0.0
2025-10-25 20:28:57,632 [WARN] PackLoader:240 - Cannot read IP mode file for STMicroelectronics.X-CUBE-BLE1.7.1.0
2025-10-25 20:28:57,643 [WARN] PackLoader:240 - Cannot read IP mode file for STMicroelectronics.X-CUBE-TCPP.4.1.0
2025-10-25 20:28:57,654 [WARN] PackLoader:240 - Cannot read IP mode file for STMicroelectronics.X-CUBE-EEPRMA1.5.2.0
2025-10-25 20:28:57,664 [WARN] PackLoader:240 - Cannot read IP mode file for STMicroelectronics.X-CUBE-ST67W61.1.1.0
2025-10-25 20:28:57,685 [WARN] PackLoader:240 - Cannot read IP mode file for STMicroelectronics.X-CUBE-AZRTOS-G0.1.1.0
2025-10-25 20:28:57,698 [WARN] PackLoader:240 - Cannot read IP mode file for STMicroelectronics.X-CUBE-SAFEA1.1.2.2
2025-10-25 20:28:57,708 [WARN] PackLoader:240 - Cannot read IP mode file for STMicroelectronics.X-CUBE-NFC4.3.0.0
2025-10-25 20:28:57,726 [WARN] PackLoader:240 - Cannot read IP mode file for EmbeddedOffice.I-CUBE-FS-RTOS.1.0.1
2025-10-25 20:28:57,734 [WARN] PackLoader:240 - Cannot read IP mode file for STMicroelectronics.X-CUBE-WB05N.2.0.0
2025-10-25 20:28:57,742 [WARN] PackLoader:240 - Cannot read IP mode file for STMicroelectronics.X-CUBE-TCPP.4.2.0
2025-10-25 20:28:57,755 [WARN] PackLoader:240 - Cannot read IP mode file for RealThread.X-CUBE-RT-Thread_Nano.4.1.1
2025-10-25 20:28:57,762 [WARN] PackLoader:240 - Cannot read IP mode file for STMicroelectronics.FP-ATR-SIGFOX1.3.2.0
2025-10-25 20:28:57,768 [WARN] PackLoader:240 - Cannot read IP mode file for wolfSSL.I-CUBE-wolfSSL.5.7.2
2025-10-25 20:28:57,775 [WARN] PackLoader:240 - Cannot read IP mode file for STMicroelectronics.X-CUBE-EEPRMA1.5.1.0
2025-10-25 20:28:57,784 [WARN] PackLoader:240 - Cannot read IP mode file for ITTIA_DB.I-CUBE-ITTIADB.8.9.0
2025-10-25 20:28:57,792 [WARN] PackLoader:240 - Cannot read IP mode file for STMicroelectronics.X-CUBE-ST67W61.1.0.0
2025-10-25 20:28:57,798 [WARN] PackLoader:240 - Cannot read IP mode file for STMicroelectronics.X-CUBE-AI.10.2.0
2025-10-25 20:28:57,833 [WARN] PackLoader:240 - Cannot read IP mode file for SEGGER.I-CUBE-embOS.1.3.1
2025-10-25 20:28:57,895 [WARN] PackLoader:240 - Cannot read IP mode file for STMicroelectronics.X-CUBE-ALGOBUILD.1.4.0
2025-10-25 20:28:58,058 [WARN] PackLoader:240 - Cannot read IP mode file for STMicroelectronics.X-CUBE-MEMS1.11.3.0
2025-10-25 20:28:58,418 [WARN] PackLoader:240 - Cannot read IP mode file for STMicroelectronics.X-CUBE-PM33A1.1.0.0
2025-10-25 20:28:58,436 [WARN] PackLoader:240 - Cannot read IP mode file for STMicroelectronics.X-CUBE-GNSS1.6.0.0
2025-10-25 20:28:58,464 [WARN] PackLoader:240 - Cannot read IP mode file for STMicroelectronics.X-CUBE-AZRTOS-F4.1.1.0
2025-10-25 20:28:58,487 [WARN] PackLoader:240 - Cannot read IP mode file for Avnet-IotConnect.X-CUBE-IoTC-DA16k-PMOD.1.0.0
2025-10-25 20:28:58,495 [WARN] PackLoader:240 - Cannot read IP mode file for STMicroelectronics.X-CUBE-ISPU.2.1.0
2025-10-25 20:28:58,526 [WARN] PackLoader:240 - Cannot read IP mode file for STMicroelectronics.X-CUBE-IPS.3.2.0
2025-10-25 20:28:58,546 [WARN] PackLoader:240 - Cannot read IP mode file for STMicroelectronics.X-CUBE-FREERTOS.1.2.0
2025-10-25 20:28:58,560 [WARN] PackLoader:240 - Cannot read IP mode file for STMicroelectronics.X-CUBE-NFC12.1.0.0
2025-10-25 20:28:58,591 [WARN] PackLoader:240 - Cannot read IP mode file for STMicroelectronics.X-CUBE-AZRTOS-L5.2.0.0
2025-10-25 20:28:58,606 [WARN] PackLoader:240 - Cannot read IP mode file for STMicroelectronics.X-CUBE-NFC6.3.1.0
2025-10-25 20:28:58,619 [INFO] WebApp:463 - Apply proxy settings
2025-10-25 20:28:58,620 [INFO] WebApp:548 - Chromium requires no authentication
2025-10-25 20:28:58,621 [WARN] PackLoader:240 - Cannot read IP mode file for STMicroelectronics.X-CUBE-DPower.1.2.0
2025-10-25 20:28:58,629 [WARN] PackLoader:240 - Cannot read IP mode file for STMicroelectronics.X-CUBE-AI.9.0.0
2025-10-25 20:28:58,640 [WARN] PackLoader:240 - Cannot read IP mode file for STMicroelectronics.X-CUBE-FREERTOS.1.3.1
2025-10-25 20:28:58,647 [INFO] WebApp:491 - Direct internet connection detected
2025-10-25 20:28:58,651 [WARN] PackLoader:240 - Cannot read IP mode file for STMicroelectronics.X-CUBE-NFC7.1.0.1
2025-10-25 20:28:58,659 [WARN] PackLoader:240 - Cannot read IP mode file for wolfSSL.I-CUBE-wolfTPM.3.2.0
2025-10-25 20:28:58,670 [WARN] PackLoader:240 - Cannot read IP mode file for STMicroelectronics.X-CUBE-TOUCHGFX.4.26.0
2025-10-25 20:28:58,682 [WARN] PackLoader:240 - Cannot read IP mode file for STMicroelectronics.FP-SNS-STAIOTCFT.1.0.0
2025-10-25 20:28:58,693 [WARN] PackLoader:240 - Cannot read IP mode file for STMicroelectronics.X-CUBE-DPower.1.3.0
2025-10-25 20:28:58,722 [WARN] ConditionMgr:438 - getConditionDescription Invalid condition id : LAN8742 Phy interface Condition cause : null
2025-10-25 20:28:58,723 [WARN] PackLoader:240 - Cannot read IP mode file for STMicroelectronics.X-CUBE-AZRTOS-L4.2.0.0
2025-10-25 20:28:58,725 [WARN] ConditionMgr:1044 - genDependencies : Invalid condition id : LAN8742 Phy interface Condition cause : null
2025-10-25 20:28:58,725 [WARN] ConditionMgr:1044 - genDependencies : Invalid condition id : LAN8742 Phy interface Condition cause : null
2025-10-25 20:28:58,726 [WARN] ConditionMgr:1044 - genDependencies : Invalid condition id : LAN8742 Phy interface Condition cause : null
2025-10-25 20:28:58,728 [INFO] WebApp:900 - Register for checkConnection events
2025-10-25 20:28:58,728 [INFO] WebApp:463 - Apply proxy settings
2025-10-25 20:28:58,728 [INFO] WebApp:548 - Chromium requires no authentication
2025-10-25 20:28:58,729 [INFO] WebApp:491 - Direct internet connection detected
2025-10-25 20:28:58,744 [WARN] PackLoader:240 - Cannot read IP mode file for STMicroelectronics.X-CUBE-SFXS2LP1.4.0.0
2025-10-25 20:28:58,775 [WARN] PackLoader:240 - Cannot read IP mode file for STMicroelectronics.X-CUBE-AZRTOS-H7.3.3.0
2025-10-25 20:28:58,797 [WARN] PackLoader:240 - Cannot read IP mode file for STMicroelectronics.X-CUBE-BLEMGR.4.1.0
2025-10-25 20:28:58,823 [WARN] ConditionMgr:438 - getConditionDescription Invalid condition id : UX DEVICE CLASS RTOS Condition cause : null
2025-10-25 20:28:58,824 [WARN] ConditionMgr:438 - getConditionDescription Invalid condition id : UX DEVICE CLASS RTOS Condition cause : null
2025-10-25 20:28:58,828 [WARN] PackLoader:240 - Cannot read IP mode file for STMicroelectronics.X-CUBE-AZRTOS-WB.2.0.0
2025-10-25 20:28:58,829 [WARN] ConditionMgr:1044 - genDependencies : Invalid condition id : UX DEVICE CLASS RTOS Condition cause : null
2025-10-25 20:28:58,829 [WARN] ConditionMgr:1044 - genDependencies : Invalid condition id : UX DEVICE CLASS RTOS Condition cause : null
2025-10-25 20:28:58,830 [WARN] ConditionMgr:1044 - genDependencies : Invalid condition id : UX DEVICE CLASS RTOS Condition cause : null
2025-10-25 20:28:58,831 [WARN] ConditionMgr:1044 - genDependencies : Invalid condition id : UX DEVICE CLASS RTOS Condition cause : null
2025-10-25 20:28:58,831 [WARN] ConditionMgr:1044 - genDependencies : Invalid condition id : UX DEVICE CLASS RTOS Condition cause : null
2025-10-25 20:28:58,842 [WARN] PackLoader:240 - Cannot read IP mode file for STMicroelectronics.X-CUBE-GNSS1.7.0.0
2025-10-25 20:28:58,851 [WARN] PackLoader:240 - Cannot read IP mode file for STMicroelectronics.X-CUBE-GNSS1.7.0.1
2025-10-25 20:28:58,859 [WARN] PackLoader:240 - Cannot read IP mode file for STMicroelectronics.X-CUBE-TOUCHGFX.4.25.0
2025-10-25 20:28:58,870 [WARN] PackLoader:240 - Cannot read IP mode file for STMicroelectronics.FP-SNS-STBOX1.2.0.0
2025-10-25 20:28:58,882 [WARN] ConditionMgr:438 - getConditionDescription Invalid condition id : Cortex-A Device cause : null
2025-10-25 20:28:58,910 [WARN] ConditionMgr:1044 - genDependencies : Invalid condition id : Cortex-A Device cause : null
2025-10-25 20:28:58,910 [WARN] ConditionMgr:1044 - genDependencies : Invalid condition id : Cortex-A Device cause : null
2025-10-25 20:28:58,910 [WARN] ConditionMgr:1044 - genDependencies : Invalid condition id : Cortex-A Device cause : null
2025-10-25 20:28:58,925 [WARN] PackLoader:240 - Cannot read IP mode file for STMicroelectronics.X-CUBE-SUBG2.5.0.0
2025-10-25 20:28:58,961 [WARN] PackLoader:240 - Cannot read IP mode file for STMicroelectronics.X-CUBE-AZRTOS-H7RS.1.1.0
2025-10-25 20:28:58,976 [WARN] PackLoader:240 - Cannot read IP mode file for Cesanta.I-CUBE-Mongoose.7.13.0
2025-10-25 20:28:59,004 [WARN] PackLoader:240 - Cannot read IP mode file for STMicroelectronics.X-CUBE-AZRTOS-G4.2.0.0
2025-10-25 20:28:59,029 [WARN] PackLoader:240 - Cannot read IP mode file for STMicroelectronics.X-CUBE-NFC7.2.0.0
2025-10-25 20:28:59,042 [WARN] PackLoader:240 - Cannot read IP mode file for STMicroelectronics.X-CUBE-ISPU.2.0.0
2025-10-25 20:28:59,064 [WARN] PackLoader:240 - Cannot read IP mode file for STMicroelectronics.X-CUBE-IPS.3.1.0
2025-10-25 20:28:59,089 [WARN] PackLoader:240 - Cannot read IP mode file for STMicroelectronics.X-CUBE-ALS.1.0.2
2025-10-25 20:28:59,202 [WARN] PackLoader:240 - Cannot read IP mode file for STMicroelectronics.X-CUBE-MEMS1.10.0.0
2025-10-25 20:28:59,381 [INFO] WebApp:191 - Connection restablished
2025-10-25 20:28:59,419 [INFO] WebApp:225 - Starting web application
2025-10-25 20:28:59,420 [INFO] WebApp:593 - Web application path used C:\ST\STM32CubeIDE_1.16.0\STM32CubeIDE\plugins\com.st.stm32cube.common.mx_6.15.0.202507011659\db\plugins\mcufinder\reactClient1\index.html
2025-10-25 20:28:59,519 [WARN] PackLoader:240 - Cannot read IP mode file for STMicroelectronics.X-CUBE-TOUCHGFX.4.24.0
2025-10-25 20:28:59,528 [WARN] PackLoader:240 - Cannot read IP mode file for STMicroelectronics.X-CUBE-TOUCHGFX.4.24.1
2025-10-25 20:28:59,546 [WARN] PackLoader:240 - Cannot read IP mode file for STMicroelectronics.X-CUBE-STSE01.1.0.0
2025-10-25 20:28:59,569 [WARN] PackLoader:240 - Cannot read IP mode file for portGmbH.I-Cube-SoM-uGOAL.1.1.0
2025-10-25 20:28:59,608 [WARN] PackLoader:240 - Cannot read IP mode file for STMicroelectronics.X-CUBE-AZRTOS-H7RS.1.0.0
2025-10-25 20:28:59,622 [WARN] PackLoader:240 - Cannot read IP mode file for STMicroelectronics.FP-ATR-ASTRA1.2.0.0
2025-10-25 20:28:59,648 [WARN] PackLoader:240 - Cannot read IP mode file for STMicroelectronics.X-CUBE-TOF1.3.4.2
2025-10-25 20:28:59,771 [WARN] PackLoader:240 - Cannot read IP mode file for STMicroelectronics.X-CUBE-TOF1.3.4.3
2025-10-25 20:28:59,785 [INFO] UserAuth:487 - Internet connection configuration mode: 1
2025-10-25 20:28:59,929 [WARN] PackLoader:240 - Cannot read IP mode file for STMicroelectronics.X-CUBE-TOF1.3.4.1
2025-10-25 20:29:00,099 [WARN] PackLoader:240 - Cannot read IP mode file for STMicroelectronics.X-CUBE-AZRTOS-H7.3.2.0
2025-10-25 20:29:00,209 [WARN] PackLoader:240 - Cannot read IP mode file for Infineon.AIROC-Wi-Fi-Bluetooth-STM32.1.6.0
2025-10-25 20:29:00,246 [WARN] PackLoader:240 - Cannot read IP mode file for wolfSSL.I-CUBE-wolfSSH.1.4.17
2025-10-25 20:29:00,247 [INFO] ThirdParty:978 - Integrity check success = true
2025-10-25 20:29:00,247 [INFO] IntegrityCheckThread:100 - exiting critical section [integrity check]
2025-10-25 20:29:00,248 [INFO] IntegrityCheckThread:103 - End integrity checks thread
2025-10-25 20:29:20,224 [INFO] McuFinderGlobals:63 - Set McuFinder mode to 2 (CubeIDE integrated)
2025-10-25 20:29:20,230 [INFO] MainUpdater:2872 - connection check result : 10
2025-10-25 20:29:20,231 [INFO] MainUpdater:2872 - connection check result : 10
2025-10-25 20:29:20,285 [INFO] MicroXplorer:468 - Change Database Path : 
2025-10-25 20:29:20,285 [INFO] MicroXplorer:498 - Change Database Version : DB.6.0.150
2025-10-25 20:29:20,295 [WARN] ThirdParty:871 - waiting for thirdparty lock release [close project]
2025-10-25 20:29:20,295 [INFO] ThirdParty:873 - entering critical section [close project]
2025-10-25 20:29:20,296 [INFO] ThirdParty:883 - exiting critical section [close project]
2025-10-25 20:29:20,300 [INFO] PinOutPanel:1589 - setPackage(No Configuration,No Configuration)
2025-10-25 20:29:20,302 [INFO] UtilMem:75 - Begin LoadConfig() Used Memory: 226703616 Bytes (268435456)
2025-10-25 20:29:20,306 [INFO] MicroXplorer:468 - Change Database Path : 
2025-10-25 20:29:20,306 [INFO] MicroXplorer:498 - Change Database Version : DB.6.0.150
2025-10-25 20:29:20,306 [INFO] OpenFileManager:355 - Change cursor
2025-10-25 20:29:20,345 [INFO] Mcu:2029 - Initializing MCU STM32F303K(6-8)Tx STM32F303K8Tx STM32F303K8T6
2025-10-25 20:29:22,503 [INFO] Context:786 - Trying to add GPIOservice into a context  which must be forbidden
2025-10-25 20:29:23,108 [INFO] ImportTextPane:234 - (OptionalMessage_ERROR) Pin6 (VP_RIF_VS_RIF1) cannot be retrieved for this MCU
2025-10-25 20:29:23,352 [INFO] RtosManager:558 - Registered RTOS mode: class=CMSIS, group=RTOS, mode=CMSIS_V1, owner=FREERTOS
2025-10-25 20:29:23,352 [INFO] RtosManager:558 - Registered RTOS mode: class=CMSIS, group=RTOS2, mode=CMSIS_V2, owner=FREERTOS
2025-10-25 20:29:23,352 [INFO] RtosManager:558 - Registered RTOS mode: class=RTOS, group=Core, mode=CMSIS_V1, owner=FREERTOS
2025-10-25 20:29:23,352 [INFO] RtosManager:558 - Registered RTOS mode: class=RTOS, group=Core, mode=CMSIS_V2, owner=FREERTOS
2025-10-25 20:29:23,353 [WARN] ModelIntegratedComponent:184 - Missing modes for component STMicroelectronics:FreeRTOS:0.0.1:STMicroelectronics:RTOS:FreeRTOS:Core:::10.2.0:
2025-10-25 20:29:23,362 [WARN] ModelIntegratedComponent:63 - No mode defined for component null
2025-10-25 20:29:23,362 [WARN] ModelIntegratedComponent:63 - No mode defined for component null
2025-10-25 20:29:23,362 [WARN] ModelIntegratedComponent:63 - No mode defined for component null
2025-10-25 20:29:23,362 [WARN] ModelIntegratedComponent:63 - No mode defined for component null
2025-10-25 20:29:23,363 [WARN] ModelIntegratedComponent:63 - No mode defined for component null
2025-10-25 20:29:23,363 [WARN] ModelIntegratedComponent:63 - No mode defined for component null
2025-10-25 20:29:23,363 [WARN] ModelIntegratedComponent:63 - No mode defined for component null
2025-10-25 20:29:23,363 [WARN] ModelIntegratedComponent:63 - No mode defined for component null
2025-10-25 20:29:23,363 [WARN] ModelIntegratedComponent:63 - No mode defined for component null
2025-10-25 20:29:23,363 [WARN] ModelIntegratedComponent:63 - No mode defined for component null
2025-10-25 20:29:23,363 [WARN] ModelIntegratedComponent:63 - No mode defined for component null
2025-10-25 20:29:23,363 [WARN] ModelIntegratedComponent:63 - No mode defined for component null
2025-10-25 20:29:23,363 [WARN] ModelIntegratedComponent:63 - No mode defined for component null
2025-10-25 20:29:23,363 [WARN] ModelIntegratedComponent:63 - No mode defined for component null
2025-10-25 20:29:23,363 [WARN] ModelIntegratedComponent:63 - No mode defined for component null
2025-10-25 20:29:23,363 [WARN] ModelIntegratedComponent:63 - No mode defined for component null
2025-10-25 20:29:23,363 [WARN] ModelIntegratedComponent:63 - No mode defined for component null
2025-10-25 20:29:23,363 [WARN] ModelIntegratedComponent:63 - No mode defined for component null
2025-10-25 20:29:23,363 [WARN] ModelIntegratedComponent:63 - No mode defined for component null
2025-10-25 20:29:23,363 [WARN] ModelIntegratedComponent:63 - No mode defined for component null
2025-10-25 20:29:23,364 [WARN] ModelIntegratedComponent:63 - No mode defined for component null
2025-10-25 20:29:23,364 [WARN] ModelIntegratedComponent:63 - No mode defined for component null
2025-10-25 20:29:23,364 [WARN] ModelIntegratedComponent:63 - No mode defined for component null
2025-10-25 20:29:23,364 [WARN] ModelIntegratedComponent:63 - No mode defined for component null
2025-10-25 20:29:23,364 [WARN] ModelIntegratedComponent:63 - No mode defined for component null
2025-10-25 20:29:23,364 [WARN] ModelIntegratedComponent:63 - No mode defined for component null
2025-10-25 20:29:23,364 [WARN] ModelIntegratedComponent:63 - No mode defined for component null
2025-10-25 20:29:23,364 [WARN] ModelIntegratedComponent:63 - No mode defined for component null
2025-10-25 20:29:23,364 [WARN] ModelIntegratedComponent:63 - No mode defined for component null
2025-10-25 20:29:23,364 [WARN] ModelIntegratedComponent:63 - No mode defined for component null
2025-10-25 20:29:23,364 [WARN] ModelIntegratedComponent:63 - No mode defined for component null
2025-10-25 20:29:23,365 [WARN] ModelIntegratedComponent:63 - No mode defined for component null
2025-10-25 20:29:23,365 [WARN] ModelIntegratedComponent:63 - No mode defined for component null
2025-10-25 20:29:23,365 [WARN] ModelIntegratedComponent:63 - No mode defined for component null
2025-10-25 20:29:23,365 [WARN] ModelIntegratedComponent:63 - No mode defined for component null
2025-10-25 20:29:23,365 [WARN] ModelPack:524 - Component already loaded: STMicroelectronics:HAL Drivers:0.0.0:STMicroelectronics:Device:STMicro_Driver:XSPI:HAL::0.0.1:HAL_XSPI
2025-10-25 20:29:23,599 [INFO] ThirdPartyModel:298 - Start build external matchings
2025-10-25 20:29:24,929 [INFO] ThirdPartyModel:316 - End build external matchings
2025-10-25 20:29:25,270 [INFO] ApiDb:581 - Connected to CubeFinder SQLite database (C:\Users\rolni\.stmcufinder\plugins\mcufinder\mcu\cube-finder-db.db)
2025-10-25 20:29:25,372 [INFO] ApiDb:668 - CubeFinder database Data Model version=2.1
2025-10-25 20:29:25,372 [INFO] ApiDb:669 - CubeFinder database Configuration version=3.0.39
2025-10-25 20:29:25,372 [INFO] ApiDb:670 - CubeFinder database generation date=2025-08-25 (1756130511)
2025-10-25 20:29:25,373 [INFO] ApiDb:671 - CubeFinder database FW Pack versions=[FP-ATR-ASTRA1_V2.0.0, FP-SNS-FLIGHT1_V5.1.0, FP-SNS-MOTENV1_V5.0.0, FP-SNS-MOTENVWB1_V1.4.0, FP-SNS-SMARTAG2_V1.2.0, FP-SNS-STBOX1_V2.1.0, STM32Cube_FW_C0_V1.4.0, STM32Cube_FW_F4_V1.28.3, STM32Cube_FW_F7_V1.17.4, STM32Cube_FW_G0_V1.6.2, STM32Cube_FW_G4_V1.6.1, STM32Cube_FW_H5_V1.5.0, STM32Cube_FW_H7RS_V1.2.0, STM32Cube_FW_H7_V1.12.1, STM32Cube_FW_L0_V1.12.2, STM32Cube_FW_L4_V1.18.1, STM32Cube_FW_L5_V1.5.1, STM32Cube_FW_N6_V1.2.0, STM32Cube_FW_U0_V1.3.0, STM32Cube_FW_U3_V1.2.0, STM32Cube_FW_U5_V1.8.0, STM32Cube_FW_WB0_V1.3.0, STM32Cube_FW_WBA_V1.7.0, STM32Cube_FW_WB_V1.23.0, STM32Cube_FW_WL3_V1.2.0, STM32Cube_FW_WL_V1.3.1, X-CUBE-ALGOBUILD_V1.4.0, X-CUBE-ALS_V1.0.2, X-CUBE-AZRTOS-F4_V1.1.0, X-CUBE-AZRTOS-F7_V1.1.0, X-CUBE-AZRTOS-G0_V1.1.0, X-CUBE-AZRTOS-G4_V2.0.0, X-CUBE-AZRTOS-H7RS_V1.1.0, X-CUBE-AZRTOS-H7_V3.4.0, X-CUBE-AZRTOS-L4_V2.0.0, X-CUBE-AZRTOS-L5_V2.0.0, X-CUBE-AZRTOS-WB_V2.0.0, X-CUBE-AZRTOS-WL_V2.0.0, X-CUBE-BLE1_V7.1.0, X-CUBE-BLE2_V3.3.0, X-CUBE-BLEMGR_V4.1.0, X-CUBE-EEPRMA1_V5.2.0, X-CUBE-FREERTOS_V1.3.1, X-CUBE-GNSS1_V6.0.0, X-CUBE-MEMS1_V11.3.0, X-CUBE-NFC4_V3.0.0, X-CUBE-NFC7_V2.0.0, X-CUBE-SFXS2LP1_V4.0.0, X-CUBE-ST67W61_V1.0.0, X-CUBE-SUBG2_V5.0.0, X-CUBE-TOF1_V3.4.3]
2025-10-25 20:29:25,535 [INFO] DbBoardsSqlite:226 - include board P-NUCLEO-WB55-NUCLEO as a kit item of type 'Nucleo-64'
2025-10-25 20:29:25,537 [INFO] DbBoardsSqlite:226 - include board P-NUCLEO-WB55-USBDONGLE as a kit item of type 'Nucleo USB Dongle'
2025-10-25 20:29:25,540 [INFO] DbBoardsSqlite:226 - include board STEVAL-IDP005V1 as a kit item of type 'Evaluation Board'
2025-10-25 20:29:25,541 [INFO] DbBoardsSqlite:226 - include board STEVAL-IDP005V2 as a kit item of type 'Evaluation Board'
2025-10-25 20:29:26,093 [INFO] ApiDb:240 - Found 880 in-development CPN: [B-G473E-ZEST1S, B-WB1M-WPAN1, B-WBA5M-WPAN, B-WL5M-SUBG1, NUCLEO-C031C6, NUCLEO-C051C8, NUCLEO-C071RB, NUCLEO-C092RC, NUCLEO-H503RB, NUCLEO-H533RE, NUCLEO-H563ZI, NUCLEO-H7S3L8, NUCLEO-N657X0-Q, NUCLEO-U031R8, NUCLEO-U083RC, NUCLEO-U385RG-Q, NUCLEO-U545RE-Q, NUCLEO-U5A5ZJ-Q, NUCLEO-WB05KZ, NUCLEO-WB07CC, NUCLEO-WB09KE, NUCLEO-WBA52CG, NUCLEO-WBA55CG, NUCLEO-WL33CC1, NUCLEO-WL33CC2, STEVAL-PROTEUS1, STEVAL-SMARTAG2, STEVAL-STWINBX1, STM320518-EVAL, STM32C0116-DK, STM32C011D6Y3TR, STM32C011D6Y6TR, STM32C011F4P3, STM32C011F4P6, STM32C011F4U3, STM32C011F4U6TR, STM32C011F6P3, STM32C011F6P6, STM32C011F6U3, STM32C011F6U6TR, STM32C011J4M3, STM32C011J4M6, STM32C011J6M3, STM32C011J6M6, STM32C0316-DK, STM32C031C4T3, STM32C031C4T6, STM32C031C4U3, STM32C031C4U6, STM32C031C6T3, STM32C031C6T6, STM32C031C6U3, STM32C031C6U6, STM32C031F4P3, STM32C031F4P6, STM32C031F6P3, STM32C031F6P6, STM32C031G4U3, STM32C031G4U6, STM32C031G6U3, STM32C031G6U6, STM32C031K4T3, STM32C031K4T6, STM32C031K4U3, STM32C031K4U6, STM32C031K6T3, STM32C031K6T6, STM32C031K6U3, STM32C031K6U6, STM32C051C6T6, STM32C051C6U6, STM32C051C8T6, STM32C051C8U6, STM32C051D8Y6TR, STM32C051F6P6, STM32C051F8P6, STM32C051G6U6, STM32C051G8U6, STM32C051K6T6, STM32C051K6U6, STM32C051K8T6, STM32C071C8T6, STM32C071C8T6N, STM32C071C8U6, STM32C071C8U6N, STM32C071CBT6, STM32C071CBT6N, STM32C071CBU6, STM32C071CBU6N, STM32C071F8P6, STM32C071F8P6N, STM32C071FBP6, STM32C071FBP6N, STM32C071FBY6TR, STM32C071G8U6, STM32C071G8U6N, STM32C071GBU6, STM32C071GBU6N, STM32C071K8T6, STM32C071K8T6N, STM32C071K8U6, STM32C071K8U6N, STM32C071KBT6, STM32C071KBT6N, STM32C071KBU6, STM32C071KBU6N, STM32C071R8T6, STM32C071R8T6N, STM32C071RBI6N, STM32C071RBT6, STM32C071RBT6N, STM32C091CBT6, STM32C091CBU6, STM32C091CCT6, STM32C091CCU6, STM32C091ECY6TR, STM32C091FBP6, STM32C091FCP6, STM32C091GBU6, STM32C091GCU6, STM32C091KBT6, STM32C091KBU6, STM32C091KCT6, STM32C091KCU6, STM32C091RBT6, STM32C091RCI6, STM32C091RCT6, STM32C092CBT6, STM32C092CBU6, STM32C092CCT6, STM32C092CCU6, STM32C092ECY6TR, STM32C092FBP6, STM32C092FCP6, STM32C092GBU6, STM32C092GCU6, STM32C092KBT6, STM32C092KBU6, STM32C092KCT6, STM32C092KCU6, STM32C092RBT6, STM32C092RCI6, STM32C092RCT6, STM32G071K8TXN, STM32G071K8UXN, STM32G081GBU6N, STM32G081KBT6N, STM32G081KBUXN, STM32G0B1CCT6N, STM32G0B1KCT6, STM32G0B1NEY6TR, STM32G0B1RCT6N, STM32G0C1CCT6, STM32G0C1CCT6N, STM32G0C1CCU6N, STM32G0C1CET6N, STM32G0C1CEU6N, STM32G0C1KCT6, STM32G0C1NEY6TR, STM32G0C1RCI6N, STM32G0C1RCT6N, STM32G0C1REI6N, STM32G0C1RET6N, STM32G0C1VCI6, STM32G0C1VEI6, STM32G411C6T3, STM32G411C6T6, STM32G411C6U3, STM32G411C6U6, STM32G411C8T3, STM32G411C8T6, STM32G411C8U3, STM32G411C8U6, STM32G411CBT3, STM32G411CBT6, STM32G411CBU3, STM32G411CBU6, STM32G411K6T3, STM32G411K6T6, STM32G411K6U3, STM32G411K6U6, STM32G411K8T3, STM32G411K8T6, STM32G411K8U3, STM32G411K8U6, STM32G411KBT3, STM32G411KBT6, STM32G411KBU3, STM32G411KBU6, STM32G411M6T3, STM32G411M6T6, STM32G411M8T3, STM32G411M8T6, STM32G411MBT3, STM32G411MBT6, STM32G411R6T3, STM32G411R6T6, STM32G411R8T3, STM32G411R8T6, STM32G411RBT3, STM32G411RBT6, STM32G414CBT3, STM32G414CBT6, STM32G414CBU3, STM32G414CBU6, STM32G414CCT3, STM32G414CCT6, STM32G414CCU3, STM32G414CCU6, STM32G414MBT3, STM32G414MBT6, STM32G414MCT3, STM32G414MCT6, STM32G414RBT3, STM32G414RBT6, STM32G414RCT3, STM32G414RCT6, STM32G414VBT3, STM32G414VBT6, STM32G414VCT3, STM32G414VCT6, STM32G431CBT3Z, STM32G431RBT3Z, STM32G471CCT6, STM32G471CCU6, STM32G471CET3, STM32G471CET6, STM32G471CEU3, STM32G471CEU6, STM32G471MCT6, STM32G471MET3, STM32G471MET6, STM32G471MEY6TR, STM32G471QCT6, STM32G471QET3, STM32G471RCT6, STM32G471RET3, STM32G471RET6, STM32G471VCH6, STM32G471VCI6, STM32G471VCT6, STM32G471VEH3, STM32G471VEH6, STM32G471VEI3, STM32G471VEI6, STM32G471VET3, STM32G471VET6, STM32G473QET3Z, STM32G473RET3Z, STM32G474CCT6, STM32G491RET3Z, STM32H503CBT6, STM32H503CBU6, STM32H503EBY6TR, STM32H503KBU6, STM32H503RBT6, STM32H523CCT6, STM32H523CCU6, STM32H523CET6, STM32H523CEU6, STM32H523HEY6TR, STM32H523RCT6, STM32H523RET6, STM32H523VCI6, STM32H523VCT6, STM32H523VEI6, STM32H523VET6, STM32H523ZCJ6, STM32H523ZCT6, STM32H523ZEJ6, STM32H523ZET6, STM32H533CET6, STM32H533CEU6, STM32H533HEY6TR, STM32H533RET6, STM32H533VEI6, STM32H533VET6, STM32H533ZEJ6, STM32H533ZET6, STM32H562AGI6, STM32H562AII6, STM32H562IGK6, STM32H562IGT6, STM32H562IIK6, STM32H562IIT6, STM32H562RGT6, STM32H562RGV6, STM32H562RIT6, STM32H562RIV6, STM32H562VGT6, STM32H562VIT6, STM32H562ZGT6, STM32H562ZIT6, STM32H563AGI6, STM32H563AII3Q, STM32H563AII6, STM32H563IGK6, STM32H563IGT6, STM32H563IIK3Q, STM32H563IIK6, STM32H563IIT3Q, STM32H563IIT6, STM32H563MIY3QTR, STM32H563RGT6, STM32H563RGV6, STM32H563RIT6, STM32H563RIV6, STM32H563VGT6, STM32H563VIT3Q, STM32H563VIT6, STM32H563ZGT6, STM32H563ZIT3Q, STM32H563ZIT6, STM32H573AII3Q, STM32H573AII6, STM32H573I-DK, STM32H573IIK3Q, STM32H573IIK6, STM32H573IIT3Q, STM32H573IIT6, STM32H573MIY3QTR, STM32H573RIT6, STM32H573RIV6, STM32H573VIT3Q, STM32H573VIT6, STM32H573ZIT3Q, STM32H573ZIT6, STM32H7R3A8I6, STM32H7R3I8K6, STM32H7R3I8T6, STM32H7R3L8H6, STM32H7R3L8H6H, STM32H7R3R8V6, STM32H7R3V8H6, STM32H7R3V8T6, STM32H7R3V8Y6TR, STM32H7R3Z8J6, STM32H7R3Z8T6, STM32H7R7A8I6, STM32H7R7I8K6, STM32H7R7I8T6, STM32H7R7L8H6, STM32H7R7L8H6H, STM32H7R7Z8J6, STM32H7S3A8I6, STM32H7S3I8K6, STM32H7S3I8T6, STM32H7S3L8H6, STM32H7S3L8H6H, STM32H7S3R8V6, STM32H7S3V8H6, STM32H7S3V8T6, STM32H7S3V8Y6TR, STM32H7S3Z8J6, STM32H7S3Z8T6, STM32H7S78-DK, STM32H7S7A8I6, STM32H7S7I8K6, STM32H7S7I8T6, STM32H7S7L8H6, STM32H7S7L8H6H, STM32H7S7Z8J6, STM32L4R5QGI6STR, STM32MP131AAE3, STM32MP131AAF3, STM32MP131AAG3, STM32MP131CAE3, STM32MP131CAF3, STM32MP131CAG3, STM32MP131DAE7, STM32MP131DAF7, STM32MP131DAG7, STM32MP131FAE7, STM32MP131FAF7, STM32MP131FAG7, STM32MP133AAE3, STM32MP133AAF3, STM32MP133AAG3, STM32MP133CAE3, STM32MP133CAF3, STM32MP133CAG3, STM32MP133DAE7, STM32MP133DAF7, STM32MP133DAG7, STM32MP133FAE7, STM32MP133FAF7, STM32MP133FAG7, STM32MP135AAE3, STM32MP135AAF3, STM32MP135AAG3, STM32MP135CAE3, STM32MP135CAF3, STM32MP135CAG3, STM32MP135DAE7, STM32MP135DAF7, STM32MP135DAG7, STM32MP135F-DK, STM32MP135FAE7, STM32MP135FAF7, STM32MP135FAF7T, STM32MP135FAF7U, STM32MP135FAG7, STM32MP211AAL3, STM32MP211AAM3, STM32MP211AAN3, STM32MP211AAO3, STM32MP211CAL3, STM32MP211CAM3, STM32MP211CAN3, STM32MP211CAO3, STM32MP211DAL3, STM32MP211DAM3, STM32MP211DAN3, STM32MP211DAO3, STM32MP211FAL3, STM32MP211FAM3, STM32MP211FAN3, STM32MP211FAO3, STM32MP213AAL3, STM32MP213AAM3, STM32MP213AAN3, STM32MP213AAO3, STM32MP213CAL3, STM32MP213CAM3, STM32MP213CAN3, STM32MP213CAO3, STM32MP213DAL3, STM32MP213DAM3, STM32MP213DAN3, STM32MP213DAO3, STM32MP213FAL3, STM32MP213FAM3, STM32MP213FAN3, STM32MP213FAO3, STM32MP215AAL3, STM32MP215AAM3, STM32MP215AAN3, STM32MP215AAO3, STM32MP215CAL3, STM32MP215CAM3, STM32MP215CAN3, STM32MP215CAO3, STM32MP215DAL3, STM32MP215DAM3, STM32MP215DAN3, STM32MP215DAO3, STM32MP215F-DK, STM32MP215FAL3, STM32MP215FAM3, STM32MP215FAN3, STM32MP215FAO3, STM32MP231AAJ3, STM32MP231AAK3, STM32MP231AAL3, STM32MP231CAJ3, STM32MP231CAK3, STM32MP231CAL3, STM32MP231DAJ3, STM32MP231DAK3, STM32MP231DAL3, STM32MP231FAJ3, STM32MP231FAK3, STM32MP231FAL3, STM32MP233AAJ3, STM32MP233AAK3, STM32MP233AAL3, STM32MP233CAJ3, STM32MP233CAK3, STM32MP233CAL3, STM32MP233DAJ3, STM32MP233DAK3, STM32MP233DAL3, STM32MP233FAJ3, STM32MP233FAK3, STM32MP233FAL3, STM32MP235AAJ3, STM32MP235AAK3, STM32MP235AAL3, STM32MP235CAJ3, STM32MP235CAK3, STM32MP235CAL3, STM32MP235DAJ3, STM32MP235DAK3, STM32MP235DAL3, STM32MP235FAJ3, STM32MP235FAK3, STM32MP235FAL3, STM32MP251AAI3, STM32MP251AAK3, STM32MP251AAL3, STM32MP251CAI3, STM32MP251CAK3, STM32MP251CAL3, STM32MP251DAI3, STM32MP251DAK3, STM32MP251DAL3, STM32MP251FAI3, STM32MP251FAK3, STM32MP251FAL3, STM32MP253AAI3, STM32MP253AAK3, STM32MP253AAL3, STM32MP253CAI3, STM32MP253CAK3, STM32MP253CAL3, STM32MP253DAI3, STM32MP253DAK3, STM32MP253DAL3, STM32MP253FAI3, STM32MP253FAK3, STM32MP253FAL3, STM32MP255AAI3, STM32MP255AAK3, STM32MP255AAL3, STM32MP255CAI3, STM32MP255CAK3, STM32MP255CAL3, STM32MP255DAI3, STM32MP255DAK3, STM32MP255DAL3, STM32MP255FAI3, STM32MP255FAK3, STM32MP255FAL3, STM32MP257AAI3, STM32MP257AAK3, STM32MP257AAL3, STM32MP257CAI3, STM32MP257CAK3, STM32MP257CAL3, STM32MP257DAI3, STM32MP257DAK3, STM32MP257DAL3, STM32MP257F-DK, STM32MP257F-EV1, STM32MP257FAI3, STM32MP257FAK3, STM32MP257FAL3, STM32N645A0H3Q, STM32N645B0H3Q, STM32N645I0H3Q, STM32N645L0H3Q, STM32N645X0H3Q, STM32N645Z0H3Q, STM32N647A0H3Q, STM32N647B0H3Q, STM32N647I0H3Q, STM32N647L0H3Q, STM32N647X0H3Q, STM32N647Z0H3Q, STM32N655A0H3Q, STM32N655B0H3Q, STM32N655I0H3Q, STM32N655L0H3Q, STM32N655X0H3Q, STM32N655Z0H3Q, STM32N6570-DK, STM32N657A0H3Q, STM32N657B0H3Q, STM32N657I0H3Q, STM32N657L0H3Q, STM32N657X0H3Q, STM32N657Z0H3Q, STM32U031C6T6, STM32U031C6U6, STM32U031C8T6, STM32U031C8U6, STM32U031F4P6, STM32U031F6P6, STM32U031F8P6, STM32U031G6Y6TR, STM32U031G8Y6TR, STM32U031K4U6, STM32U031K6U6, STM32U031K8U6, STM32U031R6I6, STM32U031R6T6, STM32U031R8I6, STM32U031R8T6, STM32U073C8T6, STM32U073C8U6, STM32U073CBT6, STM32U073CBU6, STM32U073CCT6, STM32U073CCU6, STM32U073H8Y6TR, STM32U073HBY6TR, STM32U073HCY6TR, STM32U073K8U6, STM32U073KBU6, STM32U073KCU6, STM32U073M8I6, STM32U073M8T6, STM32U073MBI6, STM32U073MBT6, STM32U073MCI6, STM32U073MCT6, STM32U073R8I6, STM32U073R8T6, STM32U073RBI6, STM32U073RBT6, STM32U073RCI6, STM32U073RCT6, STM32U083C-DK, STM32U083CCT6, STM32U083CCU6, STM32U083HCY6TR, STM32U083KCU6, STM32U083MCI6, STM32U083MCT6, STM32U083RCI6, STM32U083RCT6, STM32U375CET6, STM32U375CET6Q, STM32U375CEU6, STM32U375CEU6Q, STM32U375CEY6QTR, STM32U375CGT6, STM32U375CGT6Q, STM32U375CGU6, STM32U375CGU6Q, STM32U375CGY6QTR, STM32U375KEU6, STM32U375KGU6, STM32U375REI6, STM32U375REI6Q, STM32U375RET6, STM32U375RET6Q, STM32U375REY6GTR, STM32U375REY6QTR, STM32U375RGI6, STM32U375RGI6Q, STM32U375RGT6, STM32U375RGT6Q, STM32U375RGY6GTR, STM32U375RGY6QTR, STM32U375VEI6, STM32U375VEI6Q, STM32U375VET6, STM32U375VET6Q, STM32U375VGI6, STM32U375VGI6Q, STM32U375VGT6, STM32U375VGT6Q, STM32U385CGT6, STM32U385CGT6Q, STM32U385CGU6, STM32U385CGU6Q, STM32U385CGY6QTR, STM32U385KGU6, STM32U385RGI6, STM32U385RGI6Q, STM32U385RGT6, STM32U385RGT6Q, STM32U385RGY6GTR, STM32U385RGY6QTR, STM32U385VGI6, STM32U385VGI6Q, STM32U385VGT6, STM32U385VGT6Q, STM32U535CBT6, STM32U535CBT6Q, STM32U535CBU6, STM32U535CBU6Q, STM32U535CCT6, STM32U535CCT6Q, STM32U535CCU6, STM32U535CCU6Q, STM32U535CET6, STM32U535CET6Q, STM32U535CEU6, STM32U535CEU6Q, STM32U535JEY6QTR, STM32U535NCY6QTR, STM32U535NEY6QTR, STM32U535RBI6, STM32U535RBI6Q, STM32U535RBT6, STM32U535RBT6Q, STM32U535RCI6, STM32U535RCI6Q, STM32U535RCT6, STM32U535RCT6Q, STM32U535REI6, STM32U535REI6Q, STM32U535RET6, STM32U535RET6Q, STM32U535VCI6, STM32U535VCI6Q, STM32U535VCT6, STM32U535VCT6Q, STM32U535VEI6, STM32U535VEI6Q, STM32U535VET6, STM32U535VET6Q, STM32U545CET6, STM32U545CET6Q, STM32U545CEU6, STM32U545CEU6Q, STM32U545JEY6QTR, STM32U545NEY6QTR, STM32U545REI6, STM32U545REI6Q, STM32U545RET6, STM32U545RET6Q, STM32U545VEI6, STM32U545VEI6Q, STM32U545VET6, STM32U545VET6Q, STM32U595AIH6, STM32U595AIH6Q, STM32U595AJH6, STM32U595AJH6Q, STM32U595QII6, STM32U595QII6Q, STM32U595QJI6, STM32U595QJI6Q, STM32U595RIT6, STM32U595RIT6Q, STM32U595RJT6, STM32U595RJT6Q, STM32U595VIT6, STM32U595VIT6Q, STM32U595VJT6, STM32U595VJT6Q, STM32U595ZIT6, STM32U595ZIT6Q, STM32U595ZIY6QTR, STM32U595ZJT6, STM32U595ZJT6Q, STM32U595ZJY6QTR, STM32U599BJY6QTR, STM32U599NIH6Q, STM32U599NJH6Q, STM32U599VIT6Q, STM32U599VJT6, STM32U599VJT6Q, STM32U599ZIT6Q, STM32U599ZIY6QTR, STM32U599ZJT6Q, STM32U599ZJY6QTR, STM32U5A5AJH6, STM32U5A5AJH6Q, STM32U5A5QII3Q , STM32U5A5QJI6, STM32U5A5QJI6Q, STM32U5A5RJT6, STM32U5A5RJT6Q, STM32U5A5VJT6, STM32U5A5VJT6Q, STM32U5A5ZJT6, STM32U5A5ZJT6Q, STM32U5A5ZJY6QTR, STM32U5A9BJY6QTR, STM32U5A9J-DK, STM32U5A9NJH6Q, STM32U5A9VJT6Q, STM32U5A9ZJT6Q, STM32U5A9ZJY6QTR, STM32U5F7VIT6, STM32U5F7VIT6Q, STM32U5F7VJT6, STM32U5F7VJT6Q, STM32U5F9BJY6QTR, STM32U5F9NJH6Q, STM32U5F9VIT6Q, STM32U5F9VJT6Q, STM32U5F9ZIJ6QTR, STM32U5F9ZIT6Q, STM32U5F9ZJJ6QTR, STM32U5F9ZJT6Q, STM32U5G7VJT6, STM32U5G7VJT6Q, STM32U5G9BJY6QTR, STM32U5G9J-DK1, STM32U5G9J-DK2, STM32U5G9NJH6Q, STM32U5G9VJT6Q, STM32U5G9ZJJ6QTR, STM32U5G9ZJT6Q, STM32WB05KZV6TR, STM32WB05KZV7TR, STM32WB05TZF6TR, STM32WB05TZF7TR, STM32WB06CCF6TR, STM32WB06CCF7TR, STM32WB06CCV6TR, STM32WB06CCV7TR, STM32WB06KCV6TR, STM32WB06KCV7TR, STM32WB07CCF6TR, STM32WB07CCF7TR, STM32WB07CCV6TR, STM32WB07CCV7TR, STM32WB07KCV6TR, STM32WB07KCV7TR, STM32WB09KEV6TR, STM32WB09KEV7TR, STM32WB09TEF6TR, STM32WB09TEF7TR, STM32WB1MMCH6, STM32WBA50KGU6, STM32WBA50KGU6TR, STM32WBA52CEU6, STM32WBA52CEU6TR, STM32WBA52CEU7, STM32WBA52CEU7TR, STM32WBA52CGU6, STM32WBA52CGU6TR, STM32WBA52CGU6U, STM32WBA52CGU7, STM32WBA52CGU7TR, STM32WBA52KEU6, STM32WBA52KEU6TR, STM32WBA52KGU6, STM32WBA52KGU6TR, STM32WBA54CEU6, STM32WBA54CEU6TR, STM32WBA54CEU7, STM32WBA54CEU7TR, STM32WBA54CGU6, STM32WBA54CGU6TR, STM32WBA54CGU7, STM32WBA54CGU7TR, STM32WBA54KEU6, STM32WBA54KEU6TR, STM32WBA54KEU7, STM32WBA54KEU7TR, STM32WBA54KGU6, STM32WBA54KGU6TR, STM32WBA54KGU7, STM32WBA54KGU7TR, STM32WBA55CEU6, STM32WBA55CEU6TR, STM32WBA55CEU7, STM32WBA55CEU7TR, STM32WBA55CGU6, STM32WBA55CGU6TR, STM32WBA55CGU6U, STM32WBA55CGU7, STM32WBA55CGU7TR, STM32WBA55G-DK1, STM32WBA55HEF6, STM32WBA55HEF7, STM32WBA55HGF6, STM32WBA55HGF7, STM32WBA55UEI6, STM32WBA55UEI6TR, STM32WBA55UEI7, STM32WBA55UEI7TR, STM32WBA55UGI6, STM32WBA55UGI6TR, STM32WBA55UGI7, STM32WBA55UGI7TR, STM32WBA5MMGH6TR, STM32WBA62MGF6, STM32WBA62MIF6, STM32WBA65MGF7, STM32WBA65MIF6, STM32WBA65MIF7, STM32WL30K8V6, STM32WL30KBV6, STM32WL31C8V6, STM32WL31CBV6, STM32WL31K8V6, STM32WL31KBV6, STM32WL33C8V6, STM32WL33C8V6X, STM32WL33CBV6, STM32WL33CBV6X, STM32WL33CCV6, STM32WL33CCV6A, STM32WL33CCV6X, STM32WL33K8V7, STM32WL33K8V7X, STM32WL33KBV7 , STM32WL33KBV7X, STM32WL33KCV7, STM32WL33KCV7X, STM32WL5MOCH6, STM32WL5MOCH6TR]
2025-10-25 20:29:26,423 [INFO] BoardInfo:889 - No configuration file found for board P-NUCLEO-WB55
2025-10-25 20:29:26,425 [INFO] DbBoards:161 - Kit is not supported: P-NUCLEO-WB55
2025-10-25 20:29:26,433 [INFO] BoardInfo:889 - No configuration file found for board STEVAL-BFA001V1B
2025-10-25 20:29:26,435 [INFO] DbBoards:161 - Kit is not supported: STEVAL-BFA001V1B
2025-10-25 20:29:26,436 [INFO] BoardInfo:889 - No configuration file found for board STEVAL-BFA001V2B
2025-10-25 20:29:26,438 [INFO] DbBoards:161 - Kit is not supported: STEVAL-BFA001V2B
2025-10-25 20:29:26,732 [INFO] DbBoards:168 - Found 212 boards, 209 are supported
2025-10-25 20:29:26,733 [INFO] DbBoards:169 - Found 212 boards, 43 of them is supported for  Bsp
2025-10-25 20:29:26,740 [INFO] ApiDb:668 - CubeFinder database Data Model version=2.1
2025-10-25 20:29:26,740 [INFO] ApiDb:669 - CubeFinder database Configuration version=3.0.39
2025-10-25 20:29:26,740 [INFO] ApiDb:670 - CubeFinder database generation date=2025-08-25 (1756130511)
2025-10-25 20:29:26,740 [INFO] ApiDb:671 - CubeFinder database FW Pack versions=[FP-ATR-ASTRA1_V2.0.0, FP-SNS-FLIGHT1_V5.1.0, FP-SNS-MOTENV1_V5.0.0, FP-SNS-MOTENVWB1_V1.4.0, FP-SNS-SMARTAG2_V1.2.0, FP-SNS-STBOX1_V2.1.0, STM32Cube_FW_C0_V1.4.0, STM32Cube_FW_F4_V1.28.3, STM32Cube_FW_F7_V1.17.4, STM32Cube_FW_G0_V1.6.2, STM32Cube_FW_G4_V1.6.1, STM32Cube_FW_H5_V1.5.0, STM32Cube_FW_H7RS_V1.2.0, STM32Cube_FW_H7_V1.12.1, STM32Cube_FW_L0_V1.12.2, STM32Cube_FW_L4_V1.18.1, STM32Cube_FW_L5_V1.5.1, STM32Cube_FW_N6_V1.2.0, STM32Cube_FW_U0_V1.3.0, STM32Cube_FW_U3_V1.2.0, STM32Cube_FW_U5_V1.8.0, STM32Cube_FW_WB0_V1.3.0, STM32Cube_FW_WBA_V1.7.0, STM32Cube_FW_WB_V1.23.0, STM32Cube_FW_WL3_V1.2.0, STM32Cube_FW_WL_V1.3.1, X-CUBE-ALGOBUILD_V1.4.0, X-CUBE-ALS_V1.0.2, X-CUBE-AZRTOS-F4_V1.1.0, X-CUBE-AZRTOS-F7_V1.1.0, X-CUBE-AZRTOS-G0_V1.1.0, X-CUBE-AZRTOS-G4_V2.0.0, X-CUBE-AZRTOS-H7RS_V1.1.0, X-CUBE-AZRTOS-H7_V3.4.0, X-CUBE-AZRTOS-L4_V2.0.0, X-CUBE-AZRTOS-L5_V2.0.0, X-CUBE-AZRTOS-WB_V2.0.0, X-CUBE-AZRTOS-WL_V2.0.0, X-CUBE-BLE1_V7.1.0, X-CUBE-BLE2_V3.3.0, X-CUBE-BLEMGR_V4.1.0, X-CUBE-EEPRMA1_V5.2.0, X-CUBE-FREERTOS_V1.3.1, X-CUBE-GNSS1_V6.0.0, X-CUBE-MEMS1_V11.3.0, X-CUBE-NFC4_V3.0.0, X-CUBE-NFC7_V2.0.0, X-CUBE-SFXS2LP1_V4.0.0, X-CUBE-ST67W61_V1.0.0, X-CUBE-SUBG2_V5.0.0, X-CUBE-TOF1_V3.4.3]
2025-10-25 20:29:28,984 [INFO] ApiDb:240 - Found 880 in-development CPN: [B-G473E-ZEST1S, B-WB1M-WPAN1, B-WBA5M-WPAN, B-WL5M-SUBG1, NUCLEO-C031C6, NUCLEO-C051C8, NUCLEO-C071RB, NUCLEO-C092RC, NUCLEO-H503RB, NUCLEO-H533RE, NUCLEO-H563ZI, NUCLEO-H7S3L8, NUCLEO-N657X0-Q, NUCLEO-U031R8, NUCLEO-U083RC, NUCLEO-U385RG-Q, NUCLEO-U545RE-Q, NUCLEO-U5A5ZJ-Q, NUCLEO-WB05KZ, NUCLEO-WB07CC, NUCLEO-WB09KE, NUCLEO-WBA52CG, NUCLEO-WBA55CG, NUCLEO-WL33CC1, NUCLEO-WL33CC2, STEVAL-PROTEUS1, STEVAL-SMARTAG2, STEVAL-STWINBX1, STM320518-EVAL, STM32C0116-DK, STM32C011D6Y3TR, STM32C011D6Y6TR, STM32C011F4P3, STM32C011F4P6, STM32C011F4U3, STM32C011F4U6TR, STM32C011F6P3, STM32C011F6P6, STM32C011F6U3, STM32C011F6U6TR, STM32C011J4M3, STM32C011J4M6, STM32C011J6M3, STM32C011J6M6, STM32C0316-DK, STM32C031C4T3, STM32C031C4T6, STM32C031C4U3, STM32C031C4U6, STM32C031C6T3, STM32C031C6T6, STM32C031C6U3, STM32C031C6U6, STM32C031F4P3, STM32C031F4P6, STM32C031F6P3, STM32C031F6P6, STM32C031G4U3, STM32C031G4U6, STM32C031G6U3, STM32C031G6U6, STM32C031K4T3, STM32C031K4T6, STM32C031K4U3, STM32C031K4U6, STM32C031K6T3, STM32C031K6T6, STM32C031K6U3, STM32C031K6U6, STM32C051C6T6, STM32C051C6U6, STM32C051C8T6, STM32C051C8U6, STM32C051D8Y6TR, STM32C051F6P6, STM32C051F8P6, STM32C051G6U6, STM32C051G8U6, STM32C051K6T6, STM32C051K6U6, STM32C051K8T6, STM32C071C8T6, STM32C071C8T6N, STM32C071C8U6, STM32C071C8U6N, STM32C071CBT6, STM32C071CBT6N, STM32C071CBU6, STM32C071CBU6N, STM32C071F8P6, STM32C071F8P6N, STM32C071FBP6, STM32C071FBP6N, STM32C071FBY6TR, STM32C071G8U6, STM32C071G8U6N, STM32C071GBU6, STM32C071GBU6N, STM32C071K8T6, STM32C071K8T6N, STM32C071K8U6, STM32C071K8U6N, STM32C071KBT6, STM32C071KBT6N, STM32C071KBU6, STM32C071KBU6N, STM32C071R8T6, STM32C071R8T6N, STM32C071RBI6N, STM32C071RBT6, STM32C071RBT6N, STM32C091CBT6, STM32C091CBU6, STM32C091CCT6, STM32C091CCU6, STM32C091ECY6TR, STM32C091FBP6, STM32C091FCP6, STM32C091GBU6, STM32C091GCU6, STM32C091KBT6, STM32C091KBU6, STM32C091KCT6, STM32C091KCU6, STM32C091RBT6, STM32C091RCI6, STM32C091RCT6, STM32C092CBT6, STM32C092CBU6, STM32C092CCT6, STM32C092CCU6, STM32C092ECY6TR, STM32C092FBP6, STM32C092FCP6, STM32C092GBU6, STM32C092GCU6, STM32C092KBT6, STM32C092KBU6, STM32C092KCT6, STM32C092KCU6, STM32C092RBT6, STM32C092RCI6, STM32C092RCT6, STM32G071K8TXN, STM32G071K8UXN, STM32G081GBU6N, STM32G081KBT6N, STM32G081KBUXN, STM32G0B1CCT6N, STM32G0B1KCT6, STM32G0B1NEY6TR, STM32G0B1RCT6N, STM32G0C1CCT6, STM32G0C1CCT6N, STM32G0C1CCU6N, STM32G0C1CET6N, STM32G0C1CEU6N, STM32G0C1KCT6, STM32G0C1NEY6TR, STM32G0C1RCI6N, STM32G0C1RCT6N, STM32G0C1REI6N, STM32G0C1RET6N, STM32G0C1VCI6, STM32G0C1VEI6, STM32G411C6T3, STM32G411C6T6, STM32G411C6U3, STM32G411C6U6, STM32G411C8T3, STM32G411C8T6, STM32G411C8U3, STM32G411C8U6, STM32G411CBT3, STM32G411CBT6, STM32G411CBU3, STM32G411CBU6, STM32G411K6T3, STM32G411K6T6, STM32G411K6U3, STM32G411K6U6, STM32G411K8T3, STM32G411K8T6, STM32G411K8U3, STM32G411K8U6, STM32G411KBT3, STM32G411KBT6, STM32G411KBU3, STM32G411KBU6, STM32G411M6T3, STM32G411M6T6, STM32G411M8T3, STM32G411M8T6, STM32G411MBT3, STM32G411MBT6, STM32G411R6T3, STM32G411R6T6, STM32G411R8T3, STM32G411R8T6, STM32G411RBT3, STM32G411RBT6, STM32G414CBT3, STM32G414CBT6, STM32G414CBU3, STM32G414CBU6, STM32G414CCT3, STM32G414CCT6, STM32G414CCU3, STM32G414CCU6, STM32G414MBT3, STM32G414MBT6, STM32G414MCT3, STM32G414MCT6, STM32G414RBT3, STM32G414RBT6, STM32G414RCT3, STM32G414RCT6, STM32G414VBT3, STM32G414VBT6, STM32G414VCT3, STM32G414VCT6, STM32G431CBT3Z, STM32G431RBT3Z, STM32G471CCT6, STM32G471CCU6, STM32G471CET3, STM32G471CET6, STM32G471CEU3, STM32G471CEU6, STM32G471MCT6, STM32G471MET3, STM32G471MET6, STM32G471MEY6TR, STM32G471QCT6, STM32G471QET3, STM32G471RCT6, STM32G471RET3, STM32G471RET6, STM32G471VCH6, STM32G471VCI6, STM32G471VCT6, STM32G471VEH3, STM32G471VEH6, STM32G471VEI3, STM32G471VEI6, STM32G471VET3, STM32G471VET6, STM32G473QET3Z, STM32G473RET3Z, STM32G474CCT6, STM32G491RET3Z, STM32H503CBT6, STM32H503CBU6, STM32H503EBY6TR, STM32H503KBU6, STM32H503RBT6, STM32H523CCT6, STM32H523CCU6, STM32H523CET6, STM32H523CEU6, STM32H523HEY6TR, STM32H523RCT6, STM32H523RET6, STM32H523VCI6, STM32H523VCT6, STM32H523VEI6, STM32H523VET6, STM32H523ZCJ6, STM32H523ZCT6, STM32H523ZEJ6, STM32H523ZET6, STM32H533CET6, STM32H533CEU6, STM32H533HEY6TR, STM32H533RET6, STM32H533VEI6, STM32H533VET6, STM32H533ZEJ6, STM32H533ZET6, STM32H562AGI6, STM32H562AII6, STM32H562IGK6, STM32H562IGT6, STM32H562IIK6, STM32H562IIT6, STM32H562RGT6, STM32H562RGV6, STM32H562RIT6, STM32H562RIV6, STM32H562VGT6, STM32H562VIT6, STM32H562ZGT6, STM32H562ZIT6, STM32H563AGI6, STM32H563AII3Q, STM32H563AII6, STM32H563IGK6, STM32H563IGT6, STM32H563IIK3Q, STM32H563IIK6, STM32H563IIT3Q, STM32H563IIT6, STM32H563MIY3QTR, STM32H563RGT6, STM32H563RGV6, STM32H563RIT6, STM32H563RIV6, STM32H563VGT6, STM32H563VIT3Q, STM32H563VIT6, STM32H563ZGT6, STM32H563ZIT3Q, STM32H563ZIT6, STM32H573AII3Q, STM32H573AII6, STM32H573I-DK, STM32H573IIK3Q, STM32H573IIK6, STM32H573IIT3Q, STM32H573IIT6, STM32H573MIY3QTR, STM32H573RIT6, STM32H573RIV6, STM32H573VIT3Q, STM32H573VIT6, STM32H573ZIT3Q, STM32H573ZIT6, STM32H7R3A8I6, STM32H7R3I8K6, STM32H7R3I8T6, STM32H7R3L8H6, STM32H7R3L8H6H, STM32H7R3R8V6, STM32H7R3V8H6, STM32H7R3V8T6, STM32H7R3V8Y6TR, STM32H7R3Z8J6, STM32H7R3Z8T6, STM32H7R7A8I6, STM32H7R7I8K6, STM32H7R7I8T6, STM32H7R7L8H6, STM32H7R7L8H6H, STM32H7R7Z8J6, STM32H7S3A8I6, STM32H7S3I8K6, STM32H7S3I8T6, STM32H7S3L8H6, STM32H7S3L8H6H, STM32H7S3R8V6, STM32H7S3V8H6, STM32H7S3V8T6, STM32H7S3V8Y6TR, STM32H7S3Z8J6, STM32H7S3Z8T6, STM32H7S78-DK, STM32H7S7A8I6, STM32H7S7I8K6, STM32H7S7I8T6, STM32H7S7L8H6, STM32H7S7L8H6H, STM32H7S7Z8J6, STM32L4R5QGI6STR, STM32MP131AAE3, STM32MP131AAF3, STM32MP131AAG3, STM32MP131CAE3, STM32MP131CAF3, STM32MP131CAG3, STM32MP131DAE7, STM32MP131DAF7, STM32MP131DAG7, STM32MP131FAE7, STM32MP131FAF7, STM32MP131FAG7, STM32MP133AAE3, STM32MP133AAF3, STM32MP133AAG3, STM32MP133CAE3, STM32MP133CAF3, STM32MP133CAG3, STM32MP133DAE7, STM32MP133DAF7, STM32MP133DAG7, STM32MP133FAE7, STM32MP133FAF7, STM32MP133FAG7, STM32MP135AAE3, STM32MP135AAF3, STM32MP135AAG3, STM32MP135CAE3, STM32MP135CAF3, STM32MP135CAG3, STM32MP135DAE7, STM32MP135DAF7, STM32MP135DAG7, STM32MP135F-DK, STM32MP135FAE7, STM32MP135FAF7, STM32MP135FAF7T, STM32MP135FAF7U, STM32MP135FAG7, STM32MP211AAL3, STM32MP211AAM3, STM32MP211AAN3, STM32MP211AAO3, STM32MP211CAL3, STM32MP211CAM3, STM32MP211CAN3, STM32MP211CAO3, STM32MP211DAL3, STM32MP211DAM3, STM32MP211DAN3, STM32MP211DAO3, STM32MP211FAL3, STM32MP211FAM3, STM32MP211FAN3, STM32MP211FAO3, STM32MP213AAL3, STM32MP213AAM3, STM32MP213AAN3, STM32MP213AAO3, STM32MP213CAL3, STM32MP213CAM3, STM32MP213CAN3, STM32MP213CAO3, STM32MP213DAL3, STM32MP213DAM3, STM32MP213DAN3, STM32MP213DAO3, STM32MP213FAL3, STM32MP213FAM3, STM32MP213FAN3, STM32MP213FAO3, STM32MP215AAL3, STM32MP215AAM3, STM32MP215AAN3, STM32MP215AAO3, STM32MP215CAL3, STM32MP215CAM3, STM32MP215CAN3, STM32MP215CAO3, STM32MP215DAL3, STM32MP215DAM3, STM32MP215DAN3, STM32MP215DAO3, STM32MP215F-DK, STM32MP215FAL3, STM32MP215FAM3, STM32MP215FAN3, STM32MP215FAO3, STM32MP231AAJ3, STM32MP231AAK3, STM32MP231AAL3, STM32MP231CAJ3, STM32MP231CAK3, STM32MP231CAL3, STM32MP231DAJ3, STM32MP231DAK3, STM32MP231DAL3, STM32MP231FAJ3, STM32MP231FAK3, STM32MP231FAL3, STM32MP233AAJ3, STM32MP233AAK3, STM32MP233AAL3, STM32MP233CAJ3, STM32MP233CAK3, STM32MP233CAL3, STM32MP233DAJ3, STM32MP233DAK3, STM32MP233DAL3, STM32MP233FAJ3, STM32MP233FAK3, STM32MP233FAL3, STM32MP235AAJ3, STM32MP235AAK3, STM32MP235AAL3, STM32MP235CAJ3, STM32MP235CAK3, STM32MP235CAL3, STM32MP235DAJ3, STM32MP235DAK3, STM32MP235DAL3, STM32MP235FAJ3, STM32MP235FAK3, STM32MP235FAL3, STM32MP251AAI3, STM32MP251AAK3, STM32MP251AAL3, STM32MP251CAI3, STM32MP251CAK3, STM32MP251CAL3, STM32MP251DAI3, STM32MP251DAK3, STM32MP251DAL3, STM32MP251FAI3, STM32MP251FAK3, STM32MP251FAL3, STM32MP253AAI3, STM32MP253AAK3, STM32MP253AAL3, STM32MP253CAI3, STM32MP253CAK3, STM32MP253CAL3, STM32MP253DAI3, STM32MP253DAK3, STM32MP253DAL3, STM32MP253FAI3, STM32MP253FAK3, STM32MP253FAL3, STM32MP255AAI3, STM32MP255AAK3, STM32MP255AAL3, STM32MP255CAI3, STM32MP255CAK3, STM32MP255CAL3, STM32MP255DAI3, STM32MP255DAK3, STM32MP255DAL3, STM32MP255FAI3, STM32MP255FAK3, STM32MP255FAL3, STM32MP257AAI3, STM32MP257AAK3, STM32MP257AAL3, STM32MP257CAI3, STM32MP257CAK3, STM32MP257CAL3, STM32MP257DAI3, STM32MP257DAK3, STM32MP257DAL3, STM32MP257F-DK, STM32MP257F-EV1, STM32MP257FAI3, STM32MP257FAK3, STM32MP257FAL3, STM32N645A0H3Q, STM32N645B0H3Q, STM32N645I0H3Q, STM32N645L0H3Q, STM32N645X0H3Q, STM32N645Z0H3Q, STM32N647A0H3Q, STM32N647B0H3Q, STM32N647I0H3Q, STM32N647L0H3Q, STM32N647X0H3Q, STM32N647Z0H3Q, STM32N655A0H3Q, STM32N655B0H3Q, STM32N655I0H3Q, STM32N655L0H3Q, STM32N655X0H3Q, STM32N655Z0H3Q, STM32N6570-DK, STM32N657A0H3Q, STM32N657B0H3Q, STM32N657I0H3Q, STM32N657L0H3Q, STM32N657X0H3Q, STM32N657Z0H3Q, STM32U031C6T6, STM32U031C6U6, STM32U031C8T6, STM32U031C8U6, STM32U031F4P6, STM32U031F6P6, STM32U031F8P6, STM32U031G6Y6TR, STM32U031G8Y6TR, STM32U031K4U6, STM32U031K6U6, STM32U031K8U6, STM32U031R6I6, STM32U031R6T6, STM32U031R8I6, STM32U031R8T6, STM32U073C8T6, STM32U073C8U6, STM32U073CBT6, STM32U073CBU6, STM32U073CCT6, STM32U073CCU6, STM32U073H8Y6TR, STM32U073HBY6TR, STM32U073HCY6TR, STM32U073K8U6, STM32U073KBU6, STM32U073KCU6, STM32U073M8I6, STM32U073M8T6, STM32U073MBI6, STM32U073MBT6, STM32U073MCI6, STM32U073MCT6, STM32U073R8I6, STM32U073R8T6, STM32U073RBI6, STM32U073RBT6, STM32U073RCI6, STM32U073RCT6, STM32U083C-DK, STM32U083CCT6, STM32U083CCU6, STM32U083HCY6TR, STM32U083KCU6, STM32U083MCI6, STM32U083MCT6, STM32U083RCI6, STM32U083RCT6, STM32U375CET6, STM32U375CET6Q, STM32U375CEU6, STM32U375CEU6Q, STM32U375CEY6QTR, STM32U375CGT6, STM32U375CGT6Q, STM32U375CGU6, STM32U375CGU6Q, STM32U375CGY6QTR, STM32U375KEU6, STM32U375KGU6, STM32U375REI6, STM32U375REI6Q, STM32U375RET6, STM32U375RET6Q, STM32U375REY6GTR, STM32U375REY6QTR, STM32U375RGI6, STM32U375RGI6Q, STM32U375RGT6, STM32U375RGT6Q, STM32U375RGY6GTR, STM32U375RGY6QTR, STM32U375VEI6, STM32U375VEI6Q, STM32U375VET6, STM32U375VET6Q, STM32U375VGI6, STM32U375VGI6Q, STM32U375VGT6, STM32U375VGT6Q, STM32U385CGT6, STM32U385CGT6Q, STM32U385CGU6, STM32U385CGU6Q, STM32U385CGY6QTR, STM32U385KGU6, STM32U385RGI6, STM32U385RGI6Q, STM32U385RGT6, STM32U385RGT6Q, STM32U385RGY6GTR, STM32U385RGY6QTR, STM32U385VGI6, STM32U385VGI6Q, STM32U385VGT6, STM32U385VGT6Q, STM32U535CBT6, STM32U535CBT6Q, STM32U535CBU6, STM32U535CBU6Q, STM32U535CCT6, STM32U535CCT6Q, STM32U535CCU6, STM32U535CCU6Q, STM32U535CET6, STM32U535CET6Q, STM32U535CEU6, STM32U535CEU6Q, STM32U535JEY6QTR, STM32U535NCY6QTR, STM32U535NEY6QTR, STM32U535RBI6, STM32U535RBI6Q, STM32U535RBT6, STM32U535RBT6Q, STM32U535RCI6, STM32U535RCI6Q, STM32U535RCT6, STM32U535RCT6Q, STM32U535REI6, STM32U535REI6Q, STM32U535RET6, STM32U535RET6Q, STM32U535VCI6, STM32U535VCI6Q, STM32U535VCT6, STM32U535VCT6Q, STM32U535VEI6, STM32U535VEI6Q, STM32U535VET6, STM32U535VET6Q, STM32U545CET6, STM32U545CET6Q, STM32U545CEU6, STM32U545CEU6Q, STM32U545JEY6QTR, STM32U545NEY6QTR, STM32U545REI6, STM32U545REI6Q, STM32U545RET6, STM32U545RET6Q, STM32U545VEI6, STM32U545VEI6Q, STM32U545VET6, STM32U545VET6Q, STM32U595AIH6, STM32U595AIH6Q, STM32U595AJH6, STM32U595AJH6Q, STM32U595QII6, STM32U595QII6Q, STM32U595QJI6, STM32U595QJI6Q, STM32U595RIT6, STM32U595RIT6Q, STM32U595RJT6, STM32U595RJT6Q, STM32U595VIT6, STM32U595VIT6Q, STM32U595VJT6, STM32U595VJT6Q, STM32U595ZIT6, STM32U595ZIT6Q, STM32U595ZIY6QTR, STM32U595ZJT6, STM32U595ZJT6Q, STM32U595ZJY6QTR, STM32U599BJY6QTR, STM32U599NIH6Q, STM32U599NJH6Q, STM32U599VIT6Q, STM32U599VJT6, STM32U599VJT6Q, STM32U599ZIT6Q, STM32U599ZIY6QTR, STM32U599ZJT6Q, STM32U599ZJY6QTR, STM32U5A5AJH6, STM32U5A5AJH6Q, STM32U5A5QII3Q , STM32U5A5QJI6, STM32U5A5QJI6Q, STM32U5A5RJT6, STM32U5A5RJT6Q, STM32U5A5VJT6, STM32U5A5VJT6Q, STM32U5A5ZJT6, STM32U5A5ZJT6Q, STM32U5A5ZJY6QTR, STM32U5A9BJY6QTR, STM32U5A9J-DK, STM32U5A9NJH6Q, STM32U5A9VJT6Q, STM32U5A9ZJT6Q, STM32U5A9ZJY6QTR, STM32U5F7VIT6, STM32U5F7VIT6Q, STM32U5F7VJT6, STM32U5F7VJT6Q, STM32U5F9BJY6QTR, STM32U5F9NJH6Q, STM32U5F9VIT6Q, STM32U5F9VJT6Q, STM32U5F9ZIJ6QTR, STM32U5F9ZIT6Q, STM32U5F9ZJJ6QTR, STM32U5F9ZJT6Q, STM32U5G7VJT6, STM32U5G7VJT6Q, STM32U5G9BJY6QTR, STM32U5G9J-DK1, STM32U5G9J-DK2, STM32U5G9NJH6Q, STM32U5G9VJT6Q, STM32U5G9ZJJ6QTR, STM32U5G9ZJT6Q, STM32WB05KZV6TR, STM32WB05KZV7TR, STM32WB05TZF6TR, STM32WB05TZF7TR, STM32WB06CCF6TR, STM32WB06CCF7TR, STM32WB06CCV6TR, STM32WB06CCV7TR, STM32WB06KCV6TR, STM32WB06KCV7TR, STM32WB07CCF6TR, STM32WB07CCF7TR, STM32WB07CCV6TR, STM32WB07CCV7TR, STM32WB07KCV6TR, STM32WB07KCV7TR, STM32WB09KEV6TR, STM32WB09KEV7TR, STM32WB09TEF6TR, STM32WB09TEF7TR, STM32WB1MMCH6, STM32WBA50KGU6, STM32WBA50KGU6TR, STM32WBA52CEU6, STM32WBA52CEU6TR, STM32WBA52CEU7, STM32WBA52CEU7TR, STM32WBA52CGU6, STM32WBA52CGU6TR, STM32WBA52CGU6U, STM32WBA52CGU7, STM32WBA52CGU7TR, STM32WBA52KEU6, STM32WBA52KEU6TR, STM32WBA52KGU6, STM32WBA52KGU6TR, STM32WBA54CEU6, STM32WBA54CEU6TR, STM32WBA54CEU7, STM32WBA54CEU7TR, STM32WBA54CGU6, STM32WBA54CGU6TR, STM32WBA54CGU7, STM32WBA54CGU7TR, STM32WBA54KEU6, STM32WBA54KEU6TR, STM32WBA54KEU7, STM32WBA54KEU7TR, STM32WBA54KGU6, STM32WBA54KGU6TR, STM32WBA54KGU7, STM32WBA54KGU7TR, STM32WBA55CEU6, STM32WBA55CEU6TR, STM32WBA55CEU7, STM32WBA55CEU7TR, STM32WBA55CGU6, STM32WBA55CGU6TR, STM32WBA55CGU6U, STM32WBA55CGU7, STM32WBA55CGU7TR, STM32WBA55G-DK1, STM32WBA55HEF6, STM32WBA55HEF7, STM32WBA55HGF6, STM32WBA55HGF7, STM32WBA55UEI6, STM32WBA55UEI6TR, STM32WBA55UEI7, STM32WBA55UEI7TR, STM32WBA55UGI6, STM32WBA55UGI6TR, STM32WBA55UGI7, STM32WBA55UGI7TR, STM32WBA5MMGH6TR, STM32WBA62MGF6, STM32WBA62MIF6, STM32WBA65MGF7, STM32WBA65MIF6, STM32WBA65MIF7, STM32WL30K8V6, STM32WL30KBV6, STM32WL31C8V6, STM32WL31CBV6, STM32WL31K8V6, STM32WL31KBV6, STM32WL33C8V6, STM32WL33C8V6X, STM32WL33CBV6, STM32WL33CBV6X, STM32WL33CCV6, STM32WL33CCV6A, STM32WL33CCV6X, STM32WL33K8V7, STM32WL33K8V7X, STM32WL33KBV7 , STM32WL33KBV7X, STM32WL33KCV7, STM32WL33KCV7X, STM32WL5MOCH6, STM32WL5MOCH6TR]
2025-10-25 20:29:28,994 [INFO] DbMcus:218 - Found 4801 MCUs, 4801 are supported
2025-10-25 20:29:28,996 [INFO] ApiDb:423 - Load user favorites file C:\Users\rolni/.stm32cubeide/favorites.mcus.txt: 3 item(s)
2025-10-25 20:29:28,996 [INFO] ApiDb:427 - User favorites MCUs=[STM32F303K8T6, STM32F413ZHT6, STM32H755ZIT6]
2025-10-25 20:29:28,996 [INFO] DbMcus:224 - Set 3 / 3 favorites MCUs
2025-10-25 20:29:29,735 [INFO] ApiDb:423 - Load user favorites file C:\Users\rolni/.stm32cubeide/favorites.boards.txt: 1 item(s)
2025-10-25 20:29:29,736 [INFO] ApiDb:427 - User favorites Boards=[NUCLEO-F413ZH]
2025-10-25 20:29:29,736 [INFO] DbBoards:198 - Set 1 / 1 favorites Boards
2025-10-25 20:29:29,809 [INFO] UtilMem:75 - End LoadConfig() Used Memory: 301350880 Bytes (505413632)
2025-10-25 20:29:30,020 [WARN] ThirdParty:833 - waiting for thirdparty lock release [change project]
2025-10-25 20:29:30,021 [INFO] ThirdParty:835 - entering critical section [change project]
2025-10-25 20:29:30,022 [INFO] ThirdParty:1030 - CMSIS Pack Vendor :STMicroelectronics X-CUBE-PM33A1 1.0.0
2025-10-25 20:29:30,022 [INFO] ThirdParty:1030 - CMSIS Pack Vendor :STMicroelectronics USBPD 4.1
2025-10-25 20:29:30,022 [INFO] ThirdParty:1030 - CMSIS Pack Vendor :STMicroelectronics X-CUBE-GNSS1 6.0.0
2025-10-25 20:29:30,023 [INFO] ThirdParty:1030 - CMSIS Pack Vendor :STMicroelectronics USB_HOST 2.0.0
2025-10-25 20:29:30,023 [INFO] ThirdParty:1030 - CMSIS Pack Vendor :STMicroelectronics FP-SNS-MOTENVWB1 1.4.0
2025-10-25 20:29:30,023 [INFO] ThirdParty:1030 - CMSIS Pack Vendor :STMicroelectronics X-CUBE-AZRTOS-F4 1.1.0
2025-10-25 20:29:30,023 [INFO] ThirdParty:1030 - CMSIS Pack Vendor :STMicroelectronics LIBJPEG 8.0.0
2025-10-25 20:29:30,023 [INFO] ThirdParty:1030 - CMSIS Pack Vendor :STMicroelectronics FP-ATR-ASTRA1 2.0.2
2025-10-25 20:29:30,023 [INFO] ThirdParty:1030 - CMSIS Pack Vendor :Avnet-IotConnect X-CUBE-IoTC-DA16k-PMOD 1.0.0
2025-10-25 20:29:30,023 [INFO] ThirdParty:1030 - CMSIS Pack Vendor :STMicroelectronics X-CUBE-SMBUS 2.1.0
2025-10-25 20:29:30,023 [INFO] ThirdParty:1030 - CMSIS Pack Vendor :STMicroelectronics X-CUBE-ISPU 2.1.0
2025-10-25 20:29:30,023 [INFO] ThirdParty:1030 - CMSIS Pack Vendor :STMicroelectronics X-CUBE-IPS 3.2.0
2025-10-25 20:29:30,023 [INFO] ThirdParty:1030 - CMSIS Pack Vendor :STMicroelectronics X-CUBE-FREERTOS 1.2.0
2025-10-25 20:29:30,023 [INFO] ThirdParty:1030 - CMSIS Pack Vendor :STMicroelectronics X-CUBE-ST60 1.0.0
2025-10-25 20:29:30,023 [INFO] ThirdParty:1030 - CMSIS Pack Vendor :STMicroelectronics X-CUBE-NFC12 1.0.0
2025-10-25 20:29:30,023 [INFO] ThirdParty:1030 - CMSIS Pack Vendor :STMicroelectronics X-CUBE-AZRTOS-F7 1.1.0
2025-10-25 20:29:30,023 [INFO] ThirdParty:1030 - CMSIS Pack Vendor :STMicroelectronics X-CUBE-AZRTOS-L5 2.0.0
2025-10-25 20:29:30,023 [INFO] ThirdParty:1030 - CMSIS Pack Vendor :STMicroelectronics USB_DEVICE 2.0.0
2025-10-25 20:29:30,023 [INFO] ThirdParty:1030 - CMSIS Pack Vendor :STMicroelectronics X-CUBE-NFC6 3.1.0
2025-10-25 20:29:30,023 [INFO] ThirdParty:1030 - CMSIS Pack Vendor :STMicroelectronics X-CUBE-MEMS1 11.0.0
2025-10-25 20:29:30,023 [INFO] ThirdParty:1030 - CMSIS Pack Vendor :STMicroelectronics FreeRTOS 0.0.1
2025-10-25 20:29:30,023 [INFO] ThirdParty:1030 - CMSIS Pack Vendor :STMicroelectronics X-CUBE-DPower 1.2.0
2025-10-25 20:29:30,024 [INFO] ThirdParty:1030 - CMSIS Pack Vendor :STMicroelectronics FP-SNS-FLIGHT1 5.0.2
2025-10-25 20:29:30,024 [INFO] ThirdParty:1030 - CMSIS Pack Vendor :STMicroelectronics X-CUBE-AI 9.0.0
2025-10-25 20:29:30,024 [INFO] ThirdParty:1030 - CMSIS Pack Vendor :STMicroelectronics PDM2PCM 3.3.0
2025-10-25 20:29:30,024 [INFO] ThirdParty:1030 - CMSIS Pack Vendor :STMicroelectronics X-CUBE-AZRTOS-H7 3.4.0
2025-10-25 20:29:30,024 [INFO] ThirdParty:1030 - CMSIS Pack Vendor :STMicroelectronics X-CUBE-DISPLAY 3.0.0
2025-10-25 20:29:30,024 [INFO] ThirdParty:1030 - CMSIS Pack Vendor :STMicroelectronics X-CUBE-BLE1 7.0.0
2025-10-25 20:29:30,024 [INFO] ThirdParty:1030 - CMSIS Pack Vendor :STMicroelectronics X-CUBE-NFC10 1.0.0
2025-10-25 20:29:30,024 [INFO] ThirdParty:1030 - CMSIS Pack Vendor :STMicroelectronics X-CUBE-FREERTOS 1.3.1
2025-10-25 20:29:30,024 [INFO] ThirdParty:1030 - CMSIS Pack Vendor :STMicroelectronics HAL Drivers 0.0.0
2025-10-25 20:29:30,024 [INFO] ThirdParty:1030 - CMSIS Pack Vendor :STMicroelectronics X-CUBE-ST60 1.1.0
2025-10-25 20:29:30,024 [INFO] ThirdParty:1030 - CMSIS Pack Vendor :emotas I-CUBE-CANOPEN 1.3.0
2025-10-25 20:29:30,024 [INFO] ThirdParty:1030 - CMSIS Pack Vendor :STMicroelectronics X-CUBE-NFC7 1.0.1
2025-10-25 20:29:30,024 [INFO] ThirdParty:1030 - CMSIS Pack Vendor :STMicroelectronics MBEDTLS 2.14.1
2025-10-25 20:29:30,024 [INFO] ThirdParty:1030 - CMSIS Pack Vendor :wolfSSL I-CUBE-wolfTPM 3.2.0
2025-10-25 20:29:30,024 [INFO] ThirdParty:1030 - CMSIS Pack Vendor :STMicroelectronics X-CUBE-TOUCHGFX 4.26.0
2025-10-25 20:29:30,024 [INFO] ThirdParty:1030 - CMSIS Pack Vendor :STMicroelectronics X-CUBE-BLEMGR 3.1.0
2025-10-25 20:29:30,024 [INFO] ThirdParty:1030 - CMSIS Pack Vendor :STMicroelectronics FP-SNS-STBOX1 2.1.0
2025-10-25 20:29:30,024 [INFO] ThirdParty:1030 - CMSIS Pack Vendor :STMicroelectronics FP-SNS-STAIOTCFT 1.0.0
2025-10-25 20:29:30,024 [INFO] ThirdParty:1030 - CMSIS Pack Vendor :STMicroelectronics FP-SNS-SMARTAG2 1.2.0
2025-10-25 20:29:30,024 [INFO] ThirdParty:1030 - CMSIS Pack Vendor :STMicroelectronics FP-SNS-FLIGHT1 5.1.0
2025-10-25 20:29:30,025 [INFO] ThirdParty:1030 - CMSIS Pack Vendor :STMicroelectronics X-CUBE-AZRTOS-WL 2.0.0
2025-10-25 20:29:30,025 [INFO] ThirdParty:1030 - CMSIS Pack Vendor :STMicroelectronics X-CUBE-DPower 1.3.0
2025-10-25 20:29:30,025 [INFO] ThirdParty:1030 - CMSIS Pack Vendor :STMicroelectronics FP-SNS-MOTENV1 5.0.0
2025-10-25 20:29:30,025 [INFO] ThirdParty:1030 - CMSIS Pack Vendor :STMicroelectronics USB_DEVICE 1.0.0
2025-10-25 20:29:30,025 [INFO] ThirdParty:1030 - CMSIS Pack Vendor :wolfSSL I-CUBE-wolfMQTT 1.19.0
2025-10-25 20:29:30,025 [INFO] ThirdParty:1030 - CMSIS Pack Vendor :STMicroelectronics X-CUBE-AZRTOS-L4 2.0.0
2025-10-25 20:29:30,025 [INFO] ThirdParty:1030 - CMSIS Pack Vendor :STMicroelectronics ThreadX 0.0.2
2025-10-25 20:29:30,025 [INFO] ThirdParty:1030 - CMSIS Pack Vendor :WES I-CUBE-Cesium 1.3.0
2025-10-25 20:29:30,025 [INFO] ThirdParty:1030 - CMSIS Pack Vendor :STMicroelectronics lwIP 2.1.2
2025-10-25 20:29:30,025 [INFO] ThirdParty:1030 - CMSIS Pack Vendor :STMicroelectronics X-CUBE-SFXS2LP1 4.0.0
2025-10-25 20:29:30,025 [INFO] ThirdParty:1030 - CMSIS Pack Vendor :STMicroelectronics X-CUBE-BLE2 3.3.0
2025-10-25 20:29:30,025 [INFO] ThirdParty:1030 - CMSIS Pack Vendor :STMicroelectronics PDM2PCM 3.2.0
2025-10-25 20:29:30,025 [INFO] ThirdParty:1030 - CMSIS Pack Vendor :STMicroelectronics X-CUBE-AZRTOS-H7 3.3.0
2025-10-25 20:29:30,025 [INFO] ThirdParty:1030 - CMSIS Pack Vendor :STMicroelectronics X-CUBE-NFC9 1.0.0
2025-10-25 20:29:30,025 [INFO] ThirdParty:1030 - CMSIS Pack Vendor :STMicroelectronics X-CUBE-BLE1 7.1.0
2025-10-25 20:29:30,025 [INFO] ThirdParty:1030 - CMSIS Pack Vendor :STMicroelectronics USB_DEVICE 3.0.0
2025-10-25 20:29:30,025 [INFO] ThirdParty:1030 - CMSIS Pack Vendor :STMicroelectronics X-CUBE-TCPP 4.1.0
2025-10-25 20:29:30,025 [INFO] ThirdParty:1030 - CMSIS Pack Vendor :STMicroelectronics X-CUBE-EEPRMA1 5.2.0
2025-10-25 20:29:30,025 [INFO] ThirdParty:1030 - CMSIS Pack Vendor :STMicroelectronics X-CUBE-BLEMGR 4.1.0
2025-10-25 20:29:30,025 [INFO] ThirdParty:1030 - CMSIS Pack Vendor :STMicroelectronics X-CUBE-AZRTOS-WB 2.0.0
2025-10-25 20:29:30,025 [INFO] ThirdParty:1030 - CMSIS Pack Vendor :STMicroelectronics X-CUBE-GNSS1 7.0.0
2025-10-25 20:29:30,026 [INFO] ThirdParty:1030 - CMSIS Pack Vendor :STMicroelectronics X-CUBE-GNSS1 7.0.1
2025-10-25 20:29:30,026 [INFO] ThirdParty:1030 - CMSIS Pack Vendor :STMicroelectronics X-CUBE-TOUCHGFX 4.25.0
2025-10-25 20:29:30,026 [INFO] ThirdParty:1030 - CMSIS Pack Vendor :STMicroelectronics X-CUBE-ST67W61 1.1.0
2025-10-25 20:29:30,026 [INFO] ThirdParty:1030 - CMSIS Pack Vendor :STMicroelectronics FP-SNS-STBOX1 2.0.0
2025-10-25 20:29:30,026 [INFO] ThirdParty:1030 - CMSIS Pack Vendor :quantropi X-CUBE-qispace-sdk-base 2.1.0
2025-10-25 20:29:30,026 [INFO] ThirdParty:1030 - CMSIS Pack Vendor :STMicroelectronics X-CUBE-AZRTOS-G0 1.1.0
2025-10-25 20:29:30,026 [INFO] ThirdParty:1030 - CMSIS Pack Vendor :STMicroelectronics X-CUBE-SAFEA1 1.2.2
2025-10-25 20:29:30,026 [INFO] ThirdParty:1030 - CMSIS Pack Vendor :STMicroelectronics X-CUBE-NFC4 3.0.0
2025-10-25 20:29:30,026 [INFO] ThirdParty:1030 - CMSIS Pack Vendor :STMicroelectronics X-CUBE-SUBG2 5.0.0
2025-10-25 20:29:30,026 [INFO] ThirdParty:1030 - CMSIS Pack Vendor :STMicroelectronics X-CUBE-AZRTOS-H7RS 1.1.0
2025-10-25 20:29:30,026 [INFO] ThirdParty:1030 - CMSIS Pack Vendor :STMicroelectronics STM32_WPAN 1.0.0
2025-10-25 20:29:30,026 [INFO] ThirdParty:1030 - CMSIS Pack Vendor :EmbeddedOffice I-CUBE-FS-RTOS 1.0.1
2025-10-25 20:29:30,026 [INFO] ThirdParty:1030 - CMSIS Pack Vendor :STMicroelectronics lwIP 2.0.3
2025-10-25 20:29:30,026 [INFO] ThirdParty:1030 - CMSIS Pack Vendor :Cesanta I-CUBE-Mongoose 7.13.0
2025-10-25 20:29:30,026 [INFO] ThirdParty:1030 - CMSIS Pack Vendor :STMicroelectronics USB_HOST 1.0.0
2025-10-25 20:29:30,026 [INFO] ThirdParty:1030 - CMSIS Pack Vendor :STMicroelectronics X-CUBE-AZRTOS-G4 2.0.0
2025-10-25 20:29:30,026 [INFO] ThirdParty:1030 - CMSIS Pack Vendor :STMicroelectronics X-CUBE-WB05N 2.0.0
2025-10-25 20:29:30,026 [INFO] ThirdParty:1030 - CMSIS Pack Vendor :STMicroelectronics PDM2PCM 3.1.0
2025-10-25 20:29:30,027 [INFO] ThirdParty:1030 - CMSIS Pack Vendor :STMicroelectronics X-CUBE-NFC7 2.0.0
2025-10-25 20:29:30,027 [INFO] ThirdParty:1030 - CMSIS Pack Vendor :STMicroelectronics X-CUBE-TCPP 4.2.0
2025-10-25 20:29:30,027 [INFO] ThirdParty:1030 - CMSIS Pack Vendor :RealThread X-CUBE-RT-Thread_Nano 4.1.1
2025-10-25 20:29:30,027 [INFO] ThirdParty:1030 - CMSIS Pack Vendor :STMicroelectronics FP-ATR-SIGFOX1 3.2.0
2025-10-25 20:29:30,027 [INFO] ThirdParty:1030 - CMSIS Pack Vendor :wolfSSL I-CUBE-wolfSSL 5.7.2
2025-10-25 20:29:30,027 [INFO] ThirdParty:1030 - CMSIS Pack Vendor :STMicroelectronics X-CUBE-ISPU 2.0.0
2025-10-25 20:29:30,027 [INFO] ThirdParty:1030 - CMSIS Pack Vendor :STMicroelectronics X-CUBE-EEPRMA1 5.1.0
2025-10-25 20:29:30,027 [INFO] ThirdParty:1030 - CMSIS Pack Vendor :STMicroelectronics MBEDTLS 2.16.2
2025-10-25 20:29:30,027 [INFO] ThirdParty:1030 - CMSIS Pack Vendor :STMicroelectronics X-CUBE-IPS 3.1.0
2025-10-25 20:29:30,027 [INFO] ThirdParty:1030 - CMSIS Pack Vendor :STMicroelectronics X-CUBE-ALS 1.0.2
2025-10-25 20:29:30,027 [INFO] ThirdParty:1030 - CMSIS Pack Vendor :STMicroelectronics X-CUBE-MEMS1 10.0.0
2025-10-25 20:29:30,027 [INFO] ThirdParty:1030 - CMSIS Pack Vendor :STMicroelectronics X-CUBE-TOUCHGFX 4.24.0
2025-10-25 20:29:30,027 [INFO] ThirdParty:1030 - CMSIS Pack Vendor :ITTIA_DB I-CUBE-ITTIADB 8.9.0
2025-10-25 20:29:30,028 [INFO] ThirdParty:1030 - CMSIS Pack Vendor :STMicroelectronics X-CUBE-TOUCHGFX 4.24.1
2025-10-25 20:29:30,028 [INFO] ThirdParty:1030 - CMSIS Pack Vendor :STMicroelectronics X-CUBE-STSE01 1.0.0
2025-10-25 20:29:30,028 [INFO] ThirdParty:1030 - CMSIS Pack Vendor :portGmbH I-Cube-SoM-uGOAL 1.1.0
2025-10-25 20:29:30,028 [INFO] ThirdParty:1030 - CMSIS Pack Vendor :STMicroelectronics X-CUBE-ST67W61 1.0.0
2025-10-25 20:29:30,028 [INFO] ThirdParty:1030 - CMSIS Pack Vendor :STMicroelectronics X-CUBE-AI 10.2.0
2025-10-25 20:29:30,028 [INFO] ThirdParty:1030 - CMSIS Pack Vendor :STMicroelectronics ThreadX 1.0.0
2025-10-25 20:29:30,028 [INFO] ThirdParty:1030 - CMSIS Pack Vendor :SEGGER I-CUBE-embOS 1.3.1
2025-10-25 20:29:30,028 [INFO] ThirdParty:1030 - CMSIS Pack Vendor :STMicroelectronics X-CUBE-ALGOBUILD 1.4.0
2025-10-25 20:29:30,028 [INFO] ThirdParty:1030 - CMSIS Pack Vendor :STMicroelectronics X-CUBE-MEMS1 11.3.0
2025-10-25 20:29:30,028 [INFO] ThirdParty:1030 - CMSIS Pack Vendor :STMicroelectronics X-CUBE-AZRTOS-H7RS 1.0.0
2025-10-25 20:29:30,028 [INFO] ThirdParty:1030 - CMSIS Pack Vendor :STMicroelectronics FP-ATR-ASTRA1 2.0.0
2025-10-25 20:29:30,028 [INFO] ThirdParty:1030 - CMSIS Pack Vendor :STMicroelectronics X-CUBE-TOF1 3.4.2
2025-10-25 20:29:30,028 [INFO] ThirdParty:1030 - CMSIS Pack Vendor :STMicroelectronics X-CUBE-TOF1 3.4.3
2025-10-25 20:29:30,028 [INFO] ThirdParty:1030 - CMSIS Pack Vendor :STMicroelectronics X-CUBE-TOF1 3.4.1
2025-10-25 20:29:30,028 [INFO] ThirdParty:1030 - CMSIS Pack Vendor :STMicroelectronics X-CUBE-AZRTOS-H7 3.2.0
2025-10-25 20:29:30,028 [INFO] ThirdParty:1030 - CMSIS Pack Vendor :Infineon AIROC-Wi-Fi-Bluetooth-STM32 1.6.0
2025-10-25 20:29:30,028 [INFO] ThirdParty:1030 - CMSIS Pack Vendor :wolfSSL I-CUBE-wolfSSH 1.4.17
2025-10-25 20:29:30,029 [INFO] ThirdParty:841 - exiting critical section [change project]
2025-10-25 20:29:30,565 [INFO] PinOutPanel:1589 - setPackage(No Configuration,No Configuration)
2025-10-25 20:29:30,567 [INFO] PinOutPanel:1589 - setPackage(STM32F303K8Tx,LQFP32)
2025-10-25 20:29:32,123 [INFO] UtilMem:75 - Before build in PCC Used Memory: 478478328 Bytes (522190848)
2025-10-25 20:29:33,877 [INFO] UtilMem:75 - After build in PCC Used Memory: 409295896 Bytes (548405248)
2025-10-25 20:29:33,951 [INFO] IPUIPlugin:80 - create IPUIPlugin
2025-10-25 20:29:33,952 [INFO] IPUIPlugin:80 - create IPUIPlugin
2025-10-25 20:29:33,952 [INFO] IPUIPlugin:80 - create IPUIPlugin
2025-10-25 20:29:33,952 [INFO] IPUIPlugin:80 - create IPUIPlugin
2025-10-25 20:29:33,952 [INFO] IPUIPlugin:80 - create IPUIPlugin
2025-10-25 20:29:33,953 [INFO] IPUIPlugin:80 - create IPUIPlugin
2025-10-25 20:29:33,953 [INFO] IPUIPlugin:80 - create IPUIPlugin
2025-10-25 20:29:33,953 [INFO] IPUIPlugin:80 - create IPUIPlugin
2025-10-25 20:29:33,953 [INFO] IPUIPlugin:80 - create IPUIPlugin
2025-10-25 20:29:33,954 [INFO] IPUIPlugin:80 - create IPUIPlugin
2025-10-25 20:29:33,954 [INFO] IPUIPlugin:80 - create IPUIPlugin
2025-10-25 20:29:33,956 [INFO] IPUIPlugin:80 - create IPUIPlugin
2025-10-25 20:29:33,957 [INFO] IPUIPlugin:80 - create IPUIPlugin
2025-10-25 20:29:33,958 [INFO] IPUIPlugin:80 - create IPUIPlugin
2025-10-25 20:29:33,959 [INFO] IPUIPlugin:80 - create IPUIPlugin
2025-10-25 20:29:33,960 [INFO] IPUIPlugin:80 - create IPUIPlugin
2025-10-25 20:29:33,960 [INFO] IPUIPlugin:80 - create IPUIPlugin
2025-10-25 20:29:33,960 [INFO] IPUIPlugin:80 - create IPUIPlugin
2025-10-25 20:29:33,961 [INFO] IPUIPlugin:80 - create IPUIPlugin
2025-10-25 20:29:33,961 [INFO] IPUIPlugin:80 - create IPUIPlugin
2025-10-25 20:29:33,961 [INFO] IPUIPlugin:80 - create IPUIPlugin
2025-10-25 20:29:33,962 [INFO] IPUIPlugin:80 - create IPUIPlugin
2025-10-25 20:29:33,962 [INFO] IPUIPlugin:80 - create IPUIPlugin
2025-10-25 20:29:33,962 [INFO] IPUIPlugin:80 - create IPUIPlugin
2025-10-25 20:29:33,963 [INFO] IPUIPlugin:80 - create IPUIPlugin
2025-10-25 20:29:33,963 [INFO] IPUIPlugin:80 - create IPUIPlugin
2025-10-25 20:29:33,964 [INFO] IPUIPlugin:80 - create IPUIPlugin
2025-10-25 20:29:33,964 [INFO] IPUIPlugin:80 - create IPUIPlugin
2025-10-25 20:29:33,964 [INFO] IPUIPlugin:80 - create IPUIPlugin
2025-10-25 20:29:33,965 [INFO] IPUIPlugin:80 - create IPUIPlugin
2025-10-25 20:29:33,966 [INFO] IPUIPlugin:80 - create IPUIPlugin
2025-10-25 20:29:33,966 [INFO] IPUIPlugin:80 - create IPUIPlugin
2025-10-25 20:29:33,966 [INFO] IPUIPlugin:80 - create IPUIPlugin
2025-10-25 20:29:33,967 [INFO] IPUIPlugin:80 - create IPUIPlugin
2025-10-25 20:29:34,462 [INFO] CADModel:165 - CPN selected for project levelSTM32F303K8T6
2025-10-25 20:29:34,462 [INFO] CADModel:114 - Register for checkConnection events
2025-10-25 20:29:34,562 [INFO] OpenFileManager:386 - Restore cursor
2025-10-25 20:29:46,646 [INFO] Gpio:278 - dependency for GPIO [I2C1, SYS]
2025-10-25 20:30:13,902 [INFO] UtilMem:75 - End SaveConfig() Used Memory: 601950288 Bytes (927989760)
2025-10-25 20:30:15,153 [INFO] UtilMem:75 - End SaveConfig() Used Memory: 710555488 Bytes (927989760)
2025-10-25 20:30:18,570 [INFO] UtilMem:75 - End SaveConfig() Used Memory: 791096824 Bytes (927989760)
2025-10-25 20:30:19,652 [INFO] BlockDiagram:2775 - set Specific Code input for plugin: NVIC
2025-10-25 20:30:19,655 [INFO] BlockDiagram:2775 - set Specific Code input for plugin: SYS
2025-10-25 20:30:19,660 [INFO] BlockDiagram:2775 - set Specific Code input for plugin: GPIO
2025-10-25 20:30:19,660 [INFO] BlockDiagram:2775 - set Specific Code input for plugin: RCC
2025-10-25 20:30:19,660 [INFO] BlockDiagram:2775 - set Specific Code input for plugin: I2C
2025-10-25 20:30:19,665 [INFO] CodeGenerator:892 - code generatio: config db path: C:\ST\STM32CubeIDE_1.16.0\STM32CubeIDE\plugins\com.st.stm32cube.common.mx_6.15.0.202507011659\\db\
2025-10-25 20:30:19,858 [INFO] CodeEngine:265 - oldGeneratedFile, C:\Users\rolni\kody\Stm32-sensor-module-with-modbus\SCD30\MXTmpFiles\license.tmp_save
2025-10-25 20:30:20,329 [INFO] CodeEngine:289 - Generated code: C:\Users\rolni\kody\Stm32-sensor-module-with-modbus\SCD30\MXTmpFiles\license.tmp
2025-10-25 20:30:20,471 [INFO] CodeEngine:265 - oldGeneratedFile, C:\Users\rolni\kody\Stm32-sensor-module-with-modbus\SCD30\MXTmpFiles\gpio.tmp_save
2025-10-25 20:30:20,637 [INFO] CodeEngine:289 - Generated code: C:\Users\rolni\kody\Stm32-sensor-module-with-modbus\SCD30\MXTmpFiles\gpio.tmp
2025-10-25 20:30:20,754 [INFO] CodeEngine:265 - oldGeneratedFile, C:\Users\rolni\kody\Stm32-sensor-module-with-modbus\SCD30\Core\Src\stm32f3xx_it.c_save
2025-10-25 20:30:20,954 [INFO] CodeEngine:289 - Generated code: C:\Users\rolni\kody\Stm32-sensor-module-with-modbus\SCD30\Core\Src\stm32f3xx_it.c
2025-10-25 20:30:20,968 [INFO] CodeEngine:265 - oldGeneratedFile, C:\Users\rolni\kody\Stm32-sensor-module-with-modbus\SCD30\Core\Inc\stm32f3xx_it.h_save
2025-10-25 20:30:21,087 [INFO] CodeEngine:289 - Generated code: C:\Users\rolni\kody\Stm32-sensor-module-with-modbus\SCD30\Core\Inc\stm32f3xx_it.h
2025-10-25 20:30:21,118 [INFO] CodeEngine:265 - oldGeneratedFile, C:\Users\rolni\kody\Stm32-sensor-module-with-modbus\SCD30\Core\Src\stm32f3xx_hal_msp.c_save
2025-10-25 20:30:21,312 [INFO] CodeEngine:289 - Generated code: C:\Users\rolni\kody\Stm32-sensor-module-with-modbus\SCD30\Core\Src\stm32f3xx_hal_msp.c
2025-10-25 20:30:21,328 [INFO] CodeEngine:265 - oldGeneratedFile, C:\Users\rolni\kody\Stm32-sensor-module-with-modbus\SCD30\MXTmpFiles\system.tmp_save
2025-10-25 20:30:21,408 [INFO] CodeEngine:289 - Generated code: C:\Users\rolni\kody\Stm32-sensor-module-with-modbus\SCD30\MXTmpFiles\system.tmp
2025-10-25 20:30:21,427 [INFO] CodeEngine:321 - oldGeneratedFile, C:\Users\rolni\kody\Stm32-sensor-module-with-modbus\SCD30\Core\Inc\stm32f3xx_hal_conf.h_save
2025-10-25 20:30:21,517 [INFO] CodeEngine:345 - Generated code: C:\Users\rolni\kody\Stm32-sensor-module-with-modbus\SCD30\Core\Inc\stm32f3xx_hal_conf.h
2025-10-25 20:30:21,582 [INFO] ApiDbMcu:532 - Load IP Config File for I2C1
2025-10-25 20:30:21,590 [INFO] ApiDbMcu:532 - Load IP Config File for RCC
2025-10-25 20:30:21,616 [INFO] CodeEngine:265 - oldGeneratedFile, C:\Users\rolni\kody\Stm32-sensor-module-with-modbus\SCD30\Core\Inc\main.h_save
2025-10-25 20:30:21,820 [INFO] CodeEngine:289 - Generated code: C:\Users\rolni\kody\Stm32-sensor-module-with-modbus\SCD30\Core\Inc\main.h
2025-10-25 20:30:21,832 [INFO] CodeEngine:265 - oldGeneratedFile, C:\Users\rolni\kody\Stm32-sensor-module-with-modbus\SCD30\Core\Src\main.c_save
2025-10-25 20:30:22,022 [INFO] CodeEngine:289 - Generated code: C:\Users\rolni\kody\Stm32-sensor-module-with-modbus\SCD30\Core\Src\main.c
2025-10-25 20:30:22,514 [INFO] ProjectBuilder:3606 - Time for Copy HAL[1] : 280mS.
2025-10-25 20:30:22,523 [INFO] ProjectBuilder:5216 - Project Generator version: 4.7.0-B52
2025-10-25 20:30:22,684 [INFO] ConfigFileManager:1595 - The Die is : DIE438
2025-10-25 20:30:22,699 [INFO] ApiDbMcu:532 - Load IP Config File for FATFS
2025-10-25 20:30:22,710 [INFO] ApiDbMcu:532 - Load IP Config File for FREERTOS
2025-10-25 20:30:22,732 [INFO] ApiDbMcu:532 - Load IP Config File for TOUCHSENSING
2025-10-25 20:30:23,396 [INFO] LogOutputStream:77 - [STDOUT_REDIRECT] 
2025-10-25 20:30:25,987 [INFO] ProjectBuilder:5496 - Time for Generating toolchain IDE Files: 3465mS.
2025-10-25 20:30:25,989 [INFO] ProjectBuilder:3463 - Time for Copy CMSIS : 1mS.
2025-10-25 20:30:25,998 [INFO] ProjectBuilder:3463 - Time for Copy CMSIS : 1mS.
2025-10-25 20:35:39,367 [ERROR] LogOutputStream:75 - [STDERR_REDIRECT] 
2025-10-25 20:35:39,369 [ERROR] LogOutputStream:75 - [STDERR_REDIRECT] 
