2025-10-28 17:55:23,668 [INFO] Activator:176 - 


2025-10-28 17:55:23,676 [INFO] Activator:177 - !SESSION log4j initialized
2025-10-28 17:55:32,188 [INFO] LogOutputStream:77 - [STDOUT_REDIRECT] 
2025-10-28 17:55:33,999 [INFO] ApplicationProperties:184 - Using Application install path: C:\ST\STM32CubeIDE_1.16.0\STM32CubeIDE\plugins\com.st.stm32cube.common.mx_6.15.0.202507011659
2025-10-28 17:55:34,032 [INFO] DbMcusXml:78 - Set database path to: C:\ST\STM32CubeIDE_1.16.0\STM32CubeIDE\plugins\com.st.stm32cube.common.mx_6.15.0.202507011659\\db\/mcu/
2025-10-28 17:55:34,032 [INFO] ApiDb:274 - Set plugin database path to: C:\ST\STM32CubeIDE_1.16.0\STM32CubeIDE\plugins\com.st.stm32cube.common.mx_6.15.0.202507011659\\db\/plugins/boardmanager/
2025-10-28 17:55:34,033 [WARN] ApiDb:259 - Overriding images path with different value:  => C:\ST\STM32CubeIDE_1.16.0\STM32CubeIDE\plugins\com.st.stm32cube.common.mx_6.15.0.202507011659\\db\/plugins/mcufinder/images/
2025-10-28 17:55:34,053 [INFO] ApiDb:250 - Set database path to: C:\Users\rolni\.stmcufinder\plugins\mcufinder//mcu/
2025-10-28 17:55:34,054 [INFO] DbMcusAds:125 - Set database path to: C:\Users\rolni\.stmcufinder\plugins\mcufinder//mcu/
2025-10-28 17:55:34,059 [INFO] CrossReferenceDbSqlite:203 - Set database path to: C:\Users\rolni\.stmcufinder\plugins\mcufinder//mcu/cs/
2025-10-28 17:55:34,286 [INFO] RulesReader:64 - Compatibility file has been processed (317 Rules)
2025-10-28 17:55:34,428 [INFO] DbMcusXml:78 - Set database path to: C:\ST\STM32CubeIDE_1.16.0\STM32CubeIDE\plugins\com.st.stm32cube.common.mx_6.15.0.202507011659\\db\/mcu/
2025-10-28 17:55:34,429 [INFO] ApiDb:274 - Set plugin database path to: C:\ST\STM32CubeIDE_1.16.0\STM32CubeIDE\plugins\com.st.stm32cube.common.mx_6.15.0.202507011659\\db\/plugins/boardmanager/
2025-10-28 17:55:34,429 [INFO] ApiDb:261 - Set plugin images path to: C:\ST\STM32CubeIDE_1.16.0\STM32CubeIDE\plugins\com.st.stm32cube.common.mx_6.15.0.202507011659\\db\/plugins/mcufinder/images/
2025-10-28 17:55:34,429 [WARN] DbFile:41 - Overriding database path with different value: C:\Users\rolni\.stmcufinder\plugins\mcufinder/ => C:\Users\rolni\.stmcufinder\plugins\mcufinder
2025-10-28 17:55:34,430 [INFO] ApiDb:250 - Set database path to: C:\Users\rolni\.stmcufinder\plugins\mcufinder//mcu/
2025-10-28 17:55:34,430 [WARN] DbFile:41 - Overriding database path with different value: C:\Users\rolni\.stmcufinder\plugins\mcufinder/ => C:\Users\rolni\.stmcufinder\plugins\mcufinder
2025-10-28 17:55:34,430 [INFO] DbMcusAds:125 - Set database path to: C:\Users\rolni\.stmcufinder\plugins\mcufinder//mcu/
2025-10-28 17:55:34,430 [WARN] DbFile:41 - Overriding database path with different value: C:\Users\rolni\.stmcufinder\plugins\mcufinder/ => C:\Users\rolni\.stmcufinder\plugins\mcufinder
2025-10-28 17:55:34,430 [WARN] DbFile:41 - Overriding database path with different value: C:\Users\rolni\.stmcufinder\plugins\mcufinder/ => C:\Users\rolni\.stmcufinder\plugins\mcufinder
2025-10-28 17:55:34,430 [INFO] CrossReferenceDbSqlite:203 - Set database path to: C:\Users\rolni\.stmcufinder\plugins\mcufinder//mcu/cs/
2025-10-28 17:55:34,557 [INFO] MainPanel:274 - HeapMemory: 268435456
2025-10-28 17:55:34,723 [INFO] DbMcusXml:78 - Set database path to: C:\ST\STM32CubeIDE_1.16.0\STM32CubeIDE\plugins\com.st.stm32cube.common.mx_6.15.0.202507011659\\db\/mcu/
2025-10-28 17:55:34,723 [INFO] ApiDb:274 - Set plugin database path to: C:\ST\STM32CubeIDE_1.16.0\STM32CubeIDE\plugins\com.st.stm32cube.common.mx_6.15.0.202507011659\\db\/plugins/boardmanager/
2025-10-28 17:55:34,724 [INFO] ApiDb:261 - Set plugin images path to: C:\ST\STM32CubeIDE_1.16.0\STM32CubeIDE\plugins\com.st.stm32cube.common.mx_6.15.0.202507011659\\db\/plugins/mcufinder/images/
2025-10-28 17:55:34,724 [WARN] DbFile:41 - Overriding database path with different value: C:\Users\rolni\.stmcufinder\plugins\mcufinder/ => C:\Users\rolni\.stmcufinder\plugins\mcufinder
2025-10-28 17:55:34,725 [INFO] ApiDb:250 - Set database path to: C:\Users\rolni\.stmcufinder\plugins\mcufinder//mcu/
2025-10-28 17:55:34,725 [WARN] DbFile:41 - Overriding database path with different value: C:\Users\rolni\.stmcufinder\plugins\mcufinder/ => C:\Users\rolni\.stmcufinder\plugins\mcufinder
2025-10-28 17:55:34,725 [INFO] DbMcusAds:125 - Set database path to: C:\Users\rolni\.stmcufinder\plugins\mcufinder//mcu/
2025-10-28 17:55:34,725 [WARN] DbFile:41 - Overriding database path with different value: C:\Users\rolni\.stmcufinder\plugins\mcufinder/ => C:\Users\rolni\.stmcufinder\plugins\mcufinder
2025-10-28 17:55:34,725 [WARN] DbFile:41 - Overriding database path with different value: C:\Users\rolni\.stmcufinder\plugins\mcufinder/ => C:\Users\rolni\.stmcufinder\plugins\mcufinder
2025-10-28 17:55:34,725 [INFO] CrossReferenceDbSqlite:203 - Set database path to: C:\Users\rolni\.stmcufinder\plugins\mcufinder//mcu/cs/
2025-10-28 17:55:34,754 [INFO] ApplicationProperties:184 - Using Application install path: C:\ST\STM32CubeIDE_1.16.0\STM32CubeIDE\plugins\com.st.stm32cube.common.mx_6.15.0.202507011659
2025-10-28 17:55:34,756 [INFO] PluginManage:196 - Search for loadable plugins [exclusion list=, ]
2025-10-28 17:55:34,758 [INFO] PluginManage:310 - Check plugin analytics
2025-10-28 17:55:35,100 [INFO] AnalyticsPlugin:253 - Accepted Software Licenses: 
2025-10-28 17:55:35,101 [INFO] AnalyticsPlugin:255 - Accepted CMSIS Pack Licenses: 
2025-10-28 17:55:35,101 [INFO] AnalyticsPlugin:257 - Accepted Firmware Licenses: FW.F4.1.28.0
2025-10-28 17:55:35,107 [INFO] PluginManage:359 - Loaded plugin analytics (category:tool,tabindex:-1)
2025-10-28 17:55:35,107 [INFO] PluginManage:310 - Check plugin cadmodel
2025-10-28 17:55:35,119 [INFO] CADModel:105 - Init CAD model plugin
2025-10-28 17:55:35,119 [INFO] PluginManage:359 - Loaded plugin cadmodel (category:power,tabindex:5)
2025-10-28 17:55:35,120 [INFO] PluginManage:310 - Check plugin clock
2025-10-28 17:55:35,137 [INFO] PluginManage:359 - Loaded plugin clock (category:base,tabindex:2)
2025-10-28 17:55:35,137 [INFO] PluginManage:310 - Check plugin ddr
2025-10-28 17:55:35,143 [INFO] PluginManage:359 - Loaded plugin ddr (category:tool,tabindex:6)
2025-10-28 17:55:35,143 [INFO] PluginManage:310 - Check plugin filemanager
2025-10-28 17:55:35,374 [INFO] PluginManage:359 - Loaded plugin filemanager (category:base,tabindex:10)
2025-10-28 17:55:35,374 [INFO] PluginManage:310 - Check plugin ipmanager
2025-10-28 17:55:35,386 [INFO] PluginManage:359 - Loaded plugin ipmanager (category:base,tabindex:5)
2025-10-28 17:55:35,386 [INFO] PluginManage:310 - Check plugin lpbam
2025-10-28 17:55:35,399 [INFO] PluginManage:359 - Loaded plugin lpbam (category:base,tabindex:0)
2025-10-28 17:55:35,400 [INFO] PluginManage:310 - Check plugin memorymap
2025-10-28 17:55:35,421 [INFO] PluginManage:359 - Loaded plugin memorymap (category:base,tabindex:4)
2025-10-28 17:55:35,421 [INFO] PluginManage:310 - Check plugin pinoutandconfiguration
2025-10-28 17:55:35,436 [INFO] PluginManage:359 - Loaded plugin pinoutandconfiguration (category:base,tabindex:1)
2025-10-28 17:55:35,436 [INFO] PluginManage:310 - Check plugin pinoutconfig
2025-10-28 17:55:35,657 [WARN] SupportedApi:132 - Cannot load RTOS API schema: s4s-elt-must-match.1: The content of 'definitions' must match (annotation?, (simpleType | complexType)?, (unique | key | keyref)*)). A problem was found starting at: attribute.
2025-10-28 17:55:36,141 [INFO] PluginManage:359 - Loaded plugin pinoutconfig (category:base,tabindex:0)
2025-10-28 17:55:36,141 [INFO] PluginManage:310 - Check plugin power
2025-10-28 17:55:36,171 [INFO] PluginManage:359 - Loaded plugin power (category:power,tabindex:4)
2025-10-28 17:55:36,172 [INFO] PluginManage:310 - Check plugin projectmanager
2025-10-28 17:55:36,213 [INFO] PluginManage:359 - Loaded plugin projectmanager (category:projectmanager,tabindex:4)
2025-10-28 17:55:36,214 [INFO] PluginManage:310 - Check plugin rif
2025-10-28 17:55:36,233 [INFO] PluginManage:359 - Loaded plugin rif (category:base,tabindex:3)
2025-10-28 17:55:36,235 [INFO] PluginManage:310 - Check plugin thirdparty
2025-10-28 17:55:36,558 [WARN] IntegrityCheckThread:84 - waiting for thirdparty lock release [integrity check]
2025-10-28 17:55:36,559 [INFO] IntegrityCheckThread:86 - entering critical section [integrity check]
2025-10-28 17:55:36,559 [INFO] PluginManage:359 - Loaded plugin thirdparty (category:base,tabindex:-1)
2025-10-28 17:55:36,560 [INFO] ThirdPartyUpdaterWithRetryManager:70 - Updater plugin not ready yet. [1/15]
2025-10-28 17:55:36,560 [INFO] PluginManage:310 - Check plugin tools
2025-10-28 17:55:36,568 [INFO] PluginManage:359 - Loaded plugin tools (category:base,tabindex:7)
2025-10-28 17:55:36,568 [INFO] PluginManage:310 - Check plugin tutovideos
2025-10-28 17:55:37,025 [INFO] PluginManage:359 - Loaded plugin tutovideos (category:base,tabindex:-1)
2025-10-28 17:55:37,026 [INFO] PluginManage:310 - Check plugin updater
2025-10-28 17:55:37,069 [INFO] PluginManage:359 - Loaded plugin updater (category:base,tabindex:12)
2025-10-28 17:55:37,069 [INFO] PluginManage:310 - Check plugin userauth
2025-10-28 17:55:37,078 [INFO] UserAuth:118 - Init User Auth plugin
2025-10-28 17:55:37,080 [INFO] PluginManage:359 - Loaded plugin userauth (category:base,tabindex:14)
2025-10-28 17:55:37,081 [INFO] PluginManage:283 - PluginManage : Loaded plugins [18]
2025-10-28 17:55:37,747 [INFO] PinOutPanel:1589 - setPackage(No Configuration,No Configuration)
2025-10-28 17:55:37,994 [INFO] CADModel:165 - CPN selected for project level
2025-10-28 17:55:37,995 [INFO] CADModel:114 - Register for checkConnection events
2025-10-28 17:55:38,043 [INFO] IPUIPlugin:80 - create IPUIPlugin
2025-10-28 17:55:38,043 [INFO] PluginManager:220 - loadIPPluginJar : add adc
2025-10-28 17:55:38,051 [INFO] IPUIPlugin:80 - create IPUIPlugin
2025-10-28 17:55:38,052 [INFO] PluginManager:220 - loadIPPluginJar : add aes
2025-10-28 17:55:38,060 [INFO] IPUIPlugin:80 - create IPUIPlugin
2025-10-28 17:55:38,060 [INFO] PluginManager:220 - loadIPPluginJar : add can
2025-10-28 17:55:38,065 [INFO] IPUIPlugin:80 - create IPUIPlugin
2025-10-28 17:55:38,066 [INFO] PluginManager:220 - loadIPPluginJar : add comp
2025-10-28 17:55:38,074 [INFO] IPUIPlugin:80 - create IPUIPlugin
2025-10-28 17:55:38,075 [INFO] PluginManager:220 - loadIPPluginJar : add cryp
2025-10-28 17:55:38,102 [INFO] IPUIPlugin:80 - create IPUIPlugin
2025-10-28 17:55:38,103 [INFO] PluginManager:220 - loadIPPluginJar : add ddr_ctrl_phy
2025-10-28 17:55:38,110 [INFO] IPUIPlugin:80 - create IPUIPlugin
2025-10-28 17:55:38,111 [INFO] PluginManager:220 - loadIPPluginJar : add dfsdm
2025-10-28 17:55:38,124 [INFO] IPUIPlugin:80 - create IPUIPlugin
2025-10-28 17:55:38,125 [INFO] PluginManager:220 - loadIPPluginJar : add dma
2025-10-28 17:55:38,131 [INFO] IPUIPlugin:80 - create IPUIPlugin
2025-10-28 17:55:38,131 [INFO] PluginManager:220 - loadIPPluginJar : add dma3
2025-10-28 17:55:38,138 [INFO] IPUIPlugin:80 - create IPUIPlugin
2025-10-28 17:55:38,138 [INFO] PluginManager:220 - loadIPPluginJar : add extmemmanager
2025-10-28 17:55:38,142 [INFO] IPUIPlugin:80 - create IPUIPlugin
2025-10-28 17:55:38,143 [INFO] PluginManager:220 - loadIPPluginJar : add fatfs
2025-10-28 17:55:38,152 [INFO] IPUIPlugin:80 - create IPUIPlugin
2025-10-28 17:55:38,152 [INFO] PluginManager:220 - loadIPPluginJar : add fmc
2025-10-28 17:55:38,167 [INFO] IPUIPlugin:80 - create IPUIPlugin
2025-10-28 17:55:38,167 [INFO] PluginManager:220 - loadIPPluginJar : add freertos
2025-10-28 17:55:38,172 [INFO] IPUIPlugin:80 - create IPUIPlugin
2025-10-28 17:55:38,172 [INFO] PluginManager:220 - loadIPPluginJar : add genericplugin
2025-10-28 17:55:38,180 [INFO] IPUIPlugin:80 - create IPUIPlugin
2025-10-28 17:55:38,180 [INFO] PluginManager:220 - loadIPPluginJar : add gfxmmu
2025-10-28 17:55:38,191 [INFO] IPUIPlugin:80 - create IPUIPlugin
2025-10-28 17:55:38,192 [INFO] PluginManager:220 - loadIPPluginJar : add gic
2025-10-28 17:55:38,201 [INFO] IPUIPlugin:80 - create IPUIPlugin
2025-10-28 17:55:38,202 [INFO] PluginManager:220 - loadIPPluginJar : add gpio
2025-10-28 17:55:38,211 [INFO] IPUIPlugin:80 - create IPUIPlugin
2025-10-28 17:55:38,211 [INFO] PluginManager:220 - loadIPPluginJar : add gtzc
2025-10-28 17:55:38,219 [INFO] IPUIPlugin:80 - create IPUIPlugin
2025-10-28 17:55:38,219 [INFO] PluginManager:220 - loadIPPluginJar : add hash
2025-10-28 17:55:38,227 [INFO] IPUIPlugin:80 - create IPUIPlugin
2025-10-28 17:55:38,227 [INFO] PluginManager:220 - loadIPPluginJar : add i2c
2025-10-28 17:55:38,234 [INFO] IPUIPlugin:80 - create IPUIPlugin
2025-10-28 17:55:38,235 [INFO] PluginManager:220 - loadIPPluginJar : add i2s
2025-10-28 17:55:38,244 [INFO] IPUIPlugin:80 - create IPUIPlugin
2025-10-28 17:55:38,244 [INFO] PluginManager:220 - loadIPPluginJar : add i3c
2025-10-28 17:55:38,251 [INFO] IPUIPlugin:80 - create IPUIPlugin
2025-10-28 17:55:38,251 [INFO] PluginManager:220 - loadIPPluginJar : add ipddr
2025-10-28 17:55:38,268 [INFO] IPUIPlugin:80 - create IPUIPlugin
2025-10-28 17:55:38,268 [INFO] PluginManager:220 - loadIPPluginJar : add linkedlist
2025-10-28 17:55:38,276 [INFO] IPUIPlugin:80 - create IPUIPlugin
2025-10-28 17:55:38,276 [INFO] PluginManager:220 - loadIPPluginJar : add lorawan
2025-10-28 17:55:38,280 [INFO] IPUIPlugin:80 - create IPUIPlugin
2025-10-28 17:55:38,280 [INFO] PluginManager:220 - loadIPPluginJar : add ltdc
2025-10-28 17:55:38,294 [INFO] IPUIPlugin:80 - create IPUIPlugin
2025-10-28 17:55:38,295 [INFO] PluginManager:220 - loadIPPluginJar : add mdma
2025-10-28 17:55:38,305 [INFO] IPUIPlugin:80 - create IPUIPlugin
2025-10-28 17:55:38,306 [INFO] PluginManager:220 - loadIPPluginJar : add nvic
2025-10-28 17:55:38,318 [INFO] IPUIPlugin:80 - create IPUIPlugin
2025-10-28 17:55:38,318 [INFO] PluginManager:220 - loadIPPluginJar : add opamp
2025-10-28 17:55:38,326 [INFO] IPUIPlugin:80 - create IPUIPlugin
2025-10-28 17:55:38,327 [INFO] PluginManager:220 - loadIPPluginJar : add openamp
2025-10-28 17:55:38,335 [INFO] IPUIPlugin:80 - create IPUIPlugin
2025-10-28 17:55:38,336 [INFO] PluginManager:220 - loadIPPluginJar : add pdm2pcm
2025-10-28 17:55:38,351 [INFO] IPUIPlugin:80 - create IPUIPlugin
2025-10-28 17:55:38,357 [INFO] PluginManager:220 - loadIPPluginJar : add plateformsettings
2025-10-28 17:55:38,362 [INFO] IPUIPlugin:80 - create IPUIPlugin
2025-10-28 17:55:38,363 [INFO] PluginManager:220 - loadIPPluginJar : add quadspi
2025-10-28 17:55:38,368 [INFO] IPUIPlugin:80 - create IPUIPlugin
2025-10-28 17:55:38,370 [INFO] PluginManager:220 - loadIPPluginJar : add radio
2025-10-28 17:55:38,380 [INFO] IPUIPlugin:80 - create IPUIPlugin
2025-10-28 17:55:38,380 [INFO] PluginManager:220 - loadIPPluginJar : add resmgrutility
2025-10-28 17:55:38,391 [INFO] IPUIPlugin:80 - create IPUIPlugin
2025-10-28 17:55:38,391 [INFO] PluginManager:220 - loadIPPluginJar : add sai
2025-10-28 17:55:38,400 [INFO] IPUIPlugin:80 - create IPUIPlugin
2025-10-28 17:55:38,401 [INFO] PluginManager:220 - loadIPPluginJar : add spi
2025-10-28 17:55:38,416 [INFO] IPUIPlugin:80 - create IPUIPlugin
2025-10-28 17:55:38,416 [INFO] PluginManager:220 - loadIPPluginJar : add stm32_wpan
2025-10-28 17:55:38,421 [INFO] IPUIPlugin:80 - create IPUIPlugin
2025-10-28 17:55:38,421 [INFO] PluginManager:220 - loadIPPluginJar : add tim
2025-10-28 17:55:38,429 [INFO] IPUIPlugin:80 - create IPUIPlugin
2025-10-28 17:55:38,430 [INFO] PluginManager:220 - loadIPPluginJar : add touchsensing
2025-10-28 17:55:38,435 [INFO] IPUIPlugin:80 - create IPUIPlugin
2025-10-28 17:55:38,435 [INFO] PluginManager:220 - loadIPPluginJar : add tracer_emb
2025-10-28 17:55:38,440 [INFO] IPUIPlugin:80 - create IPUIPlugin
2025-10-28 17:55:38,440 [INFO] PluginManager:220 - loadIPPluginJar : add ts
2025-10-28 17:55:38,443 [INFO] IPUIPlugin:80 - create IPUIPlugin
2025-10-28 17:55:38,444 [INFO] PluginManager:220 - loadIPPluginJar : add tsc
2025-10-28 17:55:38,450 [INFO] IPUIPlugin:80 - create IPUIPlugin
2025-10-28 17:55:38,450 [INFO] PluginManager:220 - loadIPPluginJar : add ucpd
2025-10-28 17:55:38,458 [INFO] IPUIPlugin:80 - create IPUIPlugin
2025-10-28 17:55:38,458 [INFO] PluginManager:220 - loadIPPluginJar : add usart
2025-10-28 17:55:38,466 [INFO] IPUIPlugin:80 - create IPUIPlugin
2025-10-28 17:55:38,466 [INFO] PluginManager:220 - loadIPPluginJar : add usbx
2025-10-28 17:55:38,691 [FATAL] Updater:351 - Updater called before beeing initialized
2025-10-28 17:55:38,767 [INFO] RulesReader:64 - Compatibility file has been processed (317 Rules)
2025-10-28 17:55:38,797 [INFO] RulesReader:64 - Compatibility file has been processed (317 Rules)
2025-10-28 17:55:38,819 [INFO] CADModel:165 - CPN selected for project level
2025-10-28 17:55:38,819 [INFO] CADModel:114 - Register for checkConnection events
2025-10-28 17:55:38,820 [FATAL] Updater:351 - Updater called before beeing initialized
2025-10-28 17:55:38,820 [ERROR] CADModel:125 - Updater not yet initialized, retry later 
2025-10-28 17:55:39,581 [INFO] ThirdPartyUpdaterWithRetryManager:70 - Updater plugin not ready yet. [2/15]
2025-10-28 17:55:39,593 [FATAL] Updater:351 - Updater called before beeing initialized
2025-10-28 17:55:39,625 [INFO] CADModel:165 - CPN selected for project level
2025-10-28 17:55:39,628 [INFO] CADModel:114 - Register for checkConnection events
2025-10-28 17:55:39,628 [FATAL] Updater:351 - Updater called before beeing initialized
2025-10-28 17:55:39,628 [ERROR] CADModel:125 - Updater not yet initialized, retry later 
2025-10-28 17:55:39,645 [FATAL] Updater:351 - Updater called before beeing initialized
2025-10-28 17:55:40,080 [FATAL] Updater:351 - Updater called before beeing initialized
2025-10-28 17:55:40,095 [INFO] DbMcusAds:53 - JSON generation date=Thu Oct 02 11:36:05 CEST 2025 (1759397765645)
2025-10-28 17:55:40,095 [FATAL] Updater:351 - Updater called before beeing initialized
2025-10-28 17:55:40,281 [WARN] DetailPanel:346 - Failed to get advertising image, set to default
2025-10-28 17:55:40,588 [FATAL] Updater:351 - Updater called before beeing initialized
2025-10-28 17:55:40,594 [FATAL] Updater:351 - Updater called before beeing initialized
2025-10-28 17:55:40,595 [FATAL] Updater:351 - Updater called before beeing initialized
2025-10-28 17:55:40,595 [WARN] DetailPanel:346 - Failed to get advertising image, set to default
2025-10-28 17:55:40,602 [FATAL] Updater:351 - Updater called before beeing initialized
2025-10-28 17:55:40,776 [ERROR] Updater:1198 - MainUpdater not yet initialized. External WinMGr cannot be set.
2025-10-28 17:55:40,784 [INFO] Updater:1134 - Updater Version found : 6.15.0
2025-10-28 17:55:40,842 [INFO] ApplicationProperties:184 - Using Application install path: C:\ST\STM32CubeIDE_1.16.0\STM32CubeIDE\plugins\com.st.stm32cube.common.mx_6.15.0.202507011659
2025-10-28 17:55:42,487 [ERROR] LogOutputStream:75 - [STDERR_REDIRECT] Oct 28, 2025 5:55:42 PM java.util.prefs.WindowsPreferences <init>
2025-10-28 17:55:42,487 [ERROR] LogOutputStream:75 - [STDERR_REDIRECT] WARNING: Could not open/create prefs root node Software\JavaSoft\Prefs at root 0xffffffff80000002. Windows RegCreateKeyEx(...) returned error code 5.
2025-10-28 17:55:42,487 [ERROR] LogOutputStream:75 - [STDERR_REDIRECT] 
2025-10-28 17:55:42,584 [FATAL] Updater:351 - Updater called before beeing initialized
2025-10-28 17:55:42,584 [ERROR] IntegrityCheckThread:130 - Cannot retrieve database content from updater: error 21
2025-10-28 17:55:42,586 [INFO] ThirdParty:978 - Integrity check success = false
2025-10-28 17:55:42,586 [INFO] IntegrityCheckThread:100 - exiting critical section [integrity check]
2025-10-28 17:55:42,586 [INFO] IntegrityCheckThread:103 - End integrity checks thread
2025-10-28 17:55:43,261 [INFO] MainUpdater:2872 - connection check result : 10
2025-10-28 17:55:43,261 [INFO] MainUpdater:289 - Updater Check For Update Now.
2025-10-28 17:55:43,261 [INFO] MicroXplorer:498 - Change Database Version : DB.6.0.150
2025-10-28 17:55:43,282 [INFO] McuFinderGlobals:63 - Set McuFinder mode to 2 (CubeIDE integrated)
2025-10-28 17:55:43,286 [INFO] UserAuth:487 - Internet connection configuration mode: 1
2025-10-28 17:55:43,342 [INFO] JxBrowserEngine:152 - Initiate JxBrowser Engine with user profile folder
2025-10-28 17:55:43,607 [INFO] CheckServerUpdateThread:120 - End of CheckServer Thread
2025-10-28 17:55:46,293 [INFO] WebApp:169 - Instantiating new browser for Auth
2025-10-28 17:55:48,520 [INFO] WebApp:463 - Apply proxy settings
2025-10-28 17:55:48,521 [INFO] WebApp:548 - Chromium requires no authentication
2025-10-28 17:55:48,554 [INFO] WebApp:491 - Direct internet connection detected
2025-10-28 17:55:48,669 [INFO] WebApp:900 - Register for checkConnection events
2025-10-28 17:55:48,670 [INFO] WebApp:463 - Apply proxy settings
2025-10-28 17:55:48,670 [INFO] WebApp:548 - Chromium requires no authentication
2025-10-28 17:55:48,672 [INFO] WebApp:491 - Direct internet connection detected
2025-10-28 17:55:48,847 [INFO] WebApp:191 - Connection restablished
2025-10-28 17:55:49,356 [INFO] WebApp:225 - Starting web application
2025-10-28 17:55:49,356 [INFO] WebApp:593 - Web application path used C:\ST\STM32CubeIDE_1.16.0\STM32CubeIDE\plugins\com.st.stm32cube.common.mx_6.15.0.202507011659\db\plugins\mcufinder\reactClient1\index.html
2025-10-28 17:55:49,975 [INFO] UserAuth:487 - Internet connection configuration mode: 1
2025-10-28 18:16:32,456 [INFO] McuFinderGlobals:63 - Set McuFinder mode to 2 (CubeIDE integrated)
2025-10-28 18:16:32,471 [INFO] MainUpdater:2872 - connection check result : 10
2025-10-28 18:16:32,472 [INFO] MainUpdater:2872 - connection check result : 10
2025-10-28 18:16:32,570 [INFO] MicroXplorer:468 - Change Database Path : 
2025-10-28 18:16:32,571 [INFO] MicroXplorer:498 - Change Database Version : DB.6.0.150
2025-10-28 18:16:32,587 [WARN] ThirdParty:871 - waiting for thirdparty lock release [close project]
2025-10-28 18:16:32,588 [INFO] ThirdParty:873 - entering critical section [close project]
2025-10-28 18:16:32,592 [INFO] ThirdParty:883 - exiting critical section [close project]
2025-10-28 18:16:32,597 [INFO] PinOutPanel:1589 - setPackage(No Configuration,No Configuration)
2025-10-28 18:16:32,605 [INFO] UtilMem:75 - Begin LoadConfig() Used Memory: 730151408 Bytes (916455424)
2025-10-28 18:16:32,611 [INFO] MicroXplorer:468 - Change Database Path : 
2025-10-28 18:16:32,612 [INFO] MicroXplorer:498 - Change Database Version : DB.6.0.150
2025-10-28 18:16:32,612 [INFO] OpenFileManager:355 - Change cursor
2025-10-28 18:16:32,650 [WARN] IntegrityCheckThread:84 - waiting for thirdparty lock release [integrity check]
2025-10-28 18:16:32,650 [INFO] IntegrityCheckThread:86 - entering critical section [integrity check]
2025-10-28 18:16:33,215 [WARN] PackLoader:240 - Cannot read IP mode file for STMicroelectronics.FP-SNS-MOTENVWB1.1.4.0
2025-10-28 18:16:33,234 [WARN] PackLoader:240 - Cannot read IP mode file for STMicroelectronics.FP-ATR-ASTRA1.2.0.2
2025-10-28 18:16:33,258 [WARN] PackLoader:240 - Cannot read IP mode file for STMicroelectronics.X-CUBE-SMBUS.2.1.0
2025-10-28 18:16:33,269 [WARN] PackLoader:240 - Cannot read IP mode file for STMicroelectronics.X-CUBE-ST60.1.0.0
2025-10-28 18:16:33,313 [WARN] PackLoader:240 - Cannot read IP mode file for STMicroelectronics.X-CUBE-AZRTOS-F7.1.1.0
2025-10-28 18:16:33,541 [WARN] PackLoader:240 - Cannot read IP mode file for STMicroelectronics.X-CUBE-MEMS1.11.0.0
2025-10-28 18:16:33,725 [WARN] PackLoader:240 - Cannot read IP mode file for STMicroelectronics.FP-SNS-FLIGHT1.5.0.2
2025-10-28 18:16:33,757 [WARN] PackLoader:240 - Cannot read IP mode file for STMicroelectronics.X-CUBE-AZRTOS-H7.3.4.0
2025-10-28 18:16:33,774 [WARN] PackLoader:240 - Cannot read IP mode file for STMicroelectronics.X-CUBE-DISPLAY.3.0.0
2025-10-28 18:16:33,789 [WARN] PackLoader:240 - Cannot read IP mode file for STMicroelectronics.X-CUBE-BLE1.7.0.0
2025-10-28 18:16:33,801 [WARN] PackLoader:240 - Cannot read IP mode file for STMicroelectronics.X-CUBE-NFC10.1.0.0
2025-10-28 18:16:33,810 [WARN] PackLoader:240 - Cannot read IP mode file for STMicroelectronics.X-CUBE-ST60.1.1.0
2025-10-28 18:16:33,820 [WARN] PackLoader:240 - Cannot read IP mode file for emotas.I-CUBE-CANOPEN.1.3.0
2025-10-28 18:16:33,830 [WARN] PackLoader:240 - Cannot read IP mode file for STMicroelectronics.X-CUBE-BLEMGR.3.1.0
2025-10-28 18:16:33,841 [WARN] PackLoader:240 - Cannot read IP mode file for STMicroelectronics.FP-SNS-STBOX1.2.1.0
2025-10-28 18:16:33,848 [WARN] PackLoader:240 - Cannot read IP mode file for STMicroelectronics.FP-SNS-SMARTAG2.1.2.0
2025-10-28 18:16:33,853 [WARN] PackLoader:240 - Cannot read IP mode file for STMicroelectronics.FP-SNS-FLIGHT1.5.1.0
2025-10-28 18:16:33,871 [INFO] LogOutputStream:77 - [STDOUT_REDIRECT] 1 : Invalid condition id : UX_CORESTACK_Condition cause : null
2025-10-28 18:16:33,873 [INFO] LogOutputStream:77 - [STDOUT_REDIRECT] 1 : Invalid condition id : UX_CORESTACK_Condition cause : null
2025-10-28 18:16:33,875 [INFO] LogOutputStream:77 - [STDOUT_REDIRECT] 1 : Invalid condition id : UX_CORESTACK_Condition cause : null
2025-10-28 18:16:33,878 [INFO] LogOutputStream:77 - [STDOUT_REDIRECT] 1 : Invalid condition id : UX_CORESTACK_Condition cause : null
2025-10-28 18:16:33,879 [INFO] LogOutputStream:77 - [STDOUT_REDIRECT] 1 : Invalid condition id : UX_CORESTACK_Condition cause : null
2025-10-28 18:16:33,884 [WARN] PackLoader:240 - Cannot read IP mode file for STMicroelectronics.X-CUBE-AZRTOS-WL.2.0.0
2025-10-28 18:16:33,893 [WARN] PackLoader:240 - Cannot read IP mode file for STMicroelectronics.FP-SNS-MOTENV1.5.0.0
2025-10-28 18:16:33,902 [WARN] PackLoader:240 - Cannot read IP mode file for wolfSSL.I-CUBE-wolfMQTT.1.19.0
2025-10-28 18:16:33,914 [WARN] PackLoader:240 - Cannot read IP mode file for WES.I-CUBE-Cesium.1.3.0
2025-10-28 18:16:33,923 [WARN] PackLoader:240 - Cannot read IP mode file for STMicroelectronics.X-CUBE-BLE2.3.3.0
2025-10-28 18:16:33,930 [WARN] PackLoader:240 - Cannot read IP mode file for STMicroelectronics.X-CUBE-NFC9.1.0.0
2025-10-28 18:16:33,939 [WARN] PackLoader:240 - Cannot read IP mode file for STMicroelectronics.X-CUBE-BLE1.7.1.0
2025-10-28 18:16:33,948 [WARN] PackLoader:240 - Cannot read IP mode file for STMicroelectronics.X-CUBE-TCPP.4.1.0
2025-10-28 18:16:33,957 [WARN] PackLoader:240 - Cannot read IP mode file for STMicroelectronics.X-CUBE-EEPRMA1.5.2.0
2025-10-28 18:16:33,966 [WARN] PackLoader:240 - Cannot read IP mode file for STMicroelectronics.X-CUBE-ST67W61.1.1.0
2025-10-28 18:16:33,982 [WARN] PackLoader:240 - Cannot read IP mode file for STMicroelectronics.X-CUBE-AZRTOS-G0.1.1.0
2025-10-28 18:16:33,990 [WARN] PackLoader:240 - Cannot read IP mode file for STMicroelectronics.X-CUBE-SAFEA1.1.2.2
2025-10-28 18:16:33,996 [WARN] PackLoader:240 - Cannot read IP mode file for STMicroelectronics.X-CUBE-NFC4.3.0.0
2025-10-28 18:16:34,008 [WARN] PackLoader:240 - Cannot read IP mode file for EmbeddedOffice.I-CUBE-FS-RTOS.1.0.1
2025-10-28 18:16:34,016 [WARN] PackLoader:240 - Cannot read IP mode file for STMicroelectronics.X-CUBE-WB05N.2.0.0
2025-10-28 18:16:34,022 [WARN] PackLoader:240 - Cannot read IP mode file for STMicroelectronics.X-CUBE-TCPP.4.2.0
2025-10-28 18:16:34,029 [WARN] PackLoader:240 - Cannot read IP mode file for RealThread.X-CUBE-RT-Thread_Nano.4.1.1
2025-10-28 18:16:34,036 [WARN] PackLoader:240 - Cannot read IP mode file for STMicroelectronics.FP-ATR-SIGFOX1.3.2.0
2025-10-28 18:16:34,042 [WARN] PackLoader:240 - Cannot read IP mode file for wolfSSL.I-CUBE-wolfSSL.5.7.2
2025-10-28 18:16:34,051 [WARN] PackLoader:240 - Cannot read IP mode file for STMicroelectronics.X-CUBE-EEPRMA1.5.1.0
2025-10-28 18:16:34,059 [WARN] PackLoader:240 - Cannot read IP mode file for ITTIA_DB.I-CUBE-ITTIADB.8.9.0
2025-10-28 18:16:34,067 [WARN] PackLoader:240 - Cannot read IP mode file for STMicroelectronics.X-CUBE-ST67W61.1.0.0
2025-10-28 18:16:34,073 [WARN] PackLoader:240 - Cannot read IP mode file for STMicroelectronics.X-CUBE-AI.10.2.0
2025-10-28 18:16:34,106 [WARN] PackLoader:240 - Cannot read IP mode file for SEGGER.I-CUBE-embOS.1.3.1
2025-10-28 18:16:34,147 [WARN] PackLoader:240 - Cannot read IP mode file for STMicroelectronics.X-CUBE-ALGOBUILD.1.4.0
2025-10-28 18:16:34,202 [WARN] PackLoader:240 - Cannot read IP mode file for STMicroelectronics.X-CUBE-MEMS1.11.3.0
2025-10-28 18:16:34,426 [WARN] PackLoader:240 - Cannot read IP mode file for STMicroelectronics.X-CUBE-PM33A1.1.0.0
2025-10-28 18:16:34,438 [WARN] PackLoader:240 - Cannot read IP mode file for STMicroelectronics.X-CUBE-GNSS1.6.0.0
2025-10-28 18:16:34,463 [WARN] PackLoader:240 - Cannot read IP mode file for STMicroelectronics.X-CUBE-AZRTOS-F4.1.1.0
2025-10-28 18:16:34,475 [WARN] PackLoader:240 - Cannot read IP mode file for Avnet-IotConnect.X-CUBE-IoTC-DA16k-PMOD.1.0.0
2025-10-28 18:16:34,485 [WARN] PackLoader:240 - Cannot read IP mode file for STMicroelectronics.X-CUBE-ISPU.2.1.0
2025-10-28 18:16:34,504 [WARN] PackLoader:240 - Cannot read IP mode file for STMicroelectronics.X-CUBE-IPS.3.2.0
2025-10-28 18:16:34,523 [WARN] PackLoader:240 - Cannot read IP mode file for STMicroelectronics.X-CUBE-FREERTOS.1.2.0
2025-10-28 18:16:34,535 [WARN] PackLoader:240 - Cannot read IP mode file for STMicroelectronics.X-CUBE-NFC12.1.0.0
2025-10-28 18:16:34,558 [WARN] PackLoader:240 - Cannot read IP mode file for STMicroelectronics.X-CUBE-AZRTOS-L5.2.0.0
2025-10-28 18:16:34,571 [WARN] PackLoader:240 - Cannot read IP mode file for STMicroelectronics.X-CUBE-NFC6.3.1.0
2025-10-28 18:16:34,585 [WARN] PackLoader:240 - Cannot read IP mode file for STMicroelectronics.X-CUBE-DPower.1.2.0
2025-10-28 18:16:34,593 [WARN] PackLoader:240 - Cannot read IP mode file for STMicroelectronics.X-CUBE-AI.9.0.0
2025-10-28 18:16:34,602 [WARN] PackLoader:240 - Cannot read IP mode file for STMicroelectronics.X-CUBE-FREERTOS.1.3.1
2025-10-28 18:16:34,618 [WARN] PackLoader:240 - Cannot read IP mode file for STMicroelectronics.X-CUBE-NFC7.1.0.1
2025-10-28 18:16:34,627 [WARN] PackLoader:240 - Cannot read IP mode file for wolfSSL.I-CUBE-wolfTPM.3.2.0
2025-10-28 18:16:34,637 [WARN] PackLoader:240 - Cannot read IP mode file for STMicroelectronics.X-CUBE-TOUCHGFX.4.26.0
2025-10-28 18:16:34,650 [WARN] PackLoader:240 - Cannot read IP mode file for STMicroelectronics.FP-SNS-STAIOTCFT.1.0.0
2025-10-28 18:16:34,658 [WARN] PackLoader:240 - Cannot read IP mode file for STMicroelectronics.X-CUBE-DPower.1.3.0
2025-10-28 18:16:34,688 [WARN] ConditionMgr:438 - getConditionDescription Invalid condition id : LAN8742 Phy interface Condition cause : null
2025-10-28 18:16:34,689 [WARN] PackLoader:240 - Cannot read IP mode file for STMicroelectronics.X-CUBE-AZRTOS-L4.2.0.0
2025-10-28 18:16:34,690 [WARN] ConditionMgr:1044 - genDependencies : Invalid condition id : LAN8742 Phy interface Condition cause : null
2025-10-28 18:16:34,691 [WARN] ConditionMgr:1044 - genDependencies : Invalid condition id : LAN8742 Phy interface Condition cause : null
2025-10-28 18:16:34,692 [WARN] ConditionMgr:1044 - genDependencies : Invalid condition id : LAN8742 Phy interface Condition cause : null
2025-10-28 18:16:34,704 [WARN] PackLoader:240 - Cannot read IP mode file for STMicroelectronics.X-CUBE-SFXS2LP1.4.0.0
2025-10-28 18:16:34,733 [WARN] PackLoader:240 - Cannot read IP mode file for STMicroelectronics.X-CUBE-AZRTOS-H7.3.3.0
2025-10-28 18:16:34,752 [WARN] PackLoader:240 - Cannot read IP mode file for STMicroelectronics.X-CUBE-BLEMGR.4.1.0
2025-10-28 18:16:34,775 [WARN] ConditionMgr:438 - getConditionDescription Invalid condition id : UX DEVICE CLASS RTOS Condition cause : null
2025-10-28 18:16:34,775 [WARN] ConditionMgr:438 - getConditionDescription Invalid condition id : UX DEVICE CLASS RTOS Condition cause : null
2025-10-28 18:16:34,778 [WARN] PackLoader:240 - Cannot read IP mode file for STMicroelectronics.X-CUBE-AZRTOS-WB.2.0.0
2025-10-28 18:16:34,778 [WARN] ConditionMgr:1044 - genDependencies : Invalid condition id : UX DEVICE CLASS RTOS Condition cause : null
2025-10-28 18:16:34,779 [WARN] ConditionMgr:1044 - genDependencies : Invalid condition id : UX DEVICE CLASS RTOS Condition cause : null
2025-10-28 18:16:34,779 [WARN] ConditionMgr:1044 - genDependencies : Invalid condition id : UX DEVICE CLASS RTOS Condition cause : null
2025-10-28 18:16:34,780 [WARN] ConditionMgr:1044 - genDependencies : Invalid condition id : UX DEVICE CLASS RTOS Condition cause : null
2025-10-28 18:16:34,780 [WARN] ConditionMgr:1044 - genDependencies : Invalid condition id : UX DEVICE CLASS RTOS Condition cause : null
2025-10-28 18:16:34,790 [WARN] PackLoader:240 - Cannot read IP mode file for STMicroelectronics.X-CUBE-GNSS1.7.0.0
2025-10-28 18:16:34,801 [WARN] PackLoader:240 - Cannot read IP mode file for STMicroelectronics.X-CUBE-GNSS1.7.0.1
2025-10-28 18:16:34,808 [WARN] PackLoader:240 - Cannot read IP mode file for STMicroelectronics.X-CUBE-TOUCHGFX.4.25.0
2025-10-28 18:16:34,816 [WARN] PackLoader:240 - Cannot read IP mode file for STMicroelectronics.FP-SNS-STBOX1.2.0.0
2025-10-28 18:16:34,826 [WARN] ConditionMgr:438 - getConditionDescription Invalid condition id : Cortex-A Device cause : null
2025-10-28 18:16:34,851 [WARN] ConditionMgr:1044 - genDependencies : Invalid condition id : Cortex-A Device cause : null
2025-10-28 18:16:34,851 [WARN] ConditionMgr:1044 - genDependencies : Invalid condition id : Cortex-A Device cause : null
2025-10-28 18:16:34,852 [WARN] ConditionMgr:1044 - genDependencies : Invalid condition id : Cortex-A Device cause : null
2025-10-28 18:16:34,867 [WARN] PackLoader:240 - Cannot read IP mode file for STMicroelectronics.X-CUBE-SUBG2.5.0.0
2025-10-28 18:16:34,895 [WARN] PackLoader:240 - Cannot read IP mode file for STMicroelectronics.X-CUBE-AZRTOS-H7RS.1.1.0
2025-10-28 18:16:34,908 [WARN] PackLoader:240 - Cannot read IP mode file for Cesanta.I-CUBE-Mongoose.7.13.0
2025-10-28 18:16:34,929 [WARN] PackLoader:240 - Cannot read IP mode file for STMicroelectronics.X-CUBE-AZRTOS-G4.2.0.0
2025-10-28 18:16:34,941 [WARN] PackLoader:240 - Cannot read IP mode file for STMicroelectronics.X-CUBE-NFC7.2.0.0
2025-10-28 18:16:34,951 [WARN] PackLoader:240 - Cannot read IP mode file for STMicroelectronics.X-CUBE-ISPU.2.0.0
2025-10-28 18:16:34,970 [WARN] PackLoader:240 - Cannot read IP mode file for STMicroelectronics.X-CUBE-IPS.3.1.0
2025-10-28 18:16:34,987 [WARN] PackLoader:240 - Cannot read IP mode file for STMicroelectronics.X-CUBE-ALS.1.0.2
2025-10-28 18:16:35,153 [WARN] PackLoader:240 - Cannot read IP mode file for STMicroelectronics.X-CUBE-MEMS1.10.0.0
2025-10-28 18:16:35,325 [WARN] PackLoader:240 - Cannot read IP mode file for STMicroelectronics.X-CUBE-TOUCHGFX.4.24.0
2025-10-28 18:16:35,329 [WARN] PackLoader:240 - Cannot read IP mode file for STMicroelectronics.X-CUBE-TOUCHGFX.4.24.1
2025-10-28 18:16:35,339 [WARN] PackLoader:240 - Cannot read IP mode file for STMicroelectronics.X-CUBE-STSE01.1.0.0
2025-10-28 18:16:35,351 [WARN] PackLoader:240 - Cannot read IP mode file for portGmbH.I-Cube-SoM-uGOAL.1.1.0
2025-10-28 18:16:35,367 [WARN] PackLoader:240 - Cannot read IP mode file for STMicroelectronics.X-CUBE-AZRTOS-H7RS.1.0.0
2025-10-28 18:16:35,374 [WARN] PackLoader:240 - Cannot read IP mode file for STMicroelectronics.FP-ATR-ASTRA1.2.0.0
2025-10-28 18:16:35,388 [WARN] PackLoader:240 - Cannot read IP mode file for STMicroelectronics.X-CUBE-TOF1.3.4.2
2025-10-28 18:16:35,406 [WARN] PackLoader:240 - Cannot read IP mode file for STMicroelectronics.X-CUBE-TOF1.3.4.3
2025-10-28 18:16:35,426 [WARN] PackLoader:240 - Cannot read IP mode file for STMicroelectronics.X-CUBE-TOF1.3.4.1
2025-10-28 18:16:35,452 [WARN] PackLoader:240 - Cannot read IP mode file for STMicroelectronics.X-CUBE-AZRTOS-H7.3.2.0
2025-10-28 18:16:35,471 [WARN] PackLoader:240 - Cannot read IP mode file for Infineon.AIROC-Wi-Fi-Bluetooth-STM32.1.6.0
2025-10-28 18:16:35,478 [WARN] PackLoader:240 - Cannot read IP mode file for wolfSSL.I-CUBE-wolfSSH.1.4.17
2025-10-28 18:16:35,478 [INFO] ThirdParty:978 - Integrity check success = true
2025-10-28 18:16:35,478 [INFO] IntegrityCheckThread:100 - exiting critical section [integrity check]
2025-10-28 18:16:35,478 [INFO] IntegrityCheckThread:103 - End integrity checks thread
2025-10-28 18:16:35,510 [INFO] Mcu:2029 - Initializing MCU STM32F303K(6-8)Tx STM32F303K8Tx STM32F303K8T6
2025-10-28 18:16:37,874 [INFO] Context:786 - Trying to add GPIOservice into a context  which must be forbidden
2025-10-28 18:16:38,686 [INFO] ImportTextPane:234 - (OptionalMessage_ERROR) Pin15 (VP_RIF_VS_RIF1) cannot be retrieved for this MCU
2025-10-28 18:16:39,120 [INFO] RtosManager:558 - Registered RTOS mode: class=CMSIS, group=RTOS, mode=CMSIS_V1, owner=FREERTOS
2025-10-28 18:16:39,120 [INFO] RtosManager:558 - Registered RTOS mode: class=CMSIS, group=RTOS2, mode=CMSIS_V2, owner=FREERTOS
2025-10-28 18:16:39,120 [INFO] RtosManager:558 - Registered RTOS mode: class=RTOS, group=Core, mode=CMSIS_V1, owner=FREERTOS
2025-10-28 18:16:39,120 [INFO] RtosManager:558 - Registered RTOS mode: class=RTOS, group=Core, mode=CMSIS_V2, owner=FREERTOS
2025-10-28 18:16:39,121 [WARN] ModelIntegratedComponent:184 - Missing modes for component STMicroelectronics:FreeRTOS:0.0.1:STMicroelectronics:RTOS:FreeRTOS:Core:::10.2.0:
2025-10-28 18:16:39,128 [WARN] ModelIntegratedComponent:63 - No mode defined for component null
2025-10-28 18:16:39,129 [WARN] ModelIntegratedComponent:63 - No mode defined for component null
2025-10-28 18:16:39,129 [WARN] ModelIntegratedComponent:63 - No mode defined for component null
2025-10-28 18:16:39,129 [WARN] ModelIntegratedComponent:63 - No mode defined for component null
2025-10-28 18:16:39,129 [WARN] ModelIntegratedComponent:63 - No mode defined for component null
2025-10-28 18:16:39,129 [WARN] ModelIntegratedComponent:63 - No mode defined for component null
2025-10-28 18:16:39,129 [WARN] ModelIntegratedComponent:63 - No mode defined for component null
2025-10-28 18:16:39,129 [WARN] ModelIntegratedComponent:63 - No mode defined for component null
2025-10-28 18:16:39,129 [WARN] ModelIntegratedComponent:63 - No mode defined for component null
2025-10-28 18:16:39,129 [WARN] ModelIntegratedComponent:63 - No mode defined for component null
2025-10-28 18:16:39,129 [WARN] ModelIntegratedComponent:63 - No mode defined for component null
2025-10-28 18:16:39,129 [WARN] ModelIntegratedComponent:63 - No mode defined for component null
2025-10-28 18:16:39,130 [WARN] ModelIntegratedComponent:63 - No mode defined for component null
2025-10-28 18:16:39,130 [WARN] ModelIntegratedComponent:63 - No mode defined for component null
2025-10-28 18:16:39,130 [WARN] ModelIntegratedComponent:63 - No mode defined for component null
2025-10-28 18:16:39,130 [WARN] ModelIntegratedComponent:63 - No mode defined for component null
2025-10-28 18:16:39,130 [WARN] ModelIntegratedComponent:63 - No mode defined for component null
2025-10-28 18:16:39,130 [WARN] ModelIntegratedComponent:63 - No mode defined for component null
2025-10-28 18:16:39,130 [WARN] ModelIntegratedComponent:63 - No mode defined for component null
2025-10-28 18:16:39,130 [WARN] ModelIntegratedComponent:63 - No mode defined for component null
2025-10-28 18:16:39,130 [WARN] ModelIntegratedComponent:63 - No mode defined for component null
2025-10-28 18:16:39,131 [WARN] ModelIntegratedComponent:63 - No mode defined for component null
2025-10-28 18:16:39,131 [WARN] ModelIntegratedComponent:63 - No mode defined for component null
2025-10-28 18:16:39,131 [WARN] ModelIntegratedComponent:63 - No mode defined for component null
2025-10-28 18:16:39,131 [WARN] ModelIntegratedComponent:63 - No mode defined for component null
2025-10-28 18:16:39,131 [WARN] ModelIntegratedComponent:63 - No mode defined for component null
2025-10-28 18:16:39,131 [WARN] ModelIntegratedComponent:63 - No mode defined for component null
2025-10-28 18:16:39,131 [WARN] ModelIntegratedComponent:63 - No mode defined for component null
2025-10-28 18:16:39,132 [WARN] ModelIntegratedComponent:63 - No mode defined for component null
2025-10-28 18:16:39,132 [WARN] ModelIntegratedComponent:63 - No mode defined for component null
2025-10-28 18:16:39,133 [WARN] ModelIntegratedComponent:63 - No mode defined for component null
2025-10-28 18:16:39,134 [WARN] ModelIntegratedComponent:63 - No mode defined for component null
2025-10-28 18:16:39,134 [WARN] ModelIntegratedComponent:63 - No mode defined for component null
2025-10-28 18:16:39,134 [WARN] ModelIntegratedComponent:63 - No mode defined for component null
2025-10-28 18:16:39,135 [WARN] ModelIntegratedComponent:63 - No mode defined for component null
2025-10-28 18:16:39,135 [WARN] ModelPack:524 - Component already loaded: STMicroelectronics:HAL Drivers:0.0.0:STMicroelectronics:Device:STMicro_Driver:XSPI:HAL::0.0.1:HAL_XSPI
2025-10-28 18:16:39,413 [INFO] ThirdPartyModel:298 - Start build external matchings
2025-10-28 18:16:40,870 [INFO] ThirdPartyModel:316 - End build external matchings
2025-10-28 18:16:40,914 [INFO] ImportTextPane:234 - (OptionalMessage_ERROR) IP (ADC1) : Parameter (SamplingTimeOPAMP) has invalid value (null)
2025-10-28 18:16:40,914 [INFO] ImportTextPane:234 - (OptionalMessage_ERROR) IP (ADC1) : Parameter (SamplingTimeOPAMP) has invalid value (null)
2025-10-28 18:16:40,914 [INFO] ImportTextPane:234 - (OptionalMessage_ERROR) IP (ADC1) : Parameter (SamplingTimeOPAMP) has invalid value (null)
2025-10-28 18:16:40,915 [INFO] ImportTextPane:234 - (OptionalMessage_ERROR) IP (DMA) : Parameter (Instance) has Id (USART1_RX) currently not set
2025-10-28 18:16:40,915 [INFO] ImportTextPane:234 - (OptionalMessage_ERROR) IP (DMA) : Parameter (Direction) has Id (USART1_RX) currently not set
2025-10-28 18:16:40,917 [INFO] ImportTextPane:234 - (OptionalMessage_ERROR) IP (DMA) : Parameter (PeriphInc) has Id (USART1_RX) currently not set
2025-10-28 18:16:40,918 [INFO] ImportTextPane:234 - (OptionalMessage_ERROR) IP (DMA) : Parameter (MemInc) has Id (USART1_RX) currently not set
2025-10-28 18:16:40,918 [INFO] ImportTextPane:234 - (OptionalMessage_ERROR) IP (DMA) : Parameter (PeriphDataAlignment) has Id (USART1_RX) currently not set
2025-10-28 18:16:40,919 [INFO] ImportTextPane:234 - (OptionalMessage_ERROR) IP (DMA) : Parameter (MemDataAlignment) has Id (USART1_RX) currently not set
2025-10-28 18:16:40,919 [INFO] ImportTextPane:234 - (OptionalMessage_ERROR) IP (DMA) : Parameter (Mode) has Id (USART1_RX) currently not set
2025-10-28 18:16:40,920 [INFO] ImportTextPane:234 - (OptionalMessage_ERROR) IP (DMA) : Parameter (Priority) has Id (USART1_RX) currently not set
2025-10-28 18:16:40,920 [INFO] ImportTextPane:234 - (OptionalMessage_ERROR) IP (DMA) : Parameter (Instance) has Id (USART1_TX) currently not set
2025-10-28 18:16:40,920 [INFO] ImportTextPane:234 - (OptionalMessage_ERROR) IP (DMA) : Parameter (Direction) has Id (USART1_TX) currently not set
2025-10-28 18:16:40,920 [INFO] ImportTextPane:234 - (OptionalMessage_ERROR) IP (DMA) : Parameter (PeriphInc) has Id (USART1_TX) currently not set
2025-10-28 18:16:40,920 [INFO] ImportTextPane:234 - (OptionalMessage_ERROR) IP (DMA) : Parameter (MemInc) has Id (USART1_TX) currently not set
2025-10-28 18:16:40,920 [INFO] ImportTextPane:234 - (OptionalMessage_ERROR) IP (DMA) : Parameter (PeriphDataAlignment) has Id (USART1_TX) currently not set
2025-10-28 18:16:40,920 [INFO] ImportTextPane:234 - (OptionalMessage_ERROR) IP (DMA) : Parameter (MemDataAlignment) has Id (USART1_TX) currently not set
2025-10-28 18:16:40,920 [INFO] ImportTextPane:234 - (OptionalMessage_ERROR) IP (DMA) : Parameter (Mode) has Id (USART1_TX) currently not set
2025-10-28 18:16:40,920 [INFO] ImportTextPane:234 - (OptionalMessage_ERROR) IP (DMA) : Parameter (Priority) has Id (USART1_TX) currently not set
2025-10-28 18:16:40,920 [INFO] ImportTextPane:234 - (OptionalMessage_ERROR) IP (DMA) : Parameter (Instance) has Id (ADC1) currently not set
2025-10-28 18:16:40,920 [INFO] ImportTextPane:234 - (OptionalMessage_ERROR) IP (DMA) : Parameter (Direction) has Id (ADC1) currently not set
2025-10-28 18:16:40,920 [INFO] ImportTextPane:234 - (OptionalMessage_ERROR) IP (DMA) : Parameter (PeriphInc) has Id (ADC1) currently not set
2025-10-28 18:16:40,921 [INFO] ImportTextPane:234 - (OptionalMessage_ERROR) IP (DMA) : Parameter (MemInc) has Id (ADC1) currently not set
2025-10-28 18:16:40,921 [INFO] ImportTextPane:234 - (OptionalMessage_ERROR) IP (DMA) : Parameter (PeriphDataAlignment) has Id (ADC1) currently not set
2025-10-28 18:16:40,921 [INFO] ImportTextPane:234 - (OptionalMessage_ERROR) IP (DMA) : Parameter (MemDataAlignment) has Id (ADC1) currently not set
2025-10-28 18:16:40,921 [INFO] ImportTextPane:234 - (OptionalMessage_ERROR) IP (DMA) : Parameter (Mode) has Id (ADC1) currently not set
2025-10-28 18:16:40,921 [INFO] ImportTextPane:234 - (OptionalMessage_ERROR) IP (DMA) : Parameter (Priority) has Id (ADC1) currently not set
2025-10-28 18:16:41,260 [INFO] ApiDb:581 - Connected to CubeFinder SQLite database (C:\Users\rolni\.stmcufinder\plugins\mcufinder\mcu\cube-finder-db.db)
2025-10-28 18:16:41,364 [INFO] ApiDb:668 - CubeFinder database Data Model version=2.1
2025-10-28 18:16:41,364 [INFO] ApiDb:669 - CubeFinder database Configuration version=3.0.39
2025-10-28 18:16:41,368 [INFO] ApiDb:670 - CubeFinder database generation date=2025-08-25 (1756130511)
2025-10-28 18:16:41,368 [INFO] ApiDb:671 - CubeFinder database FW Pack versions=[FP-ATR-ASTRA1_V2.0.0, FP-SNS-FLIGHT1_V5.1.0, FP-SNS-MOTENV1_V5.0.0, FP-SNS-MOTENVWB1_V1.4.0, FP-SNS-SMARTAG2_V1.2.0, FP-SNS-STBOX1_V2.1.0, STM32Cube_FW_C0_V1.4.0, STM32Cube_FW_F4_V1.28.3, STM32Cube_FW_F7_V1.17.4, STM32Cube_FW_G0_V1.6.2, STM32Cube_FW_G4_V1.6.1, STM32Cube_FW_H5_V1.5.0, STM32Cube_FW_H7RS_V1.2.0, STM32Cube_FW_H7_V1.12.1, STM32Cube_FW_L0_V1.12.2, STM32Cube_FW_L4_V1.18.1, STM32Cube_FW_L5_V1.5.1, STM32Cube_FW_N6_V1.2.0, STM32Cube_FW_U0_V1.3.0, STM32Cube_FW_U3_V1.2.0, STM32Cube_FW_U5_V1.8.0, STM32Cube_FW_WB0_V1.3.0, STM32Cube_FW_WBA_V1.7.0, STM32Cube_FW_WB_V1.23.0, STM32Cube_FW_WL3_V1.2.0, STM32Cube_FW_WL_V1.3.1, X-CUBE-ALGOBUILD_V1.4.0, X-CUBE-ALS_V1.0.2, X-CUBE-AZRTOS-F4_V1.1.0, X-CUBE-AZRTOS-F7_V1.1.0, X-CUBE-AZRTOS-G0_V1.1.0, X-CUBE-AZRTOS-G4_V2.0.0, X-CUBE-AZRTOS-H7RS_V1.1.0, X-CUBE-AZRTOS-H7_V3.4.0, X-CUBE-AZRTOS-L4_V2.0.0, X-CUBE-AZRTOS-L5_V2.0.0, X-CUBE-AZRTOS-WB_V2.0.0, X-CUBE-AZRTOS-WL_V2.0.0, X-CUBE-BLE1_V7.1.0, X-CUBE-BLE2_V3.3.0, X-CUBE-BLEMGR_V4.1.0, X-CUBE-EEPRMA1_V5.2.0, X-CUBE-FREERTOS_V1.3.1, X-CUBE-GNSS1_V6.0.0, X-CUBE-MEMS1_V11.3.0, X-CUBE-NFC4_V3.0.0, X-CUBE-NFC7_V2.0.0, X-CUBE-SFXS2LP1_V4.0.0, X-CUBE-ST67W61_V1.0.0, X-CUBE-SUBG2_V5.0.0, X-CUBE-TOF1_V3.4.3]
2025-10-28 18:16:41,611 [INFO] DbBoardsSqlite:226 - include board P-NUCLEO-WB55-NUCLEO as a kit item of type 'Nucleo-64'
2025-10-28 18:16:41,612 [INFO] DbBoardsSqlite:226 - include board P-NUCLEO-WB55-USBDONGLE as a kit item of type 'Nucleo USB Dongle'
2025-10-28 18:16:41,614 [INFO] DbBoardsSqlite:226 - include board STEVAL-IDP005V1 as a kit item of type 'Evaluation Board'
2025-10-28 18:16:41,615 [INFO] DbBoardsSqlite:226 - include board STEVAL-IDP005V2 as a kit item of type 'Evaluation Board'
2025-10-28 18:16:42,194 [INFO] ApiDb:240 - Found 880 in-development CPN: [B-G473E-ZEST1S, B-WB1M-WPAN1, B-WBA5M-WPAN, B-WL5M-SUBG1, NUCLEO-C031C6, NUCLEO-C051C8, NUCLEO-C071RB, NUCLEO-C092RC, NUCLEO-H503RB, NUCLEO-H533RE, NUCLEO-H563ZI, NUCLEO-H7S3L8, NUCLEO-N657X0-Q, NUCLEO-U031R8, NUCLEO-U083RC, NUCLEO-U385RG-Q, NUCLEO-U545RE-Q, NUCLEO-U5A5ZJ-Q, NUCLEO-WB05KZ, NUCLEO-WB07CC, NUCLEO-WB09KE, NUCLEO-WBA52CG, NUCLEO-WBA55CG, NUCLEO-WL33CC1, NUCLEO-WL33CC2, STEVAL-PROTEUS1, STEVAL-SMARTAG2, STEVAL-STWINBX1, STM320518-EVAL, STM32C0116-DK, STM32C011D6Y3TR, STM32C011D6Y6TR, STM32C011F4P3, STM32C011F4P6, STM32C011F4U3, STM32C011F4U6TR, STM32C011F6P3, STM32C011F6P6, STM32C011F6U3, STM32C011F6U6TR, STM32C011J4M3, STM32C011J4M6, STM32C011J6M3, STM32C011J6M6, STM32C0316-DK, STM32C031C4T3, STM32C031C4T6, STM32C031C4U3, STM32C031C4U6, STM32C031C6T3, STM32C031C6T6, STM32C031C6U3, STM32C031C6U6, STM32C031F4P3, STM32C031F4P6, STM32C031F6P3, STM32C031F6P6, STM32C031G4U3, STM32C031G4U6, STM32C031G6U3, STM32C031G6U6, STM32C031K4T3, STM32C031K4T6, STM32C031K4U3, STM32C031K4U6, STM32C031K6T3, STM32C031K6T6, STM32C031K6U3, STM32C031K6U6, STM32C051C6T6, STM32C051C6U6, STM32C051C8T6, STM32C051C8U6, STM32C051D8Y6TR, STM32C051F6P6, STM32C051F8P6, STM32C051G6U6, STM32C051G8U6, STM32C051K6T6, STM32C051K6U6, STM32C051K8T6, STM32C071C8T6, STM32C071C8T6N, STM32C071C8U6, STM32C071C8U6N, STM32C071CBT6, STM32C071CBT6N, STM32C071CBU6, STM32C071CBU6N, STM32C071F8P6, STM32C071F8P6N, STM32C071FBP6, STM32C071FBP6N, STM32C071FBY6TR, STM32C071G8U6, STM32C071G8U6N, STM32C071GBU6, STM32C071GBU6N, STM32C071K8T6, STM32C071K8T6N, STM32C071K8U6, STM32C071K8U6N, STM32C071KBT6, STM32C071KBT6N, STM32C071KBU6, STM32C071KBU6N, STM32C071R8T6, STM32C071R8T6N, STM32C071RBI6N, STM32C071RBT6, STM32C071RBT6N, STM32C091CBT6, STM32C091CBU6, STM32C091CCT6, STM32C091CCU6, STM32C091ECY6TR, STM32C091FBP6, STM32C091FCP6, STM32C091GBU6, STM32C091GCU6, STM32C091KBT6, STM32C091KBU6, STM32C091KCT6, STM32C091KCU6, STM32C091RBT6, STM32C091RCI6, STM32C091RCT6, STM32C092CBT6, STM32C092CBU6, STM32C092CCT6, STM32C092CCU6, STM32C092ECY6TR, STM32C092FBP6, STM32C092FCP6, STM32C092GBU6, STM32C092GCU6, STM32C092KBT6, STM32C092KBU6, STM32C092KCT6, STM32C092KCU6, STM32C092RBT6, STM32C092RCI6, STM32C092RCT6, STM32G071K8TXN, STM32G071K8UXN, STM32G081GBU6N, STM32G081KBT6N, STM32G081KBUXN, STM32G0B1CCT6N, STM32G0B1KCT6, STM32G0B1NEY6TR, STM32G0B1RCT6N, STM32G0C1CCT6, STM32G0C1CCT6N, STM32G0C1CCU6N, STM32G0C1CET6N, STM32G0C1CEU6N, STM32G0C1KCT6, STM32G0C1NEY6TR, STM32G0C1RCI6N, STM32G0C1RCT6N, STM32G0C1REI6N, STM32G0C1RET6N, STM32G0C1VCI6, STM32G0C1VEI6, STM32G411C6T3, STM32G411C6T6, STM32G411C6U3, STM32G411C6U6, STM32G411C8T3, STM32G411C8T6, STM32G411C8U3, STM32G411C8U6, STM32G411CBT3, STM32G411CBT6, STM32G411CBU3, STM32G411CBU6, STM32G411K6T3, STM32G411K6T6, STM32G411K6U3, STM32G411K6U6, STM32G411K8T3, STM32G411K8T6, STM32G411K8U3, STM32G411K8U6, STM32G411KBT3, STM32G411KBT6, STM32G411KBU3, STM32G411KBU6, STM32G411M6T3, STM32G411M6T6, STM32G411M8T3, STM32G411M8T6, STM32G411MBT3, STM32G411MBT6, STM32G411R6T3, STM32G411R6T6, STM32G411R8T3, STM32G411R8T6, STM32G411RBT3, STM32G411RBT6, STM32G414CBT3, STM32G414CBT6, STM32G414CBU3, STM32G414CBU6, STM32G414CCT3, STM32G414CCT6, STM32G414CCU3, STM32G414CCU6, STM32G414MBT3, STM32G414MBT6, STM32G414MCT3, STM32G414MCT6, STM32G414RBT3, STM32G414RBT6, STM32G414RCT3, STM32G414RCT6, STM32G414VBT3, STM32G414VBT6, STM32G414VCT3, STM32G414VCT6, STM32G431CBT3Z, STM32G431RBT3Z, STM32G471CCT6, STM32G471CCU6, STM32G471CET3, STM32G471CET6, STM32G471CEU3, STM32G471CEU6, STM32G471MCT6, STM32G471MET3, STM32G471MET6, STM32G471MEY6TR, STM32G471QCT6, STM32G471QET3, STM32G471RCT6, STM32G471RET3, STM32G471RET6, STM32G471VCH6, STM32G471VCI6, STM32G471VCT6, STM32G471VEH3, STM32G471VEH6, STM32G471VEI3, STM32G471VEI6, STM32G471VET3, STM32G471VET6, STM32G473QET3Z, STM32G473RET3Z, STM32G474CCT6, STM32G491RET3Z, STM32H503CBT6, STM32H503CBU6, STM32H503EBY6TR, STM32H503KBU6, STM32H503RBT6, STM32H523CCT6, STM32H523CCU6, STM32H523CET6, STM32H523CEU6, STM32H523HEY6TR, STM32H523RCT6, STM32H523RET6, STM32H523VCI6, STM32H523VCT6, STM32H523VEI6, STM32H523VET6, STM32H523ZCJ6, STM32H523ZCT6, STM32H523ZEJ6, STM32H523ZET6, STM32H533CET6, STM32H533CEU6, STM32H533HEY6TR, STM32H533RET6, STM32H533VEI6, STM32H533VET6, STM32H533ZEJ6, STM32H533ZET6, STM32H562AGI6, STM32H562AII6, STM32H562IGK6, STM32H562IGT6, STM32H562IIK6, STM32H562IIT6, STM32H562RGT6, STM32H562RGV6, STM32H562RIT6, STM32H562RIV6, STM32H562VGT6, STM32H562VIT6, STM32H562ZGT6, STM32H562ZIT6, STM32H563AGI6, STM32H563AII3Q, STM32H563AII6, STM32H563IGK6, STM32H563IGT6, STM32H563IIK3Q, STM32H563IIK6, STM32H563IIT3Q, STM32H563IIT6, STM32H563MIY3QTR, STM32H563RGT6, STM32H563RGV6, STM32H563RIT6, STM32H563RIV6, STM32H563VGT6, STM32H563VIT3Q, STM32H563VIT6, STM32H563ZGT6, STM32H563ZIT3Q, STM32H563ZIT6, STM32H573AII3Q, STM32H573AII6, STM32H573I-DK, STM32H573IIK3Q, STM32H573IIK6, STM32H573IIT3Q, STM32H573IIT6, STM32H573MIY3QTR, STM32H573RIT6, STM32H573RIV6, STM32H573VIT3Q, STM32H573VIT6, STM32H573ZIT3Q, STM32H573ZIT6, STM32H7R3A8I6, STM32H7R3I8K6, STM32H7R3I8T6, STM32H7R3L8H6, STM32H7R3L8H6H, STM32H7R3R8V6, STM32H7R3V8H6, STM32H7R3V8T6, STM32H7R3V8Y6TR, STM32H7R3Z8J6, STM32H7R3Z8T6, STM32H7R7A8I6, STM32H7R7I8K6, STM32H7R7I8T6, STM32H7R7L8H6, STM32H7R7L8H6H, STM32H7R7Z8J6, STM32H7S3A8I6, STM32H7S3I8K6, STM32H7S3I8T6, STM32H7S3L8H6, STM32H7S3L8H6H, STM32H7S3R8V6, STM32H7S3V8H6, STM32H7S3V8T6, STM32H7S3V8Y6TR, STM32H7S3Z8J6, STM32H7S3Z8T6, STM32H7S78-DK, STM32H7S7A8I6, STM32H7S7I8K6, STM32H7S7I8T6, STM32H7S7L8H6, STM32H7S7L8H6H, STM32H7S7Z8J6, STM32L4R5QGI6STR, STM32MP131AAE3, STM32MP131AAF3, STM32MP131AAG3, STM32MP131CAE3, STM32MP131CAF3, STM32MP131CAG3, STM32MP131DAE7, STM32MP131DAF7, STM32MP131DAG7, STM32MP131FAE7, STM32MP131FAF7, STM32MP131FAG7, STM32MP133AAE3, STM32MP133AAF3, STM32MP133AAG3, STM32MP133CAE3, STM32MP133CAF3, STM32MP133CAG3, STM32MP133DAE7, STM32MP133DAF7, STM32MP133DAG7, STM32MP133FAE7, STM32MP133FAF7, STM32MP133FAG7, STM32MP135AAE3, STM32MP135AAF3, STM32MP135AAG3, STM32MP135CAE3, STM32MP135CAF3, STM32MP135CAG3, STM32MP135DAE7, STM32MP135DAF7, STM32MP135DAG7, STM32MP135F-DK, STM32MP135FAE7, STM32MP135FAF7, STM32MP135FAF7T, STM32MP135FAF7U, STM32MP135FAG7, STM32MP211AAL3, STM32MP211AAM3, STM32MP211AAN3, STM32MP211AAO3, STM32MP211CAL3, STM32MP211CAM3, STM32MP211CAN3, STM32MP211CAO3, STM32MP211DAL3, STM32MP211DAM3, STM32MP211DAN3, STM32MP211DAO3, STM32MP211FAL3, STM32MP211FAM3, STM32MP211FAN3, STM32MP211FAO3, STM32MP213AAL3, STM32MP213AAM3, STM32MP213AAN3, STM32MP213AAO3, STM32MP213CAL3, STM32MP213CAM3, STM32MP213CAN3, STM32MP213CAO3, STM32MP213DAL3, STM32MP213DAM3, STM32MP213DAN3, STM32MP213DAO3, STM32MP213FAL3, STM32MP213FAM3, STM32MP213FAN3, STM32MP213FAO3, STM32MP215AAL3, STM32MP215AAM3, STM32MP215AAN3, STM32MP215AAO3, STM32MP215CAL3, STM32MP215CAM3, STM32MP215CAN3, STM32MP215CAO3, STM32MP215DAL3, STM32MP215DAM3, STM32MP215DAN3, STM32MP215DAO3, STM32MP215F-DK, STM32MP215FAL3, STM32MP215FAM3, STM32MP215FAN3, STM32MP215FAO3, STM32MP231AAJ3, STM32MP231AAK3, STM32MP231AAL3, STM32MP231CAJ3, STM32MP231CAK3, STM32MP231CAL3, STM32MP231DAJ3, STM32MP231DAK3, STM32MP231DAL3, STM32MP231FAJ3, STM32MP231FAK3, STM32MP231FAL3, STM32MP233AAJ3, STM32MP233AAK3, STM32MP233AAL3, STM32MP233CAJ3, STM32MP233CAK3, STM32MP233CAL3, STM32MP233DAJ3, STM32MP233DAK3, STM32MP233DAL3, STM32MP233FAJ3, STM32MP233FAK3, STM32MP233FAL3, STM32MP235AAJ3, STM32MP235AAK3, STM32MP235AAL3, STM32MP235CAJ3, STM32MP235CAK3, STM32MP235CAL3, STM32MP235DAJ3, STM32MP235DAK3, STM32MP235DAL3, STM32MP235FAJ3, STM32MP235FAK3, STM32MP235FAL3, STM32MP251AAI3, STM32MP251AAK3, STM32MP251AAL3, STM32MP251CAI3, STM32MP251CAK3, STM32MP251CAL3, STM32MP251DAI3, STM32MP251DAK3, STM32MP251DAL3, STM32MP251FAI3, STM32MP251FAK3, STM32MP251FAL3, STM32MP253AAI3, STM32MP253AAK3, STM32MP253AAL3, STM32MP253CAI3, STM32MP253CAK3, STM32MP253CAL3, STM32MP253DAI3, STM32MP253DAK3, STM32MP253DAL3, STM32MP253FAI3, STM32MP253FAK3, STM32MP253FAL3, STM32MP255AAI3, STM32MP255AAK3, STM32MP255AAL3, STM32MP255CAI3, STM32MP255CAK3, STM32MP255CAL3, STM32MP255DAI3, STM32MP255DAK3, STM32MP255DAL3, STM32MP255FAI3, STM32MP255FAK3, STM32MP255FAL3, STM32MP257AAI3, STM32MP257AAK3, STM32MP257AAL3, STM32MP257CAI3, STM32MP257CAK3, STM32MP257CAL3, STM32MP257DAI3, STM32MP257DAK3, STM32MP257DAL3, STM32MP257F-DK, STM32MP257F-EV1, STM32MP257FAI3, STM32MP257FAK3, STM32MP257FAL3, STM32N645A0H3Q, STM32N645B0H3Q, STM32N645I0H3Q, STM32N645L0H3Q, STM32N645X0H3Q, STM32N645Z0H3Q, STM32N647A0H3Q, STM32N647B0H3Q, STM32N647I0H3Q, STM32N647L0H3Q, STM32N647X0H3Q, STM32N647Z0H3Q, STM32N655A0H3Q, STM32N655B0H3Q, STM32N655I0H3Q, STM32N655L0H3Q, STM32N655X0H3Q, STM32N655Z0H3Q, STM32N6570-DK, STM32N657A0H3Q, STM32N657B0H3Q, STM32N657I0H3Q, STM32N657L0H3Q, STM32N657X0H3Q, STM32N657Z0H3Q, STM32U031C6T6, STM32U031C6U6, STM32U031C8T6, STM32U031C8U6, STM32U031F4P6, STM32U031F6P6, STM32U031F8P6, STM32U031G6Y6TR, STM32U031G8Y6TR, STM32U031K4U6, STM32U031K6U6, STM32U031K8U6, STM32U031R6I6, STM32U031R6T6, STM32U031R8I6, STM32U031R8T6, STM32U073C8T6, STM32U073C8U6, STM32U073CBT6, STM32U073CBU6, STM32U073CCT6, STM32U073CCU6, STM32U073H8Y6TR, STM32U073HBY6TR, STM32U073HCY6TR, STM32U073K8U6, STM32U073KBU6, STM32U073KCU6, STM32U073M8I6, STM32U073M8T6, STM32U073MBI6, STM32U073MBT6, STM32U073MCI6, STM32U073MCT6, STM32U073R8I6, STM32U073R8T6, STM32U073RBI6, STM32U073RBT6, STM32U073RCI6, STM32U073RCT6, STM32U083C-DK, STM32U083CCT6, STM32U083CCU6, STM32U083HCY6TR, STM32U083KCU6, STM32U083MCI6, STM32U083MCT6, STM32U083RCI6, STM32U083RCT6, STM32U375CET6, STM32U375CET6Q, STM32U375CEU6, STM32U375CEU6Q, STM32U375CEY6QTR, STM32U375CGT6, STM32U375CGT6Q, STM32U375CGU6, STM32U375CGU6Q, STM32U375CGY6QTR, STM32U375KEU6, STM32U375KGU6, STM32U375REI6, STM32U375REI6Q, STM32U375RET6, STM32U375RET6Q, STM32U375REY6GTR, STM32U375REY6QTR, STM32U375RGI6, STM32U375RGI6Q, STM32U375RGT6, STM32U375RGT6Q, STM32U375RGY6GTR, STM32U375RGY6QTR, STM32U375VEI6, STM32U375VEI6Q, STM32U375VET6, STM32U375VET6Q, STM32U375VGI6, STM32U375VGI6Q, STM32U375VGT6, STM32U375VGT6Q, STM32U385CGT6, STM32U385CGT6Q, STM32U385CGU6, STM32U385CGU6Q, STM32U385CGY6QTR, STM32U385KGU6, STM32U385RGI6, STM32U385RGI6Q, STM32U385RGT6, STM32U385RGT6Q, STM32U385RGY6GTR, STM32U385RGY6QTR, STM32U385VGI6, STM32U385VGI6Q, STM32U385VGT6, STM32U385VGT6Q, STM32U535CBT6, STM32U535CBT6Q, STM32U535CBU6, STM32U535CBU6Q, STM32U535CCT6, STM32U535CCT6Q, STM32U535CCU6, STM32U535CCU6Q, STM32U535CET6, STM32U535CET6Q, STM32U535CEU6, STM32U535CEU6Q, STM32U535JEY6QTR, STM32U535NCY6QTR, STM32U535NEY6QTR, STM32U535RBI6, STM32U535RBI6Q, STM32U535RBT6, STM32U535RBT6Q, STM32U535RCI6, STM32U535RCI6Q, STM32U535RCT6, STM32U535RCT6Q, STM32U535REI6, STM32U535REI6Q, STM32U535RET6, STM32U535RET6Q, STM32U535VCI6, STM32U535VCI6Q, STM32U535VCT6, STM32U535VCT6Q, STM32U535VEI6, STM32U535VEI6Q, STM32U535VET6, STM32U535VET6Q, STM32U545CET6, STM32U545CET6Q, STM32U545CEU6, STM32U545CEU6Q, STM32U545JEY6QTR, STM32U545NEY6QTR, STM32U545REI6, STM32U545REI6Q, STM32U545RET6, STM32U545RET6Q, STM32U545VEI6, STM32U545VEI6Q, STM32U545VET6, STM32U545VET6Q, STM32U595AIH6, STM32U595AIH6Q, STM32U595AJH6, STM32U595AJH6Q, STM32U595QII6, STM32U595QII6Q, STM32U595QJI6, STM32U595QJI6Q, STM32U595RIT6, STM32U595RIT6Q, STM32U595RJT6, STM32U595RJT6Q, STM32U595VIT6, STM32U595VIT6Q, STM32U595VJT6, STM32U595VJT6Q, STM32U595ZIT6, STM32U595ZIT6Q, STM32U595ZIY6QTR, STM32U595ZJT6, STM32U595ZJT6Q, STM32U595ZJY6QTR, STM32U599BJY6QTR, STM32U599NIH6Q, STM32U599NJH6Q, STM32U599VIT6Q, STM32U599VJT6, STM32U599VJT6Q, STM32U599ZIT6Q, STM32U599ZIY6QTR, STM32U599ZJT6Q, STM32U599ZJY6QTR, STM32U5A5AJH6, STM32U5A5AJH6Q, STM32U5A5QII3Q , STM32U5A5QJI6, STM32U5A5QJI6Q, STM32U5A5RJT6, STM32U5A5RJT6Q, STM32U5A5VJT6, STM32U5A5VJT6Q, STM32U5A5ZJT6, STM32U5A5ZJT6Q, STM32U5A5ZJY6QTR, STM32U5A9BJY6QTR, STM32U5A9J-DK, STM32U5A9NJH6Q, STM32U5A9VJT6Q, STM32U5A9ZJT6Q, STM32U5A9ZJY6QTR, STM32U5F7VIT6, STM32U5F7VIT6Q, STM32U5F7VJT6, STM32U5F7VJT6Q, STM32U5F9BJY6QTR, STM32U5F9NJH6Q, STM32U5F9VIT6Q, STM32U5F9VJT6Q, STM32U5F9ZIJ6QTR, STM32U5F9ZIT6Q, STM32U5F9ZJJ6QTR, STM32U5F9ZJT6Q, STM32U5G7VJT6, STM32U5G7VJT6Q, STM32U5G9BJY6QTR, STM32U5G9J-DK1, STM32U5G9J-DK2, STM32U5G9NJH6Q, STM32U5G9VJT6Q, STM32U5G9ZJJ6QTR, STM32U5G9ZJT6Q, STM32WB05KZV6TR, STM32WB05KZV7TR, STM32WB05TZF6TR, STM32WB05TZF7TR, STM32WB06CCF6TR, STM32WB06CCF7TR, STM32WB06CCV6TR, STM32WB06CCV7TR, STM32WB06KCV6TR, STM32WB06KCV7TR, STM32WB07CCF6TR, STM32WB07CCF7TR, STM32WB07CCV6TR, STM32WB07CCV7TR, STM32WB07KCV6TR, STM32WB07KCV7TR, STM32WB09KEV6TR, STM32WB09KEV7TR, STM32WB09TEF6TR, STM32WB09TEF7TR, STM32WB1MMCH6, STM32WBA50KGU6, STM32WBA50KGU6TR, STM32WBA52CEU6, STM32WBA52CEU6TR, STM32WBA52CEU7, STM32WBA52CEU7TR, STM32WBA52CGU6, STM32WBA52CGU6TR, STM32WBA52CGU6U, STM32WBA52CGU7, STM32WBA52CGU7TR, STM32WBA52KEU6, STM32WBA52KEU6TR, STM32WBA52KGU6, STM32WBA52KGU6TR, STM32WBA54CEU6, STM32WBA54CEU6TR, STM32WBA54CEU7, STM32WBA54CEU7TR, STM32WBA54CGU6, STM32WBA54CGU6TR, STM32WBA54CGU7, STM32WBA54CGU7TR, STM32WBA54KEU6, STM32WBA54KEU6TR, STM32WBA54KEU7, STM32WBA54KEU7TR, STM32WBA54KGU6, STM32WBA54KGU6TR, STM32WBA54KGU7, STM32WBA54KGU7TR, STM32WBA55CEU6, STM32WBA55CEU6TR, STM32WBA55CEU7, STM32WBA55CEU7TR, STM32WBA55CGU6, STM32WBA55CGU6TR, STM32WBA55CGU6U, STM32WBA55CGU7, STM32WBA55CGU7TR, STM32WBA55G-DK1, STM32WBA55HEF6, STM32WBA55HEF7, STM32WBA55HGF6, STM32WBA55HGF7, STM32WBA55UEI6, STM32WBA55UEI6TR, STM32WBA55UEI7, STM32WBA55UEI7TR, STM32WBA55UGI6, STM32WBA55UGI6TR, STM32WBA55UGI7, STM32WBA55UGI7TR, STM32WBA5MMGH6TR, STM32WBA62MGF6, STM32WBA62MIF6, STM32WBA65MGF7, STM32WBA65MIF6, STM32WBA65MIF7, STM32WL30K8V6, STM32WL30KBV6, STM32WL31C8V6, STM32WL31CBV6, STM32WL31K8V6, STM32WL31KBV6, STM32WL33C8V6, STM32WL33C8V6X, STM32WL33CBV6, STM32WL33CBV6X, STM32WL33CCV6, STM32WL33CCV6A, STM32WL33CCV6X, STM32WL33K8V7, STM32WL33K8V7X, STM32WL33KBV7 , STM32WL33KBV7X, STM32WL33KCV7, STM32WL33KCV7X, STM32WL5MOCH6, STM32WL5MOCH6TR]
2025-10-28 18:16:42,497 [INFO] BoardInfo:889 - No configuration file found for board P-NUCLEO-WB55
2025-10-28 18:16:42,498 [INFO] DbBoards:161 - Kit is not supported: P-NUCLEO-WB55
2025-10-28 18:16:42,508 [INFO] BoardInfo:889 - No configuration file found for board STEVAL-BFA001V1B
2025-10-28 18:16:42,510 [INFO] DbBoards:161 - Kit is not supported: STEVAL-BFA001V1B
2025-10-28 18:16:42,511 [INFO] BoardInfo:889 - No configuration file found for board STEVAL-BFA001V2B
2025-10-28 18:16:42,512 [INFO] DbBoards:161 - Kit is not supported: STEVAL-BFA001V2B
2025-10-28 18:16:42,785 [INFO] DbBoards:168 - Found 212 boards, 209 are supported
2025-10-28 18:16:42,785 [INFO] DbBoards:169 - Found 212 boards, 43 of them is supported for  Bsp
2025-10-28 18:16:42,789 [INFO] ApiDb:668 - CubeFinder database Data Model version=2.1
2025-10-28 18:16:42,789 [INFO] ApiDb:669 - CubeFinder database Configuration version=3.0.39
2025-10-28 18:16:42,789 [INFO] ApiDb:670 - CubeFinder database generation date=2025-08-25 (1756130511)
2025-10-28 18:16:42,789 [INFO] ApiDb:671 - CubeFinder database FW Pack versions=[FP-ATR-ASTRA1_V2.0.0, FP-SNS-FLIGHT1_V5.1.0, FP-SNS-MOTENV1_V5.0.0, FP-SNS-MOTENVWB1_V1.4.0, FP-SNS-SMARTAG2_V1.2.0, FP-SNS-STBOX1_V2.1.0, STM32Cube_FW_C0_V1.4.0, STM32Cube_FW_F4_V1.28.3, STM32Cube_FW_F7_V1.17.4, STM32Cube_FW_G0_V1.6.2, STM32Cube_FW_G4_V1.6.1, STM32Cube_FW_H5_V1.5.0, STM32Cube_FW_H7RS_V1.2.0, STM32Cube_FW_H7_V1.12.1, STM32Cube_FW_L0_V1.12.2, STM32Cube_FW_L4_V1.18.1, STM32Cube_FW_L5_V1.5.1, STM32Cube_FW_N6_V1.2.0, STM32Cube_FW_U0_V1.3.0, STM32Cube_FW_U3_V1.2.0, STM32Cube_FW_U5_V1.8.0, STM32Cube_FW_WB0_V1.3.0, STM32Cube_FW_WBA_V1.7.0, STM32Cube_FW_WB_V1.23.0, STM32Cube_FW_WL3_V1.2.0, STM32Cube_FW_WL_V1.3.1, X-CUBE-ALGOBUILD_V1.4.0, X-CUBE-ALS_V1.0.2, X-CUBE-AZRTOS-F4_V1.1.0, X-CUBE-AZRTOS-F7_V1.1.0, X-CUBE-AZRTOS-G0_V1.1.0, X-CUBE-AZRTOS-G4_V2.0.0, X-CUBE-AZRTOS-H7RS_V1.1.0, X-CUBE-AZRTOS-H7_V3.4.0, X-CUBE-AZRTOS-L4_V2.0.0, X-CUBE-AZRTOS-L5_V2.0.0, X-CUBE-AZRTOS-WB_V2.0.0, X-CUBE-AZRTOS-WL_V2.0.0, X-CUBE-BLE1_V7.1.0, X-CUBE-BLE2_V3.3.0, X-CUBE-BLEMGR_V4.1.0, X-CUBE-EEPRMA1_V5.2.0, X-CUBE-FREERTOS_V1.3.1, X-CUBE-GNSS1_V6.0.0, X-CUBE-MEMS1_V11.3.0, X-CUBE-NFC4_V3.0.0, X-CUBE-NFC7_V2.0.0, X-CUBE-SFXS2LP1_V4.0.0, X-CUBE-ST67W61_V1.0.0, X-CUBE-SUBG2_V5.0.0, X-CUBE-TOF1_V3.4.3]
2025-10-28 18:16:45,104 [INFO] ApiDb:240 - Found 880 in-development CPN: [B-G473E-ZEST1S, B-WB1M-WPAN1, B-WBA5M-WPAN, B-WL5M-SUBG1, NUCLEO-C031C6, NUCLEO-C051C8, NUCLEO-C071RB, NUCLEO-C092RC, NUCLEO-H503RB, NUCLEO-H533RE, NUCLEO-H563ZI, NUCLEO-H7S3L8, NUCLEO-N657X0-Q, NUCLEO-U031R8, NUCLEO-U083RC, NUCLEO-U385RG-Q, NUCLEO-U545RE-Q, NUCLEO-U5A5ZJ-Q, NUCLEO-WB05KZ, NUCLEO-WB07CC, NUCLEO-WB09KE, NUCLEO-WBA52CG, NUCLEO-WBA55CG, NUCLEO-WL33CC1, NUCLEO-WL33CC2, STEVAL-PROTEUS1, STEVAL-SMARTAG2, STEVAL-STWINBX1, STM320518-EVAL, STM32C0116-DK, STM32C011D6Y3TR, STM32C011D6Y6TR, STM32C011F4P3, STM32C011F4P6, STM32C011F4U3, STM32C011F4U6TR, STM32C011F6P3, STM32C011F6P6, STM32C011F6U3, STM32C011F6U6TR, STM32C011J4M3, STM32C011J4M6, STM32C011J6M3, STM32C011J6M6, STM32C0316-DK, STM32C031C4T3, STM32C031C4T6, STM32C031C4U3, STM32C031C4U6, STM32C031C6T3, STM32C031C6T6, STM32C031C6U3, STM32C031C6U6, STM32C031F4P3, STM32C031F4P6, STM32C031F6P3, STM32C031F6P6, STM32C031G4U3, STM32C031G4U6, STM32C031G6U3, STM32C031G6U6, STM32C031K4T3, STM32C031K4T6, STM32C031K4U3, STM32C031K4U6, STM32C031K6T3, STM32C031K6T6, STM32C031K6U3, STM32C031K6U6, STM32C051C6T6, STM32C051C6U6, STM32C051C8T6, STM32C051C8U6, STM32C051D8Y6TR, STM32C051F6P6, STM32C051F8P6, STM32C051G6U6, STM32C051G8U6, STM32C051K6T6, STM32C051K6U6, STM32C051K8T6, STM32C071C8T6, STM32C071C8T6N, STM32C071C8U6, STM32C071C8U6N, STM32C071CBT6, STM32C071CBT6N, STM32C071CBU6, STM32C071CBU6N, STM32C071F8P6, STM32C071F8P6N, STM32C071FBP6, STM32C071FBP6N, STM32C071FBY6TR, STM32C071G8U6, STM32C071G8U6N, STM32C071GBU6, STM32C071GBU6N, STM32C071K8T6, STM32C071K8T6N, STM32C071K8U6, STM32C071K8U6N, STM32C071KBT6, STM32C071KBT6N, STM32C071KBU6, STM32C071KBU6N, STM32C071R8T6, STM32C071R8T6N, STM32C071RBI6N, STM32C071RBT6, STM32C071RBT6N, STM32C091CBT6, STM32C091CBU6, STM32C091CCT6, STM32C091CCU6, STM32C091ECY6TR, STM32C091FBP6, STM32C091FCP6, STM32C091GBU6, STM32C091GCU6, STM32C091KBT6, STM32C091KBU6, STM32C091KCT6, STM32C091KCU6, STM32C091RBT6, STM32C091RCI6, STM32C091RCT6, STM32C092CBT6, STM32C092CBU6, STM32C092CCT6, STM32C092CCU6, STM32C092ECY6TR, STM32C092FBP6, STM32C092FCP6, STM32C092GBU6, STM32C092GCU6, STM32C092KBT6, STM32C092KBU6, STM32C092KCT6, STM32C092KCU6, STM32C092RBT6, STM32C092RCI6, STM32C092RCT6, STM32G071K8TXN, STM32G071K8UXN, STM32G081GBU6N, STM32G081KBT6N, STM32G081KBUXN, STM32G0B1CCT6N, STM32G0B1KCT6, STM32G0B1NEY6TR, STM32G0B1RCT6N, STM32G0C1CCT6, STM32G0C1CCT6N, STM32G0C1CCU6N, STM32G0C1CET6N, STM32G0C1CEU6N, STM32G0C1KCT6, STM32G0C1NEY6TR, STM32G0C1RCI6N, STM32G0C1RCT6N, STM32G0C1REI6N, STM32G0C1RET6N, STM32G0C1VCI6, STM32G0C1VEI6, STM32G411C6T3, STM32G411C6T6, STM32G411C6U3, STM32G411C6U6, STM32G411C8T3, STM32G411C8T6, STM32G411C8U3, STM32G411C8U6, STM32G411CBT3, STM32G411CBT6, STM32G411CBU3, STM32G411CBU6, STM32G411K6T3, STM32G411K6T6, STM32G411K6U3, STM32G411K6U6, STM32G411K8T3, STM32G411K8T6, STM32G411K8U3, STM32G411K8U6, STM32G411KBT3, STM32G411KBT6, STM32G411KBU3, STM32G411KBU6, STM32G411M6T3, STM32G411M6T6, STM32G411M8T3, STM32G411M8T6, STM32G411MBT3, STM32G411MBT6, STM32G411R6T3, STM32G411R6T6, STM32G411R8T3, STM32G411R8T6, STM32G411RBT3, STM32G411RBT6, STM32G414CBT3, STM32G414CBT6, STM32G414CBU3, STM32G414CBU6, STM32G414CCT3, STM32G414CCT6, STM32G414CCU3, STM32G414CCU6, STM32G414MBT3, STM32G414MBT6, STM32G414MCT3, STM32G414MCT6, STM32G414RBT3, STM32G414RBT6, STM32G414RCT3, STM32G414RCT6, STM32G414VBT3, STM32G414VBT6, STM32G414VCT3, STM32G414VCT6, STM32G431CBT3Z, STM32G431RBT3Z, STM32G471CCT6, STM32G471CCU6, STM32G471CET3, STM32G471CET6, STM32G471CEU3, STM32G471CEU6, STM32G471MCT6, STM32G471MET3, STM32G471MET6, STM32G471MEY6TR, STM32G471QCT6, STM32G471QET3, STM32G471RCT6, STM32G471RET3, STM32G471RET6, STM32G471VCH6, STM32G471VCI6, STM32G471VCT6, STM32G471VEH3, STM32G471VEH6, STM32G471VEI3, STM32G471VEI6, STM32G471VET3, STM32G471VET6, STM32G473QET3Z, STM32G473RET3Z, STM32G474CCT6, STM32G491RET3Z, STM32H503CBT6, STM32H503CBU6, STM32H503EBY6TR, STM32H503KBU6, STM32H503RBT6, STM32H523CCT6, STM32H523CCU6, STM32H523CET6, STM32H523CEU6, STM32H523HEY6TR, STM32H523RCT6, STM32H523RET6, STM32H523VCI6, STM32H523VCT6, STM32H523VEI6, STM32H523VET6, STM32H523ZCJ6, STM32H523ZCT6, STM32H523ZEJ6, STM32H523ZET6, STM32H533CET6, STM32H533CEU6, STM32H533HEY6TR, STM32H533RET6, STM32H533VEI6, STM32H533VET6, STM32H533ZEJ6, STM32H533ZET6, STM32H562AGI6, STM32H562AII6, STM32H562IGK6, STM32H562IGT6, STM32H562IIK6, STM32H562IIT6, STM32H562RGT6, STM32H562RGV6, STM32H562RIT6, STM32H562RIV6, STM32H562VGT6, STM32H562VIT6, STM32H562ZGT6, STM32H562ZIT6, STM32H563AGI6, STM32H563AII3Q, STM32H563AII6, STM32H563IGK6, STM32H563IGT6, STM32H563IIK3Q, STM32H563IIK6, STM32H563IIT3Q, STM32H563IIT6, STM32H563MIY3QTR, STM32H563RGT6, STM32H563RGV6, STM32H563RIT6, STM32H563RIV6, STM32H563VGT6, STM32H563VIT3Q, STM32H563VIT6, STM32H563ZGT6, STM32H563ZIT3Q, STM32H563ZIT6, STM32H573AII3Q, STM32H573AII6, STM32H573I-DK, STM32H573IIK3Q, STM32H573IIK6, STM32H573IIT3Q, STM32H573IIT6, STM32H573MIY3QTR, STM32H573RIT6, STM32H573RIV6, STM32H573VIT3Q, STM32H573VIT6, STM32H573ZIT3Q, STM32H573ZIT6, STM32H7R3A8I6, STM32H7R3I8K6, STM32H7R3I8T6, STM32H7R3L8H6, STM32H7R3L8H6H, STM32H7R3R8V6, STM32H7R3V8H6, STM32H7R3V8T6, STM32H7R3V8Y6TR, STM32H7R3Z8J6, STM32H7R3Z8T6, STM32H7R7A8I6, STM32H7R7I8K6, STM32H7R7I8T6, STM32H7R7L8H6, STM32H7R7L8H6H, STM32H7R7Z8J6, STM32H7S3A8I6, STM32H7S3I8K6, STM32H7S3I8T6, STM32H7S3L8H6, STM32H7S3L8H6H, STM32H7S3R8V6, STM32H7S3V8H6, STM32H7S3V8T6, STM32H7S3V8Y6TR, STM32H7S3Z8J6, STM32H7S3Z8T6, STM32H7S78-DK, STM32H7S7A8I6, STM32H7S7I8K6, STM32H7S7I8T6, STM32H7S7L8H6, STM32H7S7L8H6H, STM32H7S7Z8J6, STM32L4R5QGI6STR, STM32MP131AAE3, STM32MP131AAF3, STM32MP131AAG3, STM32MP131CAE3, STM32MP131CAF3, STM32MP131CAG3, STM32MP131DAE7, STM32MP131DAF7, STM32MP131DAG7, STM32MP131FAE7, STM32MP131FAF7, STM32MP131FAG7, STM32MP133AAE3, STM32MP133AAF3, STM32MP133AAG3, STM32MP133CAE3, STM32MP133CAF3, STM32MP133CAG3, STM32MP133DAE7, STM32MP133DAF7, STM32MP133DAG7, STM32MP133FAE7, STM32MP133FAF7, STM32MP133FAG7, STM32MP135AAE3, STM32MP135AAF3, STM32MP135AAG3, STM32MP135CAE3, STM32MP135CAF3, STM32MP135CAG3, STM32MP135DAE7, STM32MP135DAF7, STM32MP135DAG7, STM32MP135F-DK, STM32MP135FAE7, STM32MP135FAF7, STM32MP135FAF7T, STM32MP135FAF7U, STM32MP135FAG7, STM32MP211AAL3, STM32MP211AAM3, STM32MP211AAN3, STM32MP211AAO3, STM32MP211CAL3, STM32MP211CAM3, STM32MP211CAN3, STM32MP211CAO3, STM32MP211DAL3, STM32MP211DAM3, STM32MP211DAN3, STM32MP211DAO3, STM32MP211FAL3, STM32MP211FAM3, STM32MP211FAN3, STM32MP211FAO3, STM32MP213AAL3, STM32MP213AAM3, STM32MP213AAN3, STM32MP213AAO3, STM32MP213CAL3, STM32MP213CAM3, STM32MP213CAN3, STM32MP213CAO3, STM32MP213DAL3, STM32MP213DAM3, STM32MP213DAN3, STM32MP213DAO3, STM32MP213FAL3, STM32MP213FAM3, STM32MP213FAN3, STM32MP213FAO3, STM32MP215AAL3, STM32MP215AAM3, STM32MP215AAN3, STM32MP215AAO3, STM32MP215CAL3, STM32MP215CAM3, STM32MP215CAN3, STM32MP215CAO3, STM32MP215DAL3, STM32MP215DAM3, STM32MP215DAN3, STM32MP215DAO3, STM32MP215F-DK, STM32MP215FAL3, STM32MP215FAM3, STM32MP215FAN3, STM32MP215FAO3, STM32MP231AAJ3, STM32MP231AAK3, STM32MP231AAL3, STM32MP231CAJ3, STM32MP231CAK3, STM32MP231CAL3, STM32MP231DAJ3, STM32MP231DAK3, STM32MP231DAL3, STM32MP231FAJ3, STM32MP231FAK3, STM32MP231FAL3, STM32MP233AAJ3, STM32MP233AAK3, STM32MP233AAL3, STM32MP233CAJ3, STM32MP233CAK3, STM32MP233CAL3, STM32MP233DAJ3, STM32MP233DAK3, STM32MP233DAL3, STM32MP233FAJ3, STM32MP233FAK3, STM32MP233FAL3, STM32MP235AAJ3, STM32MP235AAK3, STM32MP235AAL3, STM32MP235CAJ3, STM32MP235CAK3, STM32MP235CAL3, STM32MP235DAJ3, STM32MP235DAK3, STM32MP235DAL3, STM32MP235FAJ3, STM32MP235FAK3, STM32MP235FAL3, STM32MP251AAI3, STM32MP251AAK3, STM32MP251AAL3, STM32MP251CAI3, STM32MP251CAK3, STM32MP251CAL3, STM32MP251DAI3, STM32MP251DAK3, STM32MP251DAL3, STM32MP251FAI3, STM32MP251FAK3, STM32MP251FAL3, STM32MP253AAI3, STM32MP253AAK3, STM32MP253AAL3, STM32MP253CAI3, STM32MP253CAK3, STM32MP253CAL3, STM32MP253DAI3, STM32MP253DAK3, STM32MP253DAL3, STM32MP253FAI3, STM32MP253FAK3, STM32MP253FAL3, STM32MP255AAI3, STM32MP255AAK3, STM32MP255AAL3, STM32MP255CAI3, STM32MP255CAK3, STM32MP255CAL3, STM32MP255DAI3, STM32MP255DAK3, STM32MP255DAL3, STM32MP255FAI3, STM32MP255FAK3, STM32MP255FAL3, STM32MP257AAI3, STM32MP257AAK3, STM32MP257AAL3, STM32MP257CAI3, STM32MP257CAK3, STM32MP257CAL3, STM32MP257DAI3, STM32MP257DAK3, STM32MP257DAL3, STM32MP257F-DK, STM32MP257F-EV1, STM32MP257FAI3, STM32MP257FAK3, STM32MP257FAL3, STM32N645A0H3Q, STM32N645B0H3Q, STM32N645I0H3Q, STM32N645L0H3Q, STM32N645X0H3Q, STM32N645Z0H3Q, STM32N647A0H3Q, STM32N647B0H3Q, STM32N647I0H3Q, STM32N647L0H3Q, STM32N647X0H3Q, STM32N647Z0H3Q, STM32N655A0H3Q, STM32N655B0H3Q, STM32N655I0H3Q, STM32N655L0H3Q, STM32N655X0H3Q, STM32N655Z0H3Q, STM32N6570-DK, STM32N657A0H3Q, STM32N657B0H3Q, STM32N657I0H3Q, STM32N657L0H3Q, STM32N657X0H3Q, STM32N657Z0H3Q, STM32U031C6T6, STM32U031C6U6, STM32U031C8T6, STM32U031C8U6, STM32U031F4P6, STM32U031F6P6, STM32U031F8P6, STM32U031G6Y6TR, STM32U031G8Y6TR, STM32U031K4U6, STM32U031K6U6, STM32U031K8U6, STM32U031R6I6, STM32U031R6T6, STM32U031R8I6, STM32U031R8T6, STM32U073C8T6, STM32U073C8U6, STM32U073CBT6, STM32U073CBU6, STM32U073CCT6, STM32U073CCU6, STM32U073H8Y6TR, STM32U073HBY6TR, STM32U073HCY6TR, STM32U073K8U6, STM32U073KBU6, STM32U073KCU6, STM32U073M8I6, STM32U073M8T6, STM32U073MBI6, STM32U073MBT6, STM32U073MCI6, STM32U073MCT6, STM32U073R8I6, STM32U073R8T6, STM32U073RBI6, STM32U073RBT6, STM32U073RCI6, STM32U073RCT6, STM32U083C-DK, STM32U083CCT6, STM32U083CCU6, STM32U083HCY6TR, STM32U083KCU6, STM32U083MCI6, STM32U083MCT6, STM32U083RCI6, STM32U083RCT6, STM32U375CET6, STM32U375CET6Q, STM32U375CEU6, STM32U375CEU6Q, STM32U375CEY6QTR, STM32U375CGT6, STM32U375CGT6Q, STM32U375CGU6, STM32U375CGU6Q, STM32U375CGY6QTR, STM32U375KEU6, STM32U375KGU6, STM32U375REI6, STM32U375REI6Q, STM32U375RET6, STM32U375RET6Q, STM32U375REY6GTR, STM32U375REY6QTR, STM32U375RGI6, STM32U375RGI6Q, STM32U375RGT6, STM32U375RGT6Q, STM32U375RGY6GTR, STM32U375RGY6QTR, STM32U375VEI6, STM32U375VEI6Q, STM32U375VET6, STM32U375VET6Q, STM32U375VGI6, STM32U375VGI6Q, STM32U375VGT6, STM32U375VGT6Q, STM32U385CGT6, STM32U385CGT6Q, STM32U385CGU6, STM32U385CGU6Q, STM32U385CGY6QTR, STM32U385KGU6, STM32U385RGI6, STM32U385RGI6Q, STM32U385RGT6, STM32U385RGT6Q, STM32U385RGY6GTR, STM32U385RGY6QTR, STM32U385VGI6, STM32U385VGI6Q, STM32U385VGT6, STM32U385VGT6Q, STM32U535CBT6, STM32U535CBT6Q, STM32U535CBU6, STM32U535CBU6Q, STM32U535CCT6, STM32U535CCT6Q, STM32U535CCU6, STM32U535CCU6Q, STM32U535CET6, STM32U535CET6Q, STM32U535CEU6, STM32U535CEU6Q, STM32U535JEY6QTR, STM32U535NCY6QTR, STM32U535NEY6QTR, STM32U535RBI6, STM32U535RBI6Q, STM32U535RBT6, STM32U535RBT6Q, STM32U535RCI6, STM32U535RCI6Q, STM32U535RCT6, STM32U535RCT6Q, STM32U535REI6, STM32U535REI6Q, STM32U535RET6, STM32U535RET6Q, STM32U535VCI6, STM32U535VCI6Q, STM32U535VCT6, STM32U535VCT6Q, STM32U535VEI6, STM32U535VEI6Q, STM32U535VET6, STM32U535VET6Q, STM32U545CET6, STM32U545CET6Q, STM32U545CEU6, STM32U545CEU6Q, STM32U545JEY6QTR, STM32U545NEY6QTR, STM32U545REI6, STM32U545REI6Q, STM32U545RET6, STM32U545RET6Q, STM32U545VEI6, STM32U545VEI6Q, STM32U545VET6, STM32U545VET6Q, STM32U595AIH6, STM32U595AIH6Q, STM32U595AJH6, STM32U595AJH6Q, STM32U595QII6, STM32U595QII6Q, STM32U595QJI6, STM32U595QJI6Q, STM32U595RIT6, STM32U595RIT6Q, STM32U595RJT6, STM32U595RJT6Q, STM32U595VIT6, STM32U595VIT6Q, STM32U595VJT6, STM32U595VJT6Q, STM32U595ZIT6, STM32U595ZIT6Q, STM32U595ZIY6QTR, STM32U595ZJT6, STM32U595ZJT6Q, STM32U595ZJY6QTR, STM32U599BJY6QTR, STM32U599NIH6Q, STM32U599NJH6Q, STM32U599VIT6Q, STM32U599VJT6, STM32U599VJT6Q, STM32U599ZIT6Q, STM32U599ZIY6QTR, STM32U599ZJT6Q, STM32U599ZJY6QTR, STM32U5A5AJH6, STM32U5A5AJH6Q, STM32U5A5QII3Q , STM32U5A5QJI6, STM32U5A5QJI6Q, STM32U5A5RJT6, STM32U5A5RJT6Q, STM32U5A5VJT6, STM32U5A5VJT6Q, STM32U5A5ZJT6, STM32U5A5ZJT6Q, STM32U5A5ZJY6QTR, STM32U5A9BJY6QTR, STM32U5A9J-DK, STM32U5A9NJH6Q, STM32U5A9VJT6Q, STM32U5A9ZJT6Q, STM32U5A9ZJY6QTR, STM32U5F7VIT6, STM32U5F7VIT6Q, STM32U5F7VJT6, STM32U5F7VJT6Q, STM32U5F9BJY6QTR, STM32U5F9NJH6Q, STM32U5F9VIT6Q, STM32U5F9VJT6Q, STM32U5F9ZIJ6QTR, STM32U5F9ZIT6Q, STM32U5F9ZJJ6QTR, STM32U5F9ZJT6Q, STM32U5G7VJT6, STM32U5G7VJT6Q, STM32U5G9BJY6QTR, STM32U5G9J-DK1, STM32U5G9J-DK2, STM32U5G9NJH6Q, STM32U5G9VJT6Q, STM32U5G9ZJJ6QTR, STM32U5G9ZJT6Q, STM32WB05KZV6TR, STM32WB05KZV7TR, STM32WB05TZF6TR, STM32WB05TZF7TR, STM32WB06CCF6TR, STM32WB06CCF7TR, STM32WB06CCV6TR, STM32WB06CCV7TR, STM32WB06KCV6TR, STM32WB06KCV7TR, STM32WB07CCF6TR, STM32WB07CCF7TR, STM32WB07CCV6TR, STM32WB07CCV7TR, STM32WB07KCV6TR, STM32WB07KCV7TR, STM32WB09KEV6TR, STM32WB09KEV7TR, STM32WB09TEF6TR, STM32WB09TEF7TR, STM32WB1MMCH6, STM32WBA50KGU6, STM32WBA50KGU6TR, STM32WBA52CEU6, STM32WBA52CEU6TR, STM32WBA52CEU7, STM32WBA52CEU7TR, STM32WBA52CGU6, STM32WBA52CGU6TR, STM32WBA52CGU6U, STM32WBA52CGU7, STM32WBA52CGU7TR, STM32WBA52KEU6, STM32WBA52KEU6TR, STM32WBA52KGU6, STM32WBA52KGU6TR, STM32WBA54CEU6, STM32WBA54CEU6TR, STM32WBA54CEU7, STM32WBA54CEU7TR, STM32WBA54CGU6, STM32WBA54CGU6TR, STM32WBA54CGU7, STM32WBA54CGU7TR, STM32WBA54KEU6, STM32WBA54KEU6TR, STM32WBA54KEU7, STM32WBA54KEU7TR, STM32WBA54KGU6, STM32WBA54KGU6TR, STM32WBA54KGU7, STM32WBA54KGU7TR, STM32WBA55CEU6, STM32WBA55CEU6TR, STM32WBA55CEU7, STM32WBA55CEU7TR, STM32WBA55CGU6, STM32WBA55CGU6TR, STM32WBA55CGU6U, STM32WBA55CGU7, STM32WBA55CGU7TR, STM32WBA55G-DK1, STM32WBA55HEF6, STM32WBA55HEF7, STM32WBA55HGF6, STM32WBA55HGF7, STM32WBA55UEI6, STM32WBA55UEI6TR, STM32WBA55UEI7, STM32WBA55UEI7TR, STM32WBA55UGI6, STM32WBA55UGI6TR, STM32WBA55UGI7, STM32WBA55UGI7TR, STM32WBA5MMGH6TR, STM32WBA62MGF6, STM32WBA62MIF6, STM32WBA65MGF7, STM32WBA65MIF6, STM32WBA65MIF7, STM32WL30K8V6, STM32WL30KBV6, STM32WL31C8V6, STM32WL31CBV6, STM32WL31K8V6, STM32WL31KBV6, STM32WL33C8V6, STM32WL33C8V6X, STM32WL33CBV6, STM32WL33CBV6X, STM32WL33CCV6, STM32WL33CCV6A, STM32WL33CCV6X, STM32WL33K8V7, STM32WL33K8V7X, STM32WL33KBV7 , STM32WL33KBV7X, STM32WL33KCV7, STM32WL33KCV7X, STM32WL5MOCH6, STM32WL5MOCH6TR]
2025-10-28 18:16:45,108 [INFO] DbMcus:218 - Found 4801 MCUs, 4801 are supported
2025-10-28 18:16:45,120 [INFO] ApiDb:423 - Load user favorites file C:\Users\rolni/.stm32cubeide/favorites.mcus.txt: 3 item(s)
2025-10-28 18:16:45,121 [INFO] ApiDb:427 - User favorites MCUs=[STM32F303K8T6, STM32F413ZHT6, STM32H755ZIT6]
2025-10-28 18:16:45,121 [INFO] DbMcus:224 - Set 3 / 3 favorites MCUs
2025-10-28 18:16:45,737 [INFO] ApiDb:423 - Load user favorites file C:\Users\rolni/.stm32cubeide/favorites.boards.txt: 1 item(s)
2025-10-28 18:16:45,737 [INFO] ApiDb:427 - User favorites Boards=[NUCLEO-F413ZH]
2025-10-28 18:16:45,738 [INFO] DbBoards:198 - Set 1 / 1 favorites Boards
2025-10-28 18:16:45,781 [INFO] UtilMem:75 - End LoadConfig() Used Memory: 686802784 Bytes (1073741824)
2025-10-28 18:16:45,954 [WARN] ThirdParty:833 - waiting for thirdparty lock release [change project]
2025-10-28 18:16:45,955 [INFO] ThirdParty:835 - entering critical section [change project]
2025-10-28 18:16:45,955 [INFO] ThirdParty:1030 - CMSIS Pack Vendor :STMicroelectronics X-CUBE-PM33A1 1.0.0
2025-10-28 18:16:45,955 [INFO] ThirdParty:1030 - CMSIS Pack Vendor :STMicroelectronics USBPD 4.1
2025-10-28 18:16:45,955 [INFO] ThirdParty:1030 - CMSIS Pack Vendor :STMicroelectronics X-CUBE-GNSS1 6.0.0
2025-10-28 18:16:45,955 [INFO] ThirdParty:1030 - CMSIS Pack Vendor :STMicroelectronics USB_HOST 2.0.0
2025-10-28 18:16:45,955 [INFO] ThirdParty:1030 - CMSIS Pack Vendor :STMicroelectronics FP-SNS-MOTENVWB1 1.4.0
2025-10-28 18:16:45,955 [INFO] ThirdParty:1030 - CMSIS Pack Vendor :STMicroelectronics X-CUBE-AZRTOS-F4 1.1.0
2025-10-28 18:16:45,955 [INFO] ThirdParty:1030 - CMSIS Pack Vendor :STMicroelectronics LIBJPEG 8.0.0
2025-10-28 18:16:45,955 [INFO] ThirdParty:1030 - CMSIS Pack Vendor :STMicroelectronics FP-ATR-ASTRA1 2.0.2
2025-10-28 18:16:45,955 [INFO] ThirdParty:1030 - CMSIS Pack Vendor :Avnet-IotConnect X-CUBE-IoTC-DA16k-PMOD 1.0.0
2025-10-28 18:16:45,955 [INFO] ThirdParty:1030 - CMSIS Pack Vendor :STMicroelectronics X-CUBE-SMBUS 2.1.0
2025-10-28 18:16:45,955 [INFO] ThirdParty:1030 - CMSIS Pack Vendor :STMicroelectronics X-CUBE-ISPU 2.1.0
2025-10-28 18:16:45,955 [INFO] ThirdParty:1030 - CMSIS Pack Vendor :STMicroelectronics X-CUBE-IPS 3.2.0
2025-10-28 18:16:45,955 [INFO] ThirdParty:1030 - CMSIS Pack Vendor :STMicroelectronics X-CUBE-FREERTOS 1.2.0
2025-10-28 18:16:45,955 [INFO] ThirdParty:1030 - CMSIS Pack Vendor :STMicroelectronics X-CUBE-ST60 1.0.0
2025-10-28 18:16:45,955 [INFO] ThirdParty:1030 - CMSIS Pack Vendor :STMicroelectronics X-CUBE-NFC12 1.0.0
2025-10-28 18:16:45,955 [INFO] ThirdParty:1030 - CMSIS Pack Vendor :STMicroelectronics X-CUBE-AZRTOS-F7 1.1.0
2025-10-28 18:16:45,955 [INFO] ThirdParty:1030 - CMSIS Pack Vendor :STMicroelectronics X-CUBE-AZRTOS-L5 2.0.0
2025-10-28 18:16:45,955 [INFO] ThirdParty:1030 - CMSIS Pack Vendor :STMicroelectronics USB_DEVICE 2.0.0
2025-10-28 18:16:45,955 [INFO] ThirdParty:1030 - CMSIS Pack Vendor :STMicroelectronics X-CUBE-NFC6 3.1.0
2025-10-28 18:16:45,955 [INFO] ThirdParty:1030 - CMSIS Pack Vendor :STMicroelectronics X-CUBE-MEMS1 11.0.0
2025-10-28 18:16:45,955 [INFO] ThirdParty:1030 - CMSIS Pack Vendor :STMicroelectronics FreeRTOS 0.0.1
2025-10-28 18:16:45,955 [INFO] ThirdParty:1030 - CMSIS Pack Vendor :STMicroelectronics X-CUBE-DPower 1.2.0
2025-10-28 18:16:45,956 [INFO] ThirdParty:1030 - CMSIS Pack Vendor :STMicroelectronics FP-SNS-FLIGHT1 5.0.2
2025-10-28 18:16:45,956 [INFO] ThirdParty:1030 - CMSIS Pack Vendor :STMicroelectronics X-CUBE-AI 9.0.0
2025-10-28 18:16:45,956 [INFO] ThirdParty:1030 - CMSIS Pack Vendor :STMicroelectronics PDM2PCM 3.3.0
2025-10-28 18:16:45,956 [INFO] ThirdParty:1030 - CMSIS Pack Vendor :STMicroelectronics X-CUBE-AZRTOS-H7 3.4.0
2025-10-28 18:16:45,956 [INFO] ThirdParty:1030 - CMSIS Pack Vendor :STMicroelectronics X-CUBE-DISPLAY 3.0.0
2025-10-28 18:16:45,956 [INFO] ThirdParty:1030 - CMSIS Pack Vendor :STMicroelectronics X-CUBE-BLE1 7.0.0
2025-10-28 18:16:45,956 [INFO] ThirdParty:1030 - CMSIS Pack Vendor :STMicroelectronics X-CUBE-NFC10 1.0.0
2025-10-28 18:16:45,956 [INFO] ThirdParty:1030 - CMSIS Pack Vendor :STMicroelectronics X-CUBE-FREERTOS 1.3.1
2025-10-28 18:16:45,956 [INFO] ThirdParty:1030 - CMSIS Pack Vendor :STMicroelectronics HAL Drivers 0.0.0
2025-10-28 18:16:45,956 [INFO] ThirdParty:1030 - CMSIS Pack Vendor :STMicroelectronics X-CUBE-ST60 1.1.0
2025-10-28 18:16:45,956 [INFO] ThirdParty:1030 - CMSIS Pack Vendor :emotas I-CUBE-CANOPEN 1.3.0
2025-10-28 18:16:45,956 [INFO] ThirdParty:1030 - CMSIS Pack Vendor :STMicroelectronics X-CUBE-NFC7 1.0.1
2025-10-28 18:16:45,956 [INFO] ThirdParty:1030 - CMSIS Pack Vendor :STMicroelectronics MBEDTLS 2.14.1
2025-10-28 18:16:45,956 [INFO] ThirdParty:1030 - CMSIS Pack Vendor :wolfSSL I-CUBE-wolfTPM 3.2.0
2025-10-28 18:16:45,956 [INFO] ThirdParty:1030 - CMSIS Pack Vendor :STMicroelectronics X-CUBE-TOUCHGFX 4.26.0
2025-10-28 18:16:45,956 [INFO] ThirdParty:1030 - CMSIS Pack Vendor :STMicroelectronics X-CUBE-BLEMGR 3.1.0
2025-10-28 18:16:45,956 [INFO] ThirdParty:1030 - CMSIS Pack Vendor :STMicroelectronics FP-SNS-STBOX1 2.1.0
2025-10-28 18:16:45,956 [INFO] ThirdParty:1030 - CMSIS Pack Vendor :STMicroelectronics FP-SNS-STAIOTCFT 1.0.0
2025-10-28 18:16:45,956 [INFO] ThirdParty:1030 - CMSIS Pack Vendor :STMicroelectronics FP-SNS-SMARTAG2 1.2.0
2025-10-28 18:16:45,956 [INFO] ThirdParty:1030 - CMSIS Pack Vendor :STMicroelectronics FP-SNS-FLIGHT1 5.1.0
2025-10-28 18:16:45,956 [INFO] ThirdParty:1030 - CMSIS Pack Vendor :STMicroelectronics X-CUBE-AZRTOS-WL 2.0.0
2025-10-28 18:16:45,956 [INFO] ThirdParty:1030 - CMSIS Pack Vendor :STMicroelectronics X-CUBE-DPower 1.3.0
2025-10-28 18:16:45,956 [INFO] ThirdParty:1030 - CMSIS Pack Vendor :STMicroelectronics FP-SNS-MOTENV1 5.0.0
2025-10-28 18:16:45,956 [INFO] ThirdParty:1030 - CMSIS Pack Vendor :STMicroelectronics USB_DEVICE 1.0.0
2025-10-28 18:16:45,956 [INFO] ThirdParty:1030 - CMSIS Pack Vendor :wolfSSL I-CUBE-wolfMQTT 1.19.0
2025-10-28 18:16:45,957 [INFO] ThirdParty:1030 - CMSIS Pack Vendor :STMicroelectronics X-CUBE-AZRTOS-L4 2.0.0
2025-10-28 18:16:45,957 [INFO] ThirdParty:1030 - CMSIS Pack Vendor :STMicroelectronics ThreadX 0.0.2
2025-10-28 18:16:45,957 [INFO] ThirdParty:1030 - CMSIS Pack Vendor :WES I-CUBE-Cesium 1.3.0
2025-10-28 18:16:45,957 [INFO] ThirdParty:1030 - CMSIS Pack Vendor :STMicroelectronics lwIP 2.1.2
2025-10-28 18:16:45,957 [INFO] ThirdParty:1030 - CMSIS Pack Vendor :STMicroelectronics X-CUBE-SFXS2LP1 4.0.0
2025-10-28 18:16:45,957 [INFO] ThirdParty:1030 - CMSIS Pack Vendor :STMicroelectronics X-CUBE-BLE2 3.3.0
2025-10-28 18:16:45,957 [INFO] ThirdParty:1030 - CMSIS Pack Vendor :STMicroelectronics PDM2PCM 3.2.0
2025-10-28 18:16:45,957 [INFO] ThirdParty:1030 - CMSIS Pack Vendor :STMicroelectronics X-CUBE-AZRTOS-H7 3.3.0
2025-10-28 18:16:45,957 [INFO] ThirdParty:1030 - CMSIS Pack Vendor :STMicroelectronics X-CUBE-NFC9 1.0.0
2025-10-28 18:16:45,957 [INFO] ThirdParty:1030 - CMSIS Pack Vendor :STMicroelectronics X-CUBE-BLE1 7.1.0
2025-10-28 18:16:45,957 [INFO] ThirdParty:1030 - CMSIS Pack Vendor :STMicroelectronics USB_DEVICE 3.0.0
2025-10-28 18:16:45,957 [INFO] ThirdParty:1030 - CMSIS Pack Vendor :STMicroelectronics X-CUBE-TCPP 4.1.0
2025-10-28 18:16:45,957 [INFO] ThirdParty:1030 - CMSIS Pack Vendor :STMicroelectronics X-CUBE-EEPRMA1 5.2.0
2025-10-28 18:16:45,957 [INFO] ThirdParty:1030 - CMSIS Pack Vendor :STMicroelectronics X-CUBE-BLEMGR 4.1.0
2025-10-28 18:16:45,957 [INFO] ThirdParty:1030 - CMSIS Pack Vendor :STMicroelectronics X-CUBE-AZRTOS-WB 2.0.0
2025-10-28 18:16:45,958 [INFO] ThirdParty:1030 - CMSIS Pack Vendor :STMicroelectronics X-CUBE-GNSS1 7.0.0
2025-10-28 18:16:45,958 [INFO] ThirdParty:1030 - CMSIS Pack Vendor :STMicroelectronics X-CUBE-GNSS1 7.0.1
2025-10-28 18:16:45,958 [INFO] ThirdParty:1030 - CMSIS Pack Vendor :STMicroelectronics X-CUBE-TOUCHGFX 4.25.0
2025-10-28 18:16:45,958 [INFO] ThirdParty:1030 - CMSIS Pack Vendor :STMicroelectronics X-CUBE-ST67W61 1.1.0
2025-10-28 18:16:45,958 [INFO] ThirdParty:1030 - CMSIS Pack Vendor :STMicroelectronics FP-SNS-STBOX1 2.0.0
2025-10-28 18:16:45,958 [INFO] ThirdParty:1030 - CMSIS Pack Vendor :quantropi X-CUBE-qispace-sdk-base 2.1.0
2025-10-28 18:16:45,958 [INFO] ThirdParty:1030 - CMSIS Pack Vendor :STMicroelectronics X-CUBE-AZRTOS-G0 1.1.0
2025-10-28 18:16:45,958 [INFO] ThirdParty:1030 - CMSIS Pack Vendor :STMicroelectronics X-CUBE-SAFEA1 1.2.2
2025-10-28 18:16:45,958 [INFO] ThirdParty:1030 - CMSIS Pack Vendor :STMicroelectronics X-CUBE-NFC4 3.0.0
2025-10-28 18:16:45,958 [INFO] ThirdParty:1030 - CMSIS Pack Vendor :STMicroelectronics X-CUBE-SUBG2 5.0.0
2025-10-28 18:16:45,958 [INFO] ThirdParty:1030 - CMSIS Pack Vendor :STMicroelectronics X-CUBE-AZRTOS-H7RS 1.1.0
2025-10-28 18:16:45,958 [INFO] ThirdParty:1030 - CMSIS Pack Vendor :STMicroelectronics STM32_WPAN 1.0.0
2025-10-28 18:16:45,958 [INFO] ThirdParty:1030 - CMSIS Pack Vendor :EmbeddedOffice I-CUBE-FS-RTOS 1.0.1
2025-10-28 18:16:45,958 [INFO] ThirdParty:1030 - CMSIS Pack Vendor :STMicroelectronics lwIP 2.0.3
2025-10-28 18:16:45,958 [INFO] ThirdParty:1030 - CMSIS Pack Vendor :Cesanta I-CUBE-Mongoose 7.13.0
2025-10-28 18:16:45,958 [INFO] ThirdParty:1030 - CMSIS Pack Vendor :STMicroelectronics USB_HOST 1.0.0
2025-10-28 18:16:45,958 [INFO] ThirdParty:1030 - CMSIS Pack Vendor :STMicroelectronics X-CUBE-AZRTOS-G4 2.0.0
2025-10-28 18:16:45,958 [INFO] ThirdParty:1030 - CMSIS Pack Vendor :STMicroelectronics X-CUBE-WB05N 2.0.0
2025-10-28 18:16:45,958 [INFO] ThirdParty:1030 - CMSIS Pack Vendor :STMicroelectronics PDM2PCM 3.1.0
2025-10-28 18:16:45,958 [INFO] ThirdParty:1030 - CMSIS Pack Vendor :STMicroelectronics X-CUBE-NFC7 2.0.0
2025-10-28 18:16:45,958 [INFO] ThirdParty:1030 - CMSIS Pack Vendor :STMicroelectronics X-CUBE-TCPP 4.2.0
2025-10-28 18:16:45,959 [INFO] ThirdParty:1030 - CMSIS Pack Vendor :RealThread X-CUBE-RT-Thread_Nano 4.1.1
2025-10-28 18:16:45,959 [INFO] ThirdParty:1030 - CMSIS Pack Vendor :STMicroelectronics FP-ATR-SIGFOX1 3.2.0
2025-10-28 18:16:45,959 [INFO] ThirdParty:1030 - CMSIS Pack Vendor :wolfSSL I-CUBE-wolfSSL 5.7.2
2025-10-28 18:16:45,959 [INFO] ThirdParty:1030 - CMSIS Pack Vendor :STMicroelectronics X-CUBE-ISPU 2.0.0
2025-10-28 18:16:45,959 [INFO] ThirdParty:1030 - CMSIS Pack Vendor :STMicroelectronics X-CUBE-EEPRMA1 5.1.0
2025-10-28 18:16:45,959 [INFO] ThirdParty:1030 - CMSIS Pack Vendor :STMicroelectronics MBEDTLS 2.16.2
2025-10-28 18:16:45,959 [INFO] ThirdParty:1030 - CMSIS Pack Vendor :STMicroelectronics X-CUBE-IPS 3.1.0
2025-10-28 18:16:45,959 [INFO] ThirdParty:1030 - CMSIS Pack Vendor :STMicroelectronics X-CUBE-ALS 1.0.2
2025-10-28 18:16:45,959 [INFO] ThirdParty:1030 - CMSIS Pack Vendor :STMicroelectronics X-CUBE-MEMS1 10.0.0
2025-10-28 18:16:45,959 [INFO] ThirdParty:1030 - CMSIS Pack Vendor :STMicroelectronics X-CUBE-TOUCHGFX 4.24.0
2025-10-28 18:16:45,959 [INFO] ThirdParty:1030 - CMSIS Pack Vendor :ITTIA_DB I-CUBE-ITTIADB 8.9.0
2025-10-28 18:16:45,959 [INFO] ThirdParty:1030 - CMSIS Pack Vendor :STMicroelectronics X-CUBE-TOUCHGFX 4.24.1
2025-10-28 18:16:45,959 [INFO] ThirdParty:1030 - CMSIS Pack Vendor :STMicroelectronics X-CUBE-STSE01 1.0.0
2025-10-28 18:16:45,959 [INFO] ThirdParty:1030 - CMSIS Pack Vendor :portGmbH I-Cube-SoM-uGOAL 1.1.0
2025-10-28 18:16:45,959 [INFO] ThirdParty:1030 - CMSIS Pack Vendor :STMicroelectronics X-CUBE-ST67W61 1.0.0
2025-10-28 18:16:45,959 [INFO] ThirdParty:1030 - CMSIS Pack Vendor :STMicroelectronics X-CUBE-AI 10.2.0
2025-10-28 18:16:45,959 [INFO] ThirdParty:1030 - CMSIS Pack Vendor :STMicroelectronics ThreadX 1.0.0
2025-10-28 18:16:45,959 [INFO] ThirdParty:1030 - CMSIS Pack Vendor :SEGGER I-CUBE-embOS 1.3.1
2025-10-28 18:16:45,959 [INFO] ThirdParty:1030 - CMSIS Pack Vendor :STMicroelectronics X-CUBE-ALGOBUILD 1.4.0
2025-10-28 18:16:45,959 [INFO] ThirdParty:1030 - CMSIS Pack Vendor :STMicroelectronics X-CUBE-MEMS1 11.3.0
2025-10-28 18:16:45,959 [INFO] ThirdParty:1030 - CMSIS Pack Vendor :STMicroelectronics X-CUBE-AZRTOS-H7RS 1.0.0
2025-10-28 18:16:45,959 [INFO] ThirdParty:1030 - CMSIS Pack Vendor :STMicroelectronics FP-ATR-ASTRA1 2.0.0
2025-10-28 18:16:45,959 [INFO] ThirdParty:1030 - CMSIS Pack Vendor :STMicroelectronics X-CUBE-TOF1 3.4.2
2025-10-28 18:16:45,959 [INFO] ThirdParty:1030 - CMSIS Pack Vendor :STMicroelectronics X-CUBE-TOF1 3.4.3
2025-10-28 18:16:45,959 [INFO] ThirdParty:1030 - CMSIS Pack Vendor :STMicroelectronics X-CUBE-TOF1 3.4.1
2025-10-28 18:16:45,960 [INFO] ThirdParty:1030 - CMSIS Pack Vendor :STMicroelectronics X-CUBE-AZRTOS-H7 3.2.0
2025-10-28 18:16:45,960 [INFO] ThirdParty:1030 - CMSIS Pack Vendor :Infineon AIROC-Wi-Fi-Bluetooth-STM32 1.6.0
2025-10-28 18:16:45,960 [INFO] ThirdParty:1030 - CMSIS Pack Vendor :wolfSSL I-CUBE-wolfSSH 1.4.17
2025-10-28 18:16:45,960 [INFO] ThirdParty:841 - exiting critical section [change project]
2025-10-28 18:16:46,471 [INFO] PinOutPanel:1589 - setPackage(No Configuration,No Configuration)
2025-10-28 18:16:46,479 [INFO] PinOutPanel:1589 - setPackage(STM32F303K8Tx,LQFP32)
2025-10-28 18:16:47,714 [INFO] UtilMem:75 - Before build in PCC Used Memory: 477104128 Bytes (1073741824)
2025-10-28 18:16:49,145 [INFO] UtilMem:75 - After build in PCC Used Memory: 547358720 Bytes (1073741824)
2025-10-28 18:16:49,199 [INFO] IPUIPlugin:80 - create IPUIPlugin
2025-10-28 18:16:49,199 [INFO] IPUIPlugin:80 - create IPUIPlugin
2025-10-28 18:16:49,200 [INFO] IPUIPlugin:80 - create IPUIPlugin
2025-10-28 18:16:49,200 [INFO] IPUIPlugin:80 - create IPUIPlugin
2025-10-28 18:16:49,200 [INFO] IPUIPlugin:80 - create IPUIPlugin
2025-10-28 18:16:49,201 [INFO] IPUIPlugin:80 - create IPUIPlugin
2025-10-28 18:16:49,201 [INFO] IPUIPlugin:80 - create IPUIPlugin
2025-10-28 18:16:49,202 [INFO] IPUIPlugin:80 - create IPUIPlugin
2025-10-28 18:16:49,202 [INFO] IPUIPlugin:80 - create IPUIPlugin
2025-10-28 18:16:49,202 [INFO] IPUIPlugin:80 - create IPUIPlugin
2025-10-28 18:16:49,203 [INFO] IPUIPlugin:80 - create IPUIPlugin
2025-10-28 18:16:49,203 [INFO] IPUIPlugin:80 - create IPUIPlugin
2025-10-28 18:16:49,203 [INFO] IPUIPlugin:80 - create IPUIPlugin
2025-10-28 18:16:49,204 [INFO] IPUIPlugin:80 - create IPUIPlugin
2025-10-28 18:16:49,204 [INFO] IPUIPlugin:80 - create IPUIPlugin
2025-10-28 18:16:49,204 [INFO] IPUIPlugin:80 - create IPUIPlugin
2025-10-28 18:16:49,205 [INFO] IPUIPlugin:80 - create IPUIPlugin
2025-10-28 18:16:49,205 [INFO] IPUIPlugin:80 - create IPUIPlugin
2025-10-28 18:16:49,205 [INFO] IPUIPlugin:80 - create IPUIPlugin
2025-10-28 18:16:49,206 [INFO] IPUIPlugin:80 - create IPUIPlugin
2025-10-28 18:16:49,206 [INFO] IPUIPlugin:80 - create IPUIPlugin
2025-10-28 18:16:49,206 [INFO] IPUIPlugin:80 - create IPUIPlugin
2025-10-28 18:16:49,207 [INFO] IPUIPlugin:80 - create IPUIPlugin
2025-10-28 18:16:49,207 [INFO] IPUIPlugin:80 - create IPUIPlugin
2025-10-28 18:16:49,207 [INFO] IPUIPlugin:80 - create IPUIPlugin
2025-10-28 18:16:49,207 [INFO] IPUIPlugin:80 - create IPUIPlugin
2025-10-28 18:16:49,208 [INFO] IPUIPlugin:80 - create IPUIPlugin
2025-10-28 18:16:49,208 [INFO] IPUIPlugin:80 - create IPUIPlugin
2025-10-28 18:16:49,208 [INFO] IPUIPlugin:80 - create IPUIPlugin
2025-10-28 18:16:49,209 [INFO] IPUIPlugin:80 - create IPUIPlugin
2025-10-28 18:16:49,209 [INFO] IPUIPlugin:80 - create IPUIPlugin
2025-10-28 18:16:49,210 [INFO] IPUIPlugin:80 - create IPUIPlugin
2025-10-28 18:16:49,210 [INFO] IPUIPlugin:80 - create IPUIPlugin
2025-10-28 18:16:49,210 [INFO] IPUIPlugin:80 - create IPUIPlugin
2025-10-28 18:16:49,722 [INFO] CADModel:165 - CPN selected for project levelSTM32F303K8T6
2025-10-28 18:16:49,722 [INFO] CADModel:114 - Register for checkConnection events
2025-10-28 18:16:49,798 [INFO] OpenFileManager:386 - Restore cursor
2025-10-28 19:10:42,995 [INFO] Gpio:278 - dependency for GPIO [ADC1, I2C1, USART1]
2025-10-28 19:11:01,876 [INFO] UtilMem:75 - End SaveConfig() Used Memory: 620546640 Bytes (1073741824)
2025-10-28 19:11:04,906 [INFO] UtilMem:75 - End SaveConfig() Used Memory: 640552112 Bytes (1073741824)
2025-10-28 19:11:07,831 [INFO] UtilMem:75 - End SaveConfig() Used Memory: 706722096 Bytes (1073741824)
2025-10-28 19:11:08,805 [INFO] BlockDiagram:2775 - set Specific Code input for plugin: NVIC
2025-10-28 19:11:08,806 [INFO] BlockDiagram:2775 - set Specific Code input for plugin: USART
2025-10-28 19:11:08,806 [INFO] BlockDiagram:2775 - set Specific Code input for plugin: DMA
2025-10-28 19:11:08,806 [INFO] BlockDiagram:2775 - set Specific Code input for plugin: TIM1_8F3
2025-10-28 19:11:08,806 [INFO] BlockDiagram:2775 - set Specific Code input for plugin: SYS
2025-10-28 19:11:08,807 [INFO] BlockDiagram:2775 - set Specific Code input for plugin: GPIO
2025-10-28 19:11:08,807 [INFO] BlockDiagram:2775 - set Specific Code input for plugin: ADC
2025-10-28 19:11:08,807 [INFO] BlockDiagram:2775 - set Specific Code input for plugin: RCC
2025-10-28 19:11:08,807 [INFO] BlockDiagram:2775 - set Specific Code input for plugin: I2C
2025-10-28 19:11:08,812 [INFO] CodeGenerator:892 - code generatio: config db path: C:\ST\STM32CubeIDE_1.16.0\STM32CubeIDE\plugins\com.st.stm32cube.common.mx_6.15.0.202507011659\\db\
2025-10-28 19:11:08,998 [INFO] CodeEngine:265 - oldGeneratedFile, C:\Users\rolni\kody\Stm32-sensor-module-with-modbus\ModbusWithSensorsNoRTOS\MXTmpFiles\license.tmp_save
2025-10-28 19:11:09,625 [INFO] CodeEngine:289 - Generated code: C:\Users\rolni\kody\Stm32-sensor-module-with-modbus\ModbusWithSensorsNoRTOS\MXTmpFiles\license.tmp
2025-10-28 19:11:09,901 [INFO] CodeEngine:265 - oldGeneratedFile, C:\Users\rolni\kody\Stm32-sensor-module-with-modbus\ModbusWithSensorsNoRTOS\MXTmpFiles\gpio.tmp_save
2025-10-28 19:11:10,184 [INFO] CodeEngine:289 - Generated code: C:\Users\rolni\kody\Stm32-sensor-module-with-modbus\ModbusWithSensorsNoRTOS\MXTmpFiles\gpio.tmp
2025-10-28 19:11:11,335 [INFO] CodeEngine:265 - oldGeneratedFile, C:\Users\rolni\kody\Stm32-sensor-module-with-modbus\ModbusWithSensorsNoRTOS\MXTmpFiles\dma.tmp_save
2025-10-28 19:11:11,501 [INFO] CodeEngine:289 - Generated code: C:\Users\rolni\kody\Stm32-sensor-module-with-modbus\ModbusWithSensorsNoRTOS\MXTmpFiles\dma.tmp
2025-10-28 19:11:11,515 [INFO] CodeEngine:265 - oldGeneratedFile, C:\Users\rolni\kody\Stm32-sensor-module-with-modbus\ModbusWithSensorsNoRTOS\MXTmpFiles\dma_GV.tmp_save
2025-10-28 19:11:11,631 [INFO] CodeEngine:289 - Generated code: C:\Users\rolni\kody\Stm32-sensor-module-with-modbus\ModbusWithSensorsNoRTOS\MXTmpFiles\dma_GV.tmp
2025-10-28 19:11:11,673 [INFO] CodeEngine:265 - oldGeneratedFile, C:\Users\rolni\kody\Stm32-sensor-module-with-modbus\ModbusWithSensorsNoRTOS\Core\Src\stm32f3xx_it.c_save
2025-10-28 19:11:11,933 [INFO] CodeEngine:289 - Generated code: C:\Users\rolni\kody\Stm32-sensor-module-with-modbus\ModbusWithSensorsNoRTOS\Core\Src\stm32f3xx_it.c
2025-10-28 19:11:11,949 [INFO] CodeEngine:265 - oldGeneratedFile, C:\Users\rolni\kody\Stm32-sensor-module-with-modbus\ModbusWithSensorsNoRTOS\Core\Inc\stm32f3xx_it.h_save
2025-10-28 19:11:12,081 [INFO] CodeEngine:289 - Generated code: C:\Users\rolni\kody\Stm32-sensor-module-with-modbus\ModbusWithSensorsNoRTOS\Core\Inc\stm32f3xx_it.h
2025-10-28 19:11:12,123 [INFO] CodeEngine:265 - oldGeneratedFile, C:\Users\rolni\kody\Stm32-sensor-module-with-modbus\ModbusWithSensorsNoRTOS\Core\Src\stm32f3xx_hal_msp.c_save
2025-10-28 19:11:12,705 [INFO] CodeEngine:289 - Generated code: C:\Users\rolni\kody\Stm32-sensor-module-with-modbus\ModbusWithSensorsNoRTOS\Core\Src\stm32f3xx_hal_msp.c
2025-10-28 19:11:12,721 [INFO] CodeEngine:265 - oldGeneratedFile, C:\Users\rolni\kody\Stm32-sensor-module-with-modbus\ModbusWithSensorsNoRTOS\MXTmpFiles\system.tmp_save
2025-10-28 19:11:12,808 [INFO] CodeEngine:289 - Generated code: C:\Users\rolni\kody\Stm32-sensor-module-with-modbus\ModbusWithSensorsNoRTOS\MXTmpFiles\system.tmp
2025-10-28 19:11:12,833 [INFO] CodeEngine:321 - oldGeneratedFile, C:\Users\rolni\kody\Stm32-sensor-module-with-modbus\ModbusWithSensorsNoRTOS\Core\Inc\stm32f3xx_hal_conf.h_save
2025-10-28 19:11:12,932 [INFO] CodeEngine:345 - Generated code: C:\Users\rolni\kody\Stm32-sensor-module-with-modbus\ModbusWithSensorsNoRTOS\Core\Inc\stm32f3xx_hal_conf.h
2025-10-28 19:11:13,015 [INFO] ApiDbMcu:532 - Load IP Config File for ADC1
2025-10-28 19:11:13,022 [INFO] ApiDbMcu:532 - Load IP Config File for I2C1
2025-10-28 19:11:13,052 [INFO] ApiDbMcu:532 - Load IP Config File for TIM3
2025-10-28 19:11:13,065 [INFO] ApiDbMcu:532 - Load IP Config File for USART1
2025-10-28 19:11:13,071 [INFO] ApiDbMcu:532 - Load IP Config File for RCC
2025-10-28 19:11:13,079 [WARN] IPConfigManager:3811 - IP not found : TIM
2025-10-28 19:11:13,086 [WARN] CodeGenerator:4259 - IP not found : null
2025-10-28 19:11:13,115 [INFO] CodeEngine:265 - oldGeneratedFile, C:\Users\rolni\kody\Stm32-sensor-module-with-modbus\ModbusWithSensorsNoRTOS\Core\Inc\main.h_save
2025-10-28 19:11:13,428 [INFO] CodeEngine:289 - Generated code: C:\Users\rolni\kody\Stm32-sensor-module-with-modbus\ModbusWithSensorsNoRTOS\Core\Inc\main.h
2025-10-28 19:11:13,449 [INFO] CodeEngine:265 - oldGeneratedFile, C:\Users\rolni\kody\Stm32-sensor-module-with-modbus\ModbusWithSensorsNoRTOS\Core\Src\main.c_save
2025-10-28 19:11:14,015 [INFO] CodeEngine:289 - Generated code: C:\Users\rolni\kody\Stm32-sensor-module-with-modbus\ModbusWithSensorsNoRTOS\Core\Src\main.c
2025-10-28 19:11:15,044 [INFO] ProjectBuilder:3606 - Time for Copy HAL[1] : 595mS.
2025-10-28 19:11:15,061 [INFO] ProjectBuilder:5216 - Project Generator version: 4.7.0-B52
2025-10-28 19:11:15,344 [INFO] ConfigFileManager:1595 - The Die is : DIE438
2025-10-28 19:11:15,350 [INFO] ApiDbMcu:532 - Load IP Config File for FATFS
2025-10-28 19:11:15,361 [INFO] ApiDbMcu:532 - Load IP Config File for FREERTOS
2025-10-28 19:11:15,383 [INFO] ApiDbMcu:532 - Load IP Config File for TOUCHSENSING
2025-10-28 19:11:16,233 [INFO] LogOutputStream:77 - [STDOUT_REDIRECT] 
2025-10-28 19:11:18,650 [INFO] ProjectBuilder:5496 - Time for Generating toolchain IDE Files: 3587mS.
2025-10-28 19:11:18,650 [INFO] ProjectBuilder:3463 - Time for Copy CMSIS : 0mS.
2025-10-28 19:11:18,664 [INFO] ProjectBuilder:3463 - Time for Copy CMSIS : 0mS.
2025-10-28 19:25:48,815 [ERROR] LogOutputStream:75 - [STDERR_REDIRECT] 
2025-10-28 19:25:48,817 [ERROR] LogOutputStream:75 - [STDERR_REDIRECT] 
2025-10-28 19:26:11,496 [INFO] Activator:176 - 


2025-10-28 19:26:11,497 [INFO] Activator:177 - !SESSION log4j initialized
2025-10-28 19:26:17,786 [INFO] LogOutputStream:77 - [STDOUT_REDIRECT] 
2025-10-28 19:26:19,090 [INFO] ApplicationProperties:184 - Using Application install path: C:\ST\STM32CubeIDE_1.16.0\STM32CubeIDE\plugins\com.st.stm32cube.common.mx_6.15.0.202507011659
2025-10-28 19:26:19,111 [INFO] DbMcusXml:78 - Set database path to: C:\ST\STM32CubeIDE_1.16.0\STM32CubeIDE\plugins\com.st.stm32cube.common.mx_6.15.0.202507011659\\db\/mcu/
2025-10-28 19:26:19,111 [INFO] ApiDb:274 - Set plugin database path to: C:\ST\STM32CubeIDE_1.16.0\STM32CubeIDE\plugins\com.st.stm32cube.common.mx_6.15.0.202507011659\\db\/plugins/boardmanager/
2025-10-28 19:26:19,111 [WARN] ApiDb:259 - Overriding images path with different value:  => C:\ST\STM32CubeIDE_1.16.0\STM32CubeIDE\plugins\com.st.stm32cube.common.mx_6.15.0.202507011659\\db\/plugins/mcufinder/images/
2025-10-28 19:26:19,123 [INFO] ApiDb:250 - Set database path to: C:\Users\rolni\.stmcufinder\plugins\mcufinder//mcu/
2025-10-28 19:26:19,125 [INFO] DbMcusAds:125 - Set database path to: C:\Users\rolni\.stmcufinder\plugins\mcufinder//mcu/
2025-10-28 19:26:19,128 [INFO] CrossReferenceDbSqlite:203 - Set database path to: C:\Users\rolni\.stmcufinder\plugins\mcufinder//mcu/cs/
2025-10-28 19:26:19,258 [INFO] RulesReader:64 - Compatibility file has been processed (317 Rules)
2025-10-28 19:26:19,352 [INFO] DbMcusXml:78 - Set database path to: C:\ST\STM32CubeIDE_1.16.0\STM32CubeIDE\plugins\com.st.stm32cube.common.mx_6.15.0.202507011659\\db\/mcu/
2025-10-28 19:26:19,352 [INFO] ApiDb:274 - Set plugin database path to: C:\ST\STM32CubeIDE_1.16.0\STM32CubeIDE\plugins\com.st.stm32cube.common.mx_6.15.0.202507011659\\db\/plugins/boardmanager/
2025-10-28 19:26:19,352 [INFO] ApiDb:261 - Set plugin images path to: C:\ST\STM32CubeIDE_1.16.0\STM32CubeIDE\plugins\com.st.stm32cube.common.mx_6.15.0.202507011659\\db\/plugins/mcufinder/images/
2025-10-28 19:26:19,353 [WARN] DbFile:41 - Overriding database path with different value: C:\Users\rolni\.stmcufinder\plugins\mcufinder/ => C:\Users\rolni\.stmcufinder\plugins\mcufinder
2025-10-28 19:26:19,353 [INFO] ApiDb:250 - Set database path to: C:\Users\rolni\.stmcufinder\plugins\mcufinder//mcu/
2025-10-28 19:26:19,353 [WARN] DbFile:41 - Overriding database path with different value: C:\Users\rolni\.stmcufinder\plugins\mcufinder/ => C:\Users\rolni\.stmcufinder\plugins\mcufinder
2025-10-28 19:26:19,353 [INFO] DbMcusAds:125 - Set database path to: C:\Users\rolni\.stmcufinder\plugins\mcufinder//mcu/
2025-10-28 19:26:19,353 [WARN] DbFile:41 - Overriding database path with different value: C:\Users\rolni\.stmcufinder\plugins\mcufinder/ => C:\Users\rolni\.stmcufinder\plugins\mcufinder
2025-10-28 19:26:19,353 [WARN] DbFile:41 - Overriding database path with different value: C:\Users\rolni\.stmcufinder\plugins\mcufinder/ => C:\Users\rolni\.stmcufinder\plugins\mcufinder
2025-10-28 19:26:19,353 [INFO] CrossReferenceDbSqlite:203 - Set database path to: C:\Users\rolni\.stmcufinder\plugins\mcufinder//mcu/cs/
2025-10-28 19:26:19,440 [INFO] MainPanel:274 - HeapMemory: 268435456
2025-10-28 19:26:19,595 [INFO] DbMcusXml:78 - Set database path to: C:\ST\STM32CubeIDE_1.16.0\STM32CubeIDE\plugins\com.st.stm32cube.common.mx_6.15.0.202507011659\\db\/mcu/
2025-10-28 19:26:19,595 [INFO] ApiDb:274 - Set plugin database path to: C:\ST\STM32CubeIDE_1.16.0\STM32CubeIDE\plugins\com.st.stm32cube.common.mx_6.15.0.202507011659\\db\/plugins/boardmanager/
2025-10-28 19:26:19,595 [INFO] ApiDb:261 - Set plugin images path to: C:\ST\STM32CubeIDE_1.16.0\STM32CubeIDE\plugins\com.st.stm32cube.common.mx_6.15.0.202507011659\\db\/plugins/mcufinder/images/
2025-10-28 19:26:19,596 [WARN] DbFile:41 - Overriding database path with different value: C:\Users\rolni\.stmcufinder\plugins\mcufinder/ => C:\Users\rolni\.stmcufinder\plugins\mcufinder
2025-10-28 19:26:19,596 [INFO] ApiDb:250 - Set database path to: C:\Users\rolni\.stmcufinder\plugins\mcufinder//mcu/
2025-10-28 19:26:19,596 [WARN] DbFile:41 - Overriding database path with different value: C:\Users\rolni\.stmcufinder\plugins\mcufinder/ => C:\Users\rolni\.stmcufinder\plugins\mcufinder
2025-10-28 19:26:19,596 [INFO] DbMcusAds:125 - Set database path to: C:\Users\rolni\.stmcufinder\plugins\mcufinder//mcu/
2025-10-28 19:26:19,596 [WARN] DbFile:41 - Overriding database path with different value: C:\Users\rolni\.stmcufinder\plugins\mcufinder/ => C:\Users\rolni\.stmcufinder\plugins\mcufinder
2025-10-28 19:26:19,596 [WARN] DbFile:41 - Overriding database path with different value: C:\Users\rolni\.stmcufinder\plugins\mcufinder/ => C:\Users\rolni\.stmcufinder\plugins\mcufinder
2025-10-28 19:26:19,596 [INFO] CrossReferenceDbSqlite:203 - Set database path to: C:\Users\rolni\.stmcufinder\plugins\mcufinder//mcu/cs/
2025-10-28 19:26:19,621 [INFO] ApplicationProperties:184 - Using Application install path: C:\ST\STM32CubeIDE_1.16.0\STM32CubeIDE\plugins\com.st.stm32cube.common.mx_6.15.0.202507011659
2025-10-28 19:26:19,622 [INFO] PluginManage:196 - Search for loadable plugins [exclusion list=, ]
2025-10-28 19:26:19,624 [INFO] PluginManage:310 - Check plugin analytics
2025-10-28 19:26:19,833 [INFO] AnalyticsPlugin:253 - Accepted Software Licenses: 
2025-10-28 19:26:19,833 [INFO] AnalyticsPlugin:255 - Accepted CMSIS Pack Licenses: 
2025-10-28 19:26:19,833 [INFO] AnalyticsPlugin:257 - Accepted Firmware Licenses: FW.F4.1.28.0
2025-10-28 19:26:19,836 [INFO] PluginManage:359 - Loaded plugin analytics (category:tool,tabindex:-1)
2025-10-28 19:26:19,837 [INFO] PluginManage:310 - Check plugin cadmodel
2025-10-28 19:26:19,845 [INFO] CADModel:105 - Init CAD model plugin
2025-10-28 19:26:19,846 [INFO] PluginManage:359 - Loaded plugin cadmodel (category:power,tabindex:5)
2025-10-28 19:26:19,846 [INFO] PluginManage:310 - Check plugin clock
2025-10-28 19:26:19,859 [INFO] PluginManage:359 - Loaded plugin clock (category:base,tabindex:2)
2025-10-28 19:26:19,859 [INFO] PluginManage:310 - Check plugin ddr
2025-10-28 19:26:19,862 [INFO] PluginManage:359 - Loaded plugin ddr (category:tool,tabindex:6)
2025-10-28 19:26:19,862 [INFO] PluginManage:310 - Check plugin filemanager
2025-10-28 19:26:20,030 [INFO] PluginManage:359 - Loaded plugin filemanager (category:base,tabindex:10)
2025-10-28 19:26:20,030 [INFO] PluginManage:310 - Check plugin ipmanager
2025-10-28 19:26:20,038 [INFO] PluginManage:359 - Loaded plugin ipmanager (category:base,tabindex:5)
2025-10-28 19:26:20,038 [INFO] PluginManage:310 - Check plugin lpbam
2025-10-28 19:26:20,048 [INFO] PluginManage:359 - Loaded plugin lpbam (category:base,tabindex:0)
2025-10-28 19:26:20,048 [INFO] PluginManage:310 - Check plugin memorymap
2025-10-28 19:26:20,066 [INFO] PluginManage:359 - Loaded plugin memorymap (category:base,tabindex:4)
2025-10-28 19:26:20,066 [INFO] PluginManage:310 - Check plugin pinoutandconfiguration
2025-10-28 19:26:20,087 [INFO] PluginManage:359 - Loaded plugin pinoutandconfiguration (category:base,tabindex:1)
2025-10-28 19:26:20,088 [INFO] PluginManage:310 - Check plugin pinoutconfig
2025-10-28 19:26:20,214 [WARN] SupportedApi:132 - Cannot load RTOS API schema: s4s-elt-must-match.1: The content of 'definitions' must match (annotation?, (simpleType | complexType)?, (unique | key | keyref)*)). A problem was found starting at: attribute.
2025-10-28 19:26:20,380 [INFO] PluginManage:359 - Loaded plugin pinoutconfig (category:base,tabindex:0)
2025-10-28 19:26:20,380 [INFO] PluginManage:310 - Check plugin power
2025-10-28 19:26:20,400 [INFO] PluginManage:359 - Loaded plugin power (category:power,tabindex:4)
2025-10-28 19:26:20,400 [INFO] PluginManage:310 - Check plugin projectmanager
2025-10-28 19:26:20,420 [INFO] PluginManage:359 - Loaded plugin projectmanager (category:projectmanager,tabindex:4)
2025-10-28 19:26:20,420 [INFO] PluginManage:310 - Check plugin rif
2025-10-28 19:26:20,437 [INFO] PluginManage:359 - Loaded plugin rif (category:base,tabindex:3)
2025-10-28 19:26:20,437 [INFO] PluginManage:310 - Check plugin thirdparty
2025-10-28 19:26:20,629 [WARN] IntegrityCheckThread:84 - waiting for thirdparty lock release [integrity check]
2025-10-28 19:26:20,629 [INFO] IntegrityCheckThread:86 - entering critical section [integrity check]
2025-10-28 19:26:20,629 [INFO] PluginManage:359 - Loaded plugin thirdparty (category:base,tabindex:-1)
2025-10-28 19:26:20,629 [INFO] PluginManage:310 - Check plugin tools
2025-10-28 19:26:20,630 [INFO] ThirdPartyUpdaterWithRetryManager:70 - Updater plugin not ready yet. [1/15]
2025-10-28 19:26:20,635 [INFO] PluginManage:359 - Loaded plugin tools (category:base,tabindex:7)
2025-10-28 19:26:20,636 [INFO] PluginManage:310 - Check plugin tutovideos
2025-10-28 19:26:20,868 [INFO] PluginManage:359 - Loaded plugin tutovideos (category:base,tabindex:-1)
2025-10-28 19:26:20,869 [INFO] PluginManage:310 - Check plugin updater
2025-10-28 19:26:20,894 [INFO] PluginManage:359 - Loaded plugin updater (category:base,tabindex:12)
2025-10-28 19:26:20,895 [INFO] PluginManage:310 - Check plugin userauth
2025-10-28 19:26:20,900 [INFO] UserAuth:118 - Init User Auth plugin
2025-10-28 19:26:20,901 [INFO] PluginManage:359 - Loaded plugin userauth (category:base,tabindex:14)
2025-10-28 19:26:20,901 [INFO] PluginManage:283 - PluginManage : Loaded plugins [18]
2025-10-28 19:26:21,181 [INFO] PinOutPanel:1589 - setPackage(No Configuration,No Configuration)
2025-10-28 19:26:21,279 [INFO] CADModel:165 - CPN selected for project level
2025-10-28 19:26:21,280 [INFO] CADModel:114 - Register for checkConnection events
2025-10-28 19:26:21,307 [INFO] IPUIPlugin:80 - create IPUIPlugin
2025-10-28 19:26:21,307 [INFO] PluginManager:220 - loadIPPluginJar : add adc
2025-10-28 19:26:21,312 [INFO] IPUIPlugin:80 - create IPUIPlugin
2025-10-28 19:26:21,312 [INFO] PluginManager:220 - loadIPPluginJar : add aes
2025-10-28 19:26:21,317 [INFO] IPUIPlugin:80 - create IPUIPlugin
2025-10-28 19:26:21,317 [INFO] PluginManager:220 - loadIPPluginJar : add can
2025-10-28 19:26:21,319 [INFO] IPUIPlugin:80 - create IPUIPlugin
2025-10-28 19:26:21,320 [INFO] PluginManager:220 - loadIPPluginJar : add comp
2025-10-28 19:26:21,323 [INFO] IPUIPlugin:80 - create IPUIPlugin
2025-10-28 19:26:21,324 [INFO] PluginManager:220 - loadIPPluginJar : add cryp
2025-10-28 19:26:21,328 [INFO] IPUIPlugin:80 - create IPUIPlugin
2025-10-28 19:26:21,328 [INFO] PluginManager:220 - loadIPPluginJar : add ddr_ctrl_phy
2025-10-28 19:26:21,332 [INFO] IPUIPlugin:80 - create IPUIPlugin
2025-10-28 19:26:21,332 [INFO] PluginManager:220 - loadIPPluginJar : add dfsdm
2025-10-28 19:26:21,339 [INFO] IPUIPlugin:80 - create IPUIPlugin
2025-10-28 19:26:21,340 [INFO] PluginManager:220 - loadIPPluginJar : add dma
2025-10-28 19:26:21,344 [INFO] IPUIPlugin:80 - create IPUIPlugin
2025-10-28 19:26:21,344 [INFO] PluginManager:220 - loadIPPluginJar : add dma3
2025-10-28 19:26:21,348 [INFO] IPUIPlugin:80 - create IPUIPlugin
2025-10-28 19:26:21,348 [INFO] PluginManager:220 - loadIPPluginJar : add extmemmanager
2025-10-28 19:26:21,351 [INFO] IPUIPlugin:80 - create IPUIPlugin
2025-10-28 19:26:21,351 [INFO] PluginManager:220 - loadIPPluginJar : add fatfs
2025-10-28 19:26:21,357 [INFO] IPUIPlugin:80 - create IPUIPlugin
2025-10-28 19:26:21,357 [INFO] PluginManager:220 - loadIPPluginJar : add fmc
2025-10-28 19:26:21,366 [INFO] IPUIPlugin:80 - create IPUIPlugin
2025-10-28 19:26:21,366 [INFO] PluginManager:220 - loadIPPluginJar : add freertos
2025-10-28 19:26:21,368 [INFO] IPUIPlugin:80 - create IPUIPlugin
2025-10-28 19:26:21,369 [INFO] PluginManager:220 - loadIPPluginJar : add genericplugin
2025-10-28 19:26:21,372 [INFO] IPUIPlugin:80 - create IPUIPlugin
2025-10-28 19:26:21,373 [INFO] PluginManager:220 - loadIPPluginJar : add gfxmmu
2025-10-28 19:26:21,379 [INFO] IPUIPlugin:80 - create IPUIPlugin
2025-10-28 19:26:21,379 [INFO] PluginManager:220 - loadIPPluginJar : add gic
2025-10-28 19:26:21,386 [INFO] IPUIPlugin:80 - create IPUIPlugin
2025-10-28 19:26:21,386 [INFO] PluginManager:220 - loadIPPluginJar : add gpio
2025-10-28 19:26:21,391 [INFO] IPUIPlugin:80 - create IPUIPlugin
2025-10-28 19:26:21,391 [INFO] PluginManager:220 - loadIPPluginJar : add gtzc
2025-10-28 19:26:21,395 [INFO] IPUIPlugin:80 - create IPUIPlugin
2025-10-28 19:26:21,395 [INFO] PluginManager:220 - loadIPPluginJar : add hash
2025-10-28 19:26:21,399 [INFO] IPUIPlugin:80 - create IPUIPlugin
2025-10-28 19:26:21,400 [INFO] PluginManager:220 - loadIPPluginJar : add i2c
2025-10-28 19:26:21,403 [INFO] IPUIPlugin:80 - create IPUIPlugin
2025-10-28 19:26:21,403 [INFO] PluginManager:220 - loadIPPluginJar : add i2s
2025-10-28 19:26:21,408 [INFO] IPUIPlugin:80 - create IPUIPlugin
2025-10-28 19:26:21,408 [INFO] PluginManager:220 - loadIPPluginJar : add i3c
2025-10-28 19:26:21,412 [INFO] IPUIPlugin:80 - create IPUIPlugin
2025-10-28 19:26:21,413 [INFO] PluginManager:220 - loadIPPluginJar : add ipddr
2025-10-28 19:26:21,421 [INFO] IPUIPlugin:80 - create IPUIPlugin
2025-10-28 19:26:21,421 [INFO] PluginManager:220 - loadIPPluginJar : add linkedlist
2025-10-28 19:26:21,425 [INFO] IPUIPlugin:80 - create IPUIPlugin
2025-10-28 19:26:21,426 [INFO] PluginManager:220 - loadIPPluginJar : add lorawan
2025-10-28 19:26:21,428 [INFO] IPUIPlugin:80 - create IPUIPlugin
2025-10-28 19:26:21,428 [INFO] PluginManager:220 - loadIPPluginJar : add ltdc
2025-10-28 19:26:21,435 [INFO] IPUIPlugin:80 - create IPUIPlugin
2025-10-28 19:26:21,435 [INFO] PluginManager:220 - loadIPPluginJar : add mdma
2025-10-28 19:26:21,439 [INFO] IPUIPlugin:80 - create IPUIPlugin
2025-10-28 19:26:21,439 [INFO] PluginManager:220 - loadIPPluginJar : add nvic
2025-10-28 19:26:21,443 [INFO] IPUIPlugin:80 - create IPUIPlugin
2025-10-28 19:26:21,444 [INFO] PluginManager:220 - loadIPPluginJar : add opamp
2025-10-28 19:26:21,448 [INFO] IPUIPlugin:80 - create IPUIPlugin
2025-10-28 19:26:21,448 [INFO] PluginManager:220 - loadIPPluginJar : add openamp
2025-10-28 19:26:21,453 [INFO] IPUIPlugin:80 - create IPUIPlugin
2025-10-28 19:26:21,454 [INFO] PluginManager:220 - loadIPPluginJar : add pdm2pcm
2025-10-28 19:26:21,461 [INFO] IPUIPlugin:80 - create IPUIPlugin
2025-10-28 19:26:21,464 [INFO] PluginManager:220 - loadIPPluginJar : add plateformsettings
2025-10-28 19:26:21,467 [INFO] IPUIPlugin:80 - create IPUIPlugin
2025-10-28 19:26:21,467 [INFO] PluginManager:220 - loadIPPluginJar : add quadspi
2025-10-28 19:26:21,469 [INFO] IPUIPlugin:80 - create IPUIPlugin
2025-10-28 19:26:21,470 [INFO] PluginManager:220 - loadIPPluginJar : add radio
2025-10-28 19:26:21,476 [INFO] IPUIPlugin:80 - create IPUIPlugin
2025-10-28 19:26:21,476 [INFO] PluginManager:220 - loadIPPluginJar : add resmgrutility
2025-10-28 19:26:21,481 [INFO] IPUIPlugin:80 - create IPUIPlugin
2025-10-28 19:26:21,481 [INFO] PluginManager:220 - loadIPPluginJar : add sai
2025-10-28 19:26:21,485 [INFO] IPUIPlugin:80 - create IPUIPlugin
2025-10-28 19:26:21,485 [INFO] PluginManager:220 - loadIPPluginJar : add spi
2025-10-28 19:26:21,493 [INFO] IPUIPlugin:80 - create IPUIPlugin
2025-10-28 19:26:21,493 [INFO] PluginManager:220 - loadIPPluginJar : add stm32_wpan
2025-10-28 19:26:21,496 [INFO] IPUIPlugin:80 - create IPUIPlugin
2025-10-28 19:26:21,496 [INFO] PluginManager:220 - loadIPPluginJar : add tim
2025-10-28 19:26:21,501 [INFO] IPUIPlugin:80 - create IPUIPlugin
2025-10-28 19:26:21,501 [INFO] PluginManager:220 - loadIPPluginJar : add touchsensing
2025-10-28 19:26:21,504 [INFO] IPUIPlugin:80 - create IPUIPlugin
2025-10-28 19:26:21,504 [INFO] PluginManager:220 - loadIPPluginJar : add tracer_emb
2025-10-28 19:26:21,507 [INFO] IPUIPlugin:80 - create IPUIPlugin
2025-10-28 19:26:21,507 [INFO] PluginManager:220 - loadIPPluginJar : add ts
2025-10-28 19:26:21,510 [INFO] IPUIPlugin:80 - create IPUIPlugin
2025-10-28 19:26:21,510 [INFO] PluginManager:220 - loadIPPluginJar : add tsc
2025-10-28 19:26:21,513 [INFO] IPUIPlugin:80 - create IPUIPlugin
2025-10-28 19:26:21,513 [INFO] PluginManager:220 - loadIPPluginJar : add ucpd
2025-10-28 19:26:21,518 [INFO] IPUIPlugin:80 - create IPUIPlugin
2025-10-28 19:26:21,518 [INFO] PluginManager:220 - loadIPPluginJar : add usart
2025-10-28 19:26:21,523 [INFO] IPUIPlugin:80 - create IPUIPlugin
2025-10-28 19:26:21,524 [INFO] PluginManager:220 - loadIPPluginJar : add usbx
2025-10-28 19:26:21,673 [FATAL] Updater:351 - Updater called before beeing initialized
2025-10-28 19:26:21,714 [INFO] RulesReader:64 - Compatibility file has been processed (317 Rules)
2025-10-28 19:26:21,729 [INFO] RulesReader:64 - Compatibility file has been processed (317 Rules)
2025-10-28 19:26:21,740 [INFO] CADModel:165 - CPN selected for project level
2025-10-28 19:26:21,740 [INFO] CADModel:114 - Register for checkConnection events
2025-10-28 19:26:21,741 [FATAL] Updater:351 - Updater called before beeing initialized
2025-10-28 19:26:21,741 [ERROR] CADModel:125 - Updater not yet initialized, retry later 
2025-10-28 19:26:21,926 [FATAL] Updater:351 - Updater called before beeing initialized
2025-10-28 19:26:21,928 [INFO] CADModel:165 - CPN selected for project level
2025-10-28 19:26:21,929 [INFO] CADModel:114 - Register for checkConnection events
2025-10-28 19:26:21,929 [FATAL] Updater:351 - Updater called before beeing initialized
2025-10-28 19:26:21,929 [ERROR] CADModel:125 - Updater not yet initialized, retry later 
2025-10-28 19:26:21,933 [FATAL] Updater:351 - Updater called before beeing initialized
2025-10-28 19:26:22,102 [FATAL] Updater:351 - Updater called before beeing initialized
2025-10-28 19:26:22,106 [INFO] DbMcusAds:53 - JSON generation date=Thu Oct 02 11:36:05 CEST 2025 (1759397765645)
2025-10-28 19:26:22,107 [FATAL] Updater:351 - Updater called before beeing initialized
2025-10-28 19:26:22,146 [WARN] DetailPanel:346 - Failed to get advertising image, set to default
2025-10-28 19:26:22,232 [FATAL] Updater:351 - Updater called before beeing initialized
2025-10-28 19:26:22,234 [FATAL] Updater:351 - Updater called before beeing initialized
2025-10-28 19:26:22,234 [FATAL] Updater:351 - Updater called before beeing initialized
2025-10-28 19:26:22,234 [WARN] DetailPanel:346 - Failed to get advertising image, set to default
2025-10-28 19:26:22,235 [FATAL] Updater:351 - Updater called before beeing initialized
2025-10-28 19:26:22,292 [ERROR] Updater:1198 - MainUpdater not yet initialized. External WinMGr cannot be set.
2025-10-28 19:26:22,296 [INFO] Updater:1134 - Updater Version found : 6.15.0
2025-10-28 19:26:22,315 [INFO] ApplicationProperties:184 - Using Application install path: C:\ST\STM32CubeIDE_1.16.0\STM32CubeIDE\plugins\com.st.stm32cube.common.mx_6.15.0.202507011659
2025-10-28 19:26:23,630 [INFO] ThirdPartyUpdaterWithRetryManager:70 - Updater plugin not ready yet. [2/15]
2025-10-28 19:26:23,897 [ERROR] LogOutputStream:75 - [STDERR_REDIRECT] Oct 28, 2025 7:26:23 PM java.util.prefs.WindowsPreferences <init>
2025-10-28 19:26:23,898 [ERROR] LogOutputStream:75 - [STDERR_REDIRECT] WARNING: Could not open/create prefs root node Software\JavaSoft\Prefs at root 0xffffffff80000002. Windows RegCreateKeyEx(...) returned error code 5.
2025-10-28 19:26:23,899 [ERROR] LogOutputStream:75 - [STDERR_REDIRECT] 
2025-10-28 19:26:24,328 [INFO] MainUpdater:2872 - connection check result : 10
2025-10-28 19:26:24,329 [INFO] MainUpdater:289 - Updater Check For Update Now.
2025-10-28 19:26:24,329 [INFO] MicroXplorer:498 - Change Database Version : DB.6.0.150
2025-10-28 19:26:24,337 [INFO] McuFinderGlobals:63 - Set McuFinder mode to 2 (CubeIDE integrated)
2025-10-28 19:26:24,339 [INFO] UserAuth:487 - Internet connection configuration mode: 1
2025-10-28 19:26:24,376 [INFO] JxBrowserEngine:152 - Initiate JxBrowser Engine with user profile folder
2025-10-28 19:26:24,543 [INFO] CheckServerUpdateThread:120 - End of CheckServer Thread
2025-10-28 19:26:25,547 [INFO] WebApp:169 - Instantiating new browser for Auth
2025-10-28 19:26:26,460 [INFO] WebApp:463 - Apply proxy settings
2025-10-28 19:26:26,462 [INFO] WebApp:548 - Chromium requires no authentication
2025-10-28 19:26:26,474 [INFO] WebApp:491 - Direct internet connection detected
2025-10-28 19:26:26,524 [INFO] WebApp:900 - Register for checkConnection events
2025-10-28 19:26:26,524 [INFO] WebApp:463 - Apply proxy settings
2025-10-28 19:26:26,525 [INFO] WebApp:548 - Chromium requires no authentication
2025-10-28 19:26:26,526 [INFO] WebApp:491 - Direct internet connection detected
2025-10-28 19:26:26,722 [INFO] WebApp:191 - Connection restablished
2025-10-28 19:26:26,897 [INFO] WebApp:225 - Starting web application
2025-10-28 19:26:26,898 [INFO] WebApp:593 - Web application path used C:\ST\STM32CubeIDE_1.16.0\STM32CubeIDE\plugins\com.st.stm32cube.common.mx_6.15.0.202507011659\db\plugins\mcufinder\reactClient1\index.html
2025-10-28 19:26:27,110 [INFO] UserAuth:487 - Internet connection configuration mode: 1
2025-10-28 19:26:27,486 [WARN] PackLoader:240 - Cannot read IP mode file for STMicroelectronics.FP-SNS-MOTENVWB1.1.4.0
2025-10-28 19:26:27,505 [WARN] PackLoader:240 - Cannot read IP mode file for STMicroelectronics.FP-ATR-ASTRA1.2.0.2
2025-10-28 19:26:27,521 [WARN] PackLoader:240 - Cannot read IP mode file for STMicroelectronics.X-CUBE-SMBUS.2.1.0
2025-10-28 19:26:27,533 [WARN] PackLoader:240 - Cannot read IP mode file for STMicroelectronics.X-CUBE-ST60.1.0.0
2025-10-28 19:26:27,587 [WARN] PackLoader:240 - Cannot read IP mode file for STMicroelectronics.X-CUBE-AZRTOS-F7.1.1.0
2025-10-28 19:26:27,702 [WARN] PackLoader:240 - Cannot read IP mode file for STMicroelectronics.X-CUBE-MEMS1.11.0.0
2025-10-28 19:26:27,968 [WARN] PackLoader:240 - Cannot read IP mode file for STMicroelectronics.FP-SNS-FLIGHT1.5.0.2
2025-10-28 19:26:28,008 [WARN] PackLoader:240 - Cannot read IP mode file for STMicroelectronics.X-CUBE-AZRTOS-H7.3.4.0
2025-10-28 19:26:28,027 [WARN] PackLoader:240 - Cannot read IP mode file for STMicroelectronics.X-CUBE-DISPLAY.3.0.0
2025-10-28 19:26:28,040 [WARN] PackLoader:240 - Cannot read IP mode file for STMicroelectronics.X-CUBE-BLE1.7.0.0
2025-10-28 19:26:28,056 [WARN] PackLoader:240 - Cannot read IP mode file for STMicroelectronics.X-CUBE-NFC10.1.0.0
2025-10-28 19:26:28,068 [WARN] PackLoader:240 - Cannot read IP mode file for STMicroelectronics.X-CUBE-ST60.1.1.0
2025-10-28 19:26:28,084 [WARN] PackLoader:240 - Cannot read IP mode file for emotas.I-CUBE-CANOPEN.1.3.0
2025-10-28 19:26:28,112 [WARN] PackLoader:240 - Cannot read IP mode file for STMicroelectronics.X-CUBE-BLEMGR.3.1.0
2025-10-28 19:26:28,129 [WARN] PackLoader:240 - Cannot read IP mode file for STMicroelectronics.FP-SNS-STBOX1.2.1.0
2025-10-28 19:26:28,141 [WARN] PackLoader:240 - Cannot read IP mode file for STMicroelectronics.FP-SNS-SMARTAG2.1.2.0
2025-10-28 19:26:28,148 [WARN] PackLoader:240 - Cannot read IP mode file for STMicroelectronics.FP-SNS-FLIGHT1.5.1.0
2025-10-28 19:26:28,160 [INFO] LogOutputStream:77 - [STDOUT_REDIRECT] 1 : Invalid condition id : UX_CORESTACK_Condition cause : null
2025-10-28 19:26:28,162 [INFO] LogOutputStream:77 - [STDOUT_REDIRECT] 1 : Invalid condition id : UX_CORESTACK_Condition cause : null
2025-10-28 19:26:28,164 [INFO] LogOutputStream:77 - [STDOUT_REDIRECT] 1 : Invalid condition id : UX_CORESTACK_Condition cause : null
2025-10-28 19:26:28,165 [INFO] LogOutputStream:77 - [STDOUT_REDIRECT] 1 : Invalid condition id : UX_CORESTACK_Condition cause : null
2025-10-28 19:26:28,166 [INFO] LogOutputStream:77 - [STDOUT_REDIRECT] 1 : Invalid condition id : UX_CORESTACK_Condition cause : null
2025-10-28 19:26:28,180 [WARN] PackLoader:240 - Cannot read IP mode file for STMicroelectronics.X-CUBE-AZRTOS-WL.2.0.0
2025-10-28 19:26:28,194 [WARN] PackLoader:240 - Cannot read IP mode file for STMicroelectronics.FP-SNS-MOTENV1.5.0.0
2025-10-28 19:26:28,203 [WARN] PackLoader:240 - Cannot read IP mode file for wolfSSL.I-CUBE-wolfMQTT.1.19.0
2025-10-28 19:26:28,218 [WARN] PackLoader:240 - Cannot read IP mode file for WES.I-CUBE-Cesium.1.3.0
2025-10-28 19:26:28,230 [WARN] PackLoader:240 - Cannot read IP mode file for STMicroelectronics.X-CUBE-BLE2.3.3.0
2025-10-28 19:26:28,241 [WARN] PackLoader:240 - Cannot read IP mode file for STMicroelectronics.X-CUBE-NFC9.1.0.0
2025-10-28 19:26:28,253 [WARN] PackLoader:240 - Cannot read IP mode file for STMicroelectronics.X-CUBE-BLE1.7.1.0
2025-10-28 19:26:28,264 [WARN] PackLoader:240 - Cannot read IP mode file for STMicroelectronics.X-CUBE-TCPP.4.1.0
2025-10-28 19:26:28,277 [WARN] PackLoader:240 - Cannot read IP mode file for STMicroelectronics.X-CUBE-EEPRMA1.5.2.0
2025-10-28 19:26:28,290 [WARN] PackLoader:240 - Cannot read IP mode file for STMicroelectronics.X-CUBE-ST67W61.1.1.0
2025-10-28 19:26:28,350 [WARN] PackLoader:240 - Cannot read IP mode file for STMicroelectronics.X-CUBE-AZRTOS-G0.1.1.0
2025-10-28 19:26:28,375 [WARN] PackLoader:240 - Cannot read IP mode file for STMicroelectronics.X-CUBE-SAFEA1.1.2.2
2025-10-28 19:26:28,390 [WARN] PackLoader:240 - Cannot read IP mode file for STMicroelectronics.X-CUBE-NFC4.3.0.0
2025-10-28 19:26:28,407 [WARN] PackLoader:240 - Cannot read IP mode file for EmbeddedOffice.I-CUBE-FS-RTOS.1.0.1
2025-10-28 19:26:28,418 [WARN] PackLoader:240 - Cannot read IP mode file for STMicroelectronics.X-CUBE-WB05N.2.0.0
2025-10-28 19:26:28,425 [WARN] PackLoader:240 - Cannot read IP mode file for STMicroelectronics.X-CUBE-TCPP.4.2.0
2025-10-28 19:26:28,436 [WARN] PackLoader:240 - Cannot read IP mode file for RealThread.X-CUBE-RT-Thread_Nano.4.1.1
2025-10-28 19:26:28,442 [WARN] PackLoader:240 - Cannot read IP mode file for STMicroelectronics.FP-ATR-SIGFOX1.3.2.0
2025-10-28 19:26:28,451 [WARN] PackLoader:240 - Cannot read IP mode file for wolfSSL.I-CUBE-wolfSSL.5.7.2
2025-10-28 19:26:28,460 [WARN] PackLoader:240 - Cannot read IP mode file for STMicroelectronics.X-CUBE-EEPRMA1.5.1.0
2025-10-28 19:26:28,471 [WARN] PackLoader:240 - Cannot read IP mode file for ITTIA_DB.I-CUBE-ITTIADB.8.9.0
2025-10-28 19:26:28,481 [WARN] PackLoader:240 - Cannot read IP mode file for STMicroelectronics.X-CUBE-ST67W61.1.0.0
2025-10-28 19:26:28,487 [WARN] PackLoader:240 - Cannot read IP mode file for STMicroelectronics.X-CUBE-AI.10.2.0
2025-10-28 19:26:28,517 [WARN] PackLoader:240 - Cannot read IP mode file for SEGGER.I-CUBE-embOS.1.3.1
2025-10-28 19:26:28,564 [WARN] PackLoader:240 - Cannot read IP mode file for STMicroelectronics.X-CUBE-ALGOBUILD.1.4.0
2025-10-28 19:26:28,618 [WARN] PackLoader:240 - Cannot read IP mode file for STMicroelectronics.X-CUBE-MEMS1.11.3.0
2025-10-28 19:26:28,755 [WARN] PackLoader:240 - Cannot read IP mode file for STMicroelectronics.X-CUBE-PM33A1.1.0.0
2025-10-28 19:26:28,765 [WARN] PackLoader:240 - Cannot read IP mode file for STMicroelectronics.X-CUBE-GNSS1.6.0.0
2025-10-28 19:26:28,785 [WARN] PackLoader:240 - Cannot read IP mode file for STMicroelectronics.X-CUBE-AZRTOS-F4.1.1.0
2025-10-28 19:26:28,792 [WARN] PackLoader:240 - Cannot read IP mode file for Avnet-IotConnect.X-CUBE-IoTC-DA16k-PMOD.1.0.0
2025-10-28 19:26:28,800 [WARN] PackLoader:240 - Cannot read IP mode file for STMicroelectronics.X-CUBE-ISPU.2.1.0
2025-10-28 19:26:28,816 [WARN] PackLoader:240 - Cannot read IP mode file for STMicroelectronics.X-CUBE-IPS.3.2.0
2025-10-28 19:26:28,831 [WARN] PackLoader:240 - Cannot read IP mode file for STMicroelectronics.X-CUBE-FREERTOS.1.2.0
2025-10-28 19:26:28,838 [WARN] PackLoader:240 - Cannot read IP mode file for STMicroelectronics.X-CUBE-NFC12.1.0.0
2025-10-28 19:26:28,859 [WARN] PackLoader:240 - Cannot read IP mode file for STMicroelectronics.X-CUBE-AZRTOS-L5.2.0.0
2025-10-28 19:26:28,870 [WARN] PackLoader:240 - Cannot read IP mode file for STMicroelectronics.X-CUBE-NFC6.3.1.0
2025-10-28 19:26:28,882 [WARN] PackLoader:240 - Cannot read IP mode file for STMicroelectronics.X-CUBE-DPower.1.2.0
2025-10-28 19:26:28,887 [WARN] PackLoader:240 - Cannot read IP mode file for STMicroelectronics.X-CUBE-AI.9.0.0
2025-10-28 19:26:28,892 [WARN] PackLoader:240 - Cannot read IP mode file for STMicroelectronics.X-CUBE-FREERTOS.1.3.1
2025-10-28 19:26:28,902 [WARN] PackLoader:240 - Cannot read IP mode file for STMicroelectronics.X-CUBE-NFC7.1.0.1
2025-10-28 19:26:28,908 [WARN] PackLoader:240 - Cannot read IP mode file for wolfSSL.I-CUBE-wolfTPM.3.2.0
2025-10-28 19:26:28,916 [WARN] PackLoader:240 - Cannot read IP mode file for STMicroelectronics.X-CUBE-TOUCHGFX.4.26.0
2025-10-28 19:26:28,922 [WARN] PackLoader:240 - Cannot read IP mode file for STMicroelectronics.FP-SNS-STAIOTCFT.1.0.0
2025-10-28 19:26:28,928 [WARN] PackLoader:240 - Cannot read IP mode file for STMicroelectronics.X-CUBE-DPower.1.3.0
2025-10-28 19:26:28,946 [WARN] ConditionMgr:438 - getConditionDescription Invalid condition id : LAN8742 Phy interface Condition cause : null
2025-10-28 19:26:28,947 [WARN] PackLoader:240 - Cannot read IP mode file for STMicroelectronics.X-CUBE-AZRTOS-L4.2.0.0
2025-10-28 19:26:28,948 [WARN] ConditionMgr:1044 - genDependencies : Invalid condition id : LAN8742 Phy interface Condition cause : null
2025-10-28 19:26:28,948 [WARN] ConditionMgr:1044 - genDependencies : Invalid condition id : LAN8742 Phy interface Condition cause : null
2025-10-28 19:26:28,949 [WARN] ConditionMgr:1044 - genDependencies : Invalid condition id : LAN8742 Phy interface Condition cause : null
2025-10-28 19:26:28,957 [WARN] PackLoader:240 - Cannot read IP mode file for STMicroelectronics.X-CUBE-SFXS2LP1.4.0.0
2025-10-28 19:26:28,974 [WARN] PackLoader:240 - Cannot read IP mode file for STMicroelectronics.X-CUBE-AZRTOS-H7.3.3.0
2025-10-28 19:26:28,987 [WARN] PackLoader:240 - Cannot read IP mode file for STMicroelectronics.X-CUBE-BLEMGR.4.1.0
2025-10-28 19:26:29,011 [WARN] ConditionMgr:438 - getConditionDescription Invalid condition id : UX DEVICE CLASS RTOS Condition cause : null
2025-10-28 19:26:29,012 [WARN] ConditionMgr:438 - getConditionDescription Invalid condition id : UX DEVICE CLASS RTOS Condition cause : null
2025-10-28 19:26:29,016 [WARN] PackLoader:240 - Cannot read IP mode file for STMicroelectronics.X-CUBE-AZRTOS-WB.2.0.0
2025-10-28 19:26:29,017 [WARN] ConditionMgr:1044 - genDependencies : Invalid condition id : UX DEVICE CLASS RTOS Condition cause : null
2025-10-28 19:26:29,017 [WARN] ConditionMgr:1044 - genDependencies : Invalid condition id : UX DEVICE CLASS RTOS Condition cause : null
2025-10-28 19:26:29,018 [WARN] ConditionMgr:1044 - genDependencies : Invalid condition id : UX DEVICE CLASS RTOS Condition cause : null
2025-10-28 19:26:29,018 [WARN] ConditionMgr:1044 - genDependencies : Invalid condition id : UX DEVICE CLASS RTOS Condition cause : null
2025-10-28 19:26:29,019 [WARN] ConditionMgr:1044 - genDependencies : Invalid condition id : UX DEVICE CLASS RTOS Condition cause : null
2025-10-28 19:26:29,030 [WARN] PackLoader:240 - Cannot read IP mode file for STMicroelectronics.X-CUBE-GNSS1.7.0.0
2025-10-28 19:26:29,037 [WARN] PackLoader:240 - Cannot read IP mode file for STMicroelectronics.X-CUBE-GNSS1.7.0.1
2025-10-28 19:26:29,044 [WARN] PackLoader:240 - Cannot read IP mode file for STMicroelectronics.X-CUBE-TOUCHGFX.4.25.0
2025-10-28 19:26:29,053 [WARN] PackLoader:240 - Cannot read IP mode file for STMicroelectronics.FP-SNS-STBOX1.2.0.0
2025-10-28 19:26:29,072 [WARN] ConditionMgr:438 - getConditionDescription Invalid condition id : Cortex-A Device cause : null
2025-10-28 19:26:29,094 [WARN] ConditionMgr:1044 - genDependencies : Invalid condition id : Cortex-A Device cause : null
2025-10-28 19:26:29,095 [WARN] ConditionMgr:1044 - genDependencies : Invalid condition id : Cortex-A Device cause : null
2025-10-28 19:26:29,095 [WARN] ConditionMgr:1044 - genDependencies : Invalid condition id : Cortex-A Device cause : null
2025-10-28 19:26:29,112 [WARN] PackLoader:240 - Cannot read IP mode file for STMicroelectronics.X-CUBE-SUBG2.5.0.0
2025-10-28 19:26:29,162 [WARN] PackLoader:240 - Cannot read IP mode file for STMicroelectronics.X-CUBE-AZRTOS-H7RS.1.1.0
2025-10-28 19:26:29,175 [WARN] PackLoader:240 - Cannot read IP mode file for Cesanta.I-CUBE-Mongoose.7.13.0
2025-10-28 19:26:29,194 [WARN] PackLoader:240 - Cannot read IP mode file for STMicroelectronics.X-CUBE-AZRTOS-G4.2.0.0
2025-10-28 19:26:29,203 [WARN] PackLoader:240 - Cannot read IP mode file for STMicroelectronics.X-CUBE-NFC7.2.0.0
2025-10-28 19:26:29,217 [WARN] PackLoader:240 - Cannot read IP mode file for STMicroelectronics.X-CUBE-ISPU.2.0.0
2025-10-28 19:26:29,233 [WARN] PackLoader:240 - Cannot read IP mode file for STMicroelectronics.X-CUBE-IPS.3.1.0
2025-10-28 19:26:29,246 [WARN] PackLoader:240 - Cannot read IP mode file for STMicroelectronics.X-CUBE-ALS.1.0.2
2025-10-28 19:26:29,291 [WARN] PackLoader:240 - Cannot read IP mode file for STMicroelectronics.X-CUBE-MEMS1.10.0.0
2025-10-28 19:26:29,442 [WARN] PackLoader:240 - Cannot read IP mode file for STMicroelectronics.X-CUBE-TOUCHGFX.4.24.0
2025-10-28 19:26:29,449 [WARN] PackLoader:240 - Cannot read IP mode file for STMicroelectronics.X-CUBE-TOUCHGFX.4.24.1
2025-10-28 19:26:29,460 [WARN] PackLoader:240 - Cannot read IP mode file for STMicroelectronics.X-CUBE-STSE01.1.0.0
2025-10-28 19:26:29,471 [WARN] PackLoader:240 - Cannot read IP mode file for portGmbH.I-Cube-SoM-uGOAL.1.1.0
2025-10-28 19:26:29,495 [WARN] PackLoader:240 - Cannot read IP mode file for STMicroelectronics.X-CUBE-AZRTOS-H7RS.1.0.0
2025-10-28 19:26:29,504 [WARN] PackLoader:240 - Cannot read IP mode file for STMicroelectronics.FP-ATR-ASTRA1.2.0.0
2025-10-28 19:26:29,520 [WARN] PackLoader:240 - Cannot read IP mode file for STMicroelectronics.X-CUBE-TOF1.3.4.2
2025-10-28 19:26:29,547 [WARN] PackLoader:240 - Cannot read IP mode file for STMicroelectronics.X-CUBE-TOF1.3.4.3
2025-10-28 19:26:29,571 [WARN] PackLoader:240 - Cannot read IP mode file for STMicroelectronics.X-CUBE-TOF1.3.4.1
2025-10-28 19:26:29,599 [WARN] PackLoader:240 - Cannot read IP mode file for STMicroelectronics.X-CUBE-AZRTOS-H7.3.2.0
2025-10-28 19:26:29,617 [WARN] PackLoader:240 - Cannot read IP mode file for Infineon.AIROC-Wi-Fi-Bluetooth-STM32.1.6.0
2025-10-28 19:26:29,628 [WARN] PackLoader:240 - Cannot read IP mode file for wolfSSL.I-CUBE-wolfSSH.1.4.17
2025-10-28 19:26:29,629 [INFO] ThirdParty:978 - Integrity check success = true
2025-10-28 19:26:29,629 [INFO] IntegrityCheckThread:100 - exiting critical section [integrity check]
2025-10-28 19:26:29,629 [INFO] IntegrityCheckThread:103 - End integrity checks thread
2025-10-28 19:26:53,696 [INFO] McuFinderGlobals:63 - Set McuFinder mode to 2 (CubeIDE integrated)
2025-10-28 19:26:53,703 [INFO] MainUpdater:2872 - connection check result : 10
2025-10-28 19:26:53,705 [INFO] MainUpdater:2872 - connection check result : 10
2025-10-28 19:26:53,767 [INFO] MicroXplorer:468 - Change Database Path : 
2025-10-28 19:26:53,767 [INFO] MicroXplorer:498 - Change Database Version : DB.6.0.150
2025-10-28 19:26:53,793 [WARN] ThirdParty:871 - waiting for thirdparty lock release [close project]
2025-10-28 19:26:53,793 [INFO] ThirdParty:873 - entering critical section [close project]
2025-10-28 19:26:53,795 [INFO] ThirdParty:883 - exiting critical section [close project]
2025-10-28 19:26:53,801 [INFO] PinOutPanel:1589 - setPackage(No Configuration,No Configuration)
2025-10-28 19:26:53,803 [INFO] UtilMem:75 - Begin LoadConfig() Used Memory: 208341440 Bytes (411041792)
2025-10-28 19:26:53,805 [INFO] MicroXplorer:468 - Change Database Path : 
2025-10-28 19:26:53,805 [INFO] MicroXplorer:498 - Change Database Version : DB.6.0.150
2025-10-28 19:26:53,806 [INFO] OpenFileManager:355 - Change cursor
2025-10-28 19:26:53,842 [INFO] Mcu:2029 - Initializing MCU STM32F303K(6-8)Tx STM32F303K8Tx STM32F303K8T6
2025-10-28 19:26:56,018 [INFO] Context:786 - Trying to add GPIOservice into a context  which must be forbidden
2025-10-28 19:26:56,731 [INFO] ImportTextPane:234 - (OptionalMessage_ERROR) Pin6 (VP_RIF_VS_RIF1) cannot be retrieved for this MCU
2025-10-28 19:26:57,033 [INFO] RtosManager:558 - Registered RTOS mode: class=CMSIS, group=RTOS, mode=CMSIS_V1, owner=FREERTOS
2025-10-28 19:26:57,034 [INFO] RtosManager:558 - Registered RTOS mode: class=CMSIS, group=RTOS2, mode=CMSIS_V2, owner=FREERTOS
2025-10-28 19:26:57,034 [INFO] RtosManager:558 - Registered RTOS mode: class=RTOS, group=Core, mode=CMSIS_V1, owner=FREERTOS
2025-10-28 19:26:57,034 [INFO] RtosManager:558 - Registered RTOS mode: class=RTOS, group=Core, mode=CMSIS_V2, owner=FREERTOS
2025-10-28 19:26:57,034 [WARN] ModelIntegratedComponent:184 - Missing modes for component STMicroelectronics:FreeRTOS:0.0.1:STMicroelectronics:RTOS:FreeRTOS:Core:::10.2.0:
2025-10-28 19:26:57,041 [WARN] ModelIntegratedComponent:63 - No mode defined for component null
2025-10-28 19:26:57,041 [WARN] ModelIntegratedComponent:63 - No mode defined for component null
2025-10-28 19:26:57,042 [WARN] ModelIntegratedComponent:63 - No mode defined for component null
2025-10-28 19:26:57,042 [WARN] ModelIntegratedComponent:63 - No mode defined for component null
2025-10-28 19:26:57,042 [WARN] ModelIntegratedComponent:63 - No mode defined for component null
2025-10-28 19:26:57,042 [WARN] ModelIntegratedComponent:63 - No mode defined for component null
2025-10-28 19:26:57,042 [WARN] ModelIntegratedComponent:63 - No mode defined for component null
2025-10-28 19:26:57,042 [WARN] ModelIntegratedComponent:63 - No mode defined for component null
2025-10-28 19:26:57,042 [WARN] ModelIntegratedComponent:63 - No mode defined for component null
2025-10-28 19:26:57,042 [WARN] ModelIntegratedComponent:63 - No mode defined for component null
2025-10-28 19:26:57,042 [WARN] ModelIntegratedComponent:63 - No mode defined for component null
2025-10-28 19:26:57,042 [WARN] ModelIntegratedComponent:63 - No mode defined for component null
2025-10-28 19:26:57,042 [WARN] ModelIntegratedComponent:63 - No mode defined for component null
2025-10-28 19:26:57,042 [WARN] ModelIntegratedComponent:63 - No mode defined for component null
2025-10-28 19:26:57,042 [WARN] ModelIntegratedComponent:63 - No mode defined for component null
2025-10-28 19:26:57,042 [WARN] ModelIntegratedComponent:63 - No mode defined for component null
2025-10-28 19:26:57,042 [WARN] ModelIntegratedComponent:63 - No mode defined for component null
2025-10-28 19:26:57,043 [WARN] ModelIntegratedComponent:63 - No mode defined for component null
2025-10-28 19:26:57,043 [WARN] ModelIntegratedComponent:63 - No mode defined for component null
2025-10-28 19:26:57,043 [WARN] ModelIntegratedComponent:63 - No mode defined for component null
2025-10-28 19:26:57,043 [WARN] ModelIntegratedComponent:63 - No mode defined for component null
2025-10-28 19:26:57,043 [WARN] ModelIntegratedComponent:63 - No mode defined for component null
2025-10-28 19:26:57,043 [WARN] ModelIntegratedComponent:63 - No mode defined for component null
2025-10-28 19:26:57,043 [WARN] ModelIntegratedComponent:63 - No mode defined for component null
2025-10-28 19:26:57,043 [WARN] ModelIntegratedComponent:63 - No mode defined for component null
2025-10-28 19:26:57,043 [WARN] ModelIntegratedComponent:63 - No mode defined for component null
2025-10-28 19:26:57,043 [WARN] ModelIntegratedComponent:63 - No mode defined for component null
2025-10-28 19:26:57,043 [WARN] ModelIntegratedComponent:63 - No mode defined for component null
2025-10-28 19:26:57,043 [WARN] ModelIntegratedComponent:63 - No mode defined for component null
2025-10-28 19:26:57,044 [WARN] ModelIntegratedComponent:63 - No mode defined for component null
2025-10-28 19:26:57,044 [WARN] ModelIntegratedComponent:63 - No mode defined for component null
2025-10-28 19:26:57,044 [WARN] ModelIntegratedComponent:63 - No mode defined for component null
2025-10-28 19:26:57,045 [WARN] ModelIntegratedComponent:63 - No mode defined for component null
2025-10-28 19:26:57,045 [WARN] ModelIntegratedComponent:63 - No mode defined for component null
2025-10-28 19:26:57,045 [WARN] ModelIntegratedComponent:63 - No mode defined for component null
2025-10-28 19:26:57,046 [WARN] ModelPack:524 - Component already loaded: STMicroelectronics:HAL Drivers:0.0.0:STMicroelectronics:Device:STMicro_Driver:XSPI:HAL::0.0.1:HAL_XSPI
2025-10-28 19:26:57,357 [INFO] ThirdPartyModel:298 - Start build external matchings
2025-10-28 19:26:58,693 [INFO] ThirdPartyModel:316 - End build external matchings
2025-10-28 19:26:59,168 [INFO] ApiDb:581 - Connected to CubeFinder SQLite database (C:\Users\rolni\.stmcufinder\plugins\mcufinder\mcu\cube-finder-db.db)
2025-10-28 19:26:59,263 [INFO] ApiDb:668 - CubeFinder database Data Model version=2.1
2025-10-28 19:26:59,264 [INFO] ApiDb:669 - CubeFinder database Configuration version=3.0.39
2025-10-28 19:26:59,264 [INFO] ApiDb:670 - CubeFinder database generation date=2025-08-25 (1756130511)
2025-10-28 19:26:59,264 [INFO] ApiDb:671 - CubeFinder database FW Pack versions=[FP-ATR-ASTRA1_V2.0.0, FP-SNS-FLIGHT1_V5.1.0, FP-SNS-MOTENV1_V5.0.0, FP-SNS-MOTENVWB1_V1.4.0, FP-SNS-SMARTAG2_V1.2.0, FP-SNS-STBOX1_V2.1.0, STM32Cube_FW_C0_V1.4.0, STM32Cube_FW_F4_V1.28.3, STM32Cube_FW_F7_V1.17.4, STM32Cube_FW_G0_V1.6.2, STM32Cube_FW_G4_V1.6.1, STM32Cube_FW_H5_V1.5.0, STM32Cube_FW_H7RS_V1.2.0, STM32Cube_FW_H7_V1.12.1, STM32Cube_FW_L0_V1.12.2, STM32Cube_FW_L4_V1.18.1, STM32Cube_FW_L5_V1.5.1, STM32Cube_FW_N6_V1.2.0, STM32Cube_FW_U0_V1.3.0, STM32Cube_FW_U3_V1.2.0, STM32Cube_FW_U5_V1.8.0, STM32Cube_FW_WB0_V1.3.0, STM32Cube_FW_WBA_V1.7.0, STM32Cube_FW_WB_V1.23.0, STM32Cube_FW_WL3_V1.2.0, STM32Cube_FW_WL_V1.3.1, X-CUBE-ALGOBUILD_V1.4.0, X-CUBE-ALS_V1.0.2, X-CUBE-AZRTOS-F4_V1.1.0, X-CUBE-AZRTOS-F7_V1.1.0, X-CUBE-AZRTOS-G0_V1.1.0, X-CUBE-AZRTOS-G4_V2.0.0, X-CUBE-AZRTOS-H7RS_V1.1.0, X-CUBE-AZRTOS-H7_V3.4.0, X-CUBE-AZRTOS-L4_V2.0.0, X-CUBE-AZRTOS-L5_V2.0.0, X-CUBE-AZRTOS-WB_V2.0.0, X-CUBE-AZRTOS-WL_V2.0.0, X-CUBE-BLE1_V7.1.0, X-CUBE-BLE2_V3.3.0, X-CUBE-BLEMGR_V4.1.0, X-CUBE-EEPRMA1_V5.2.0, X-CUBE-FREERTOS_V1.3.1, X-CUBE-GNSS1_V6.0.0, X-CUBE-MEMS1_V11.3.0, X-CUBE-NFC4_V3.0.0, X-CUBE-NFC7_V2.0.0, X-CUBE-SFXS2LP1_V4.0.0, X-CUBE-ST67W61_V1.0.0, X-CUBE-SUBG2_V5.0.0, X-CUBE-TOF1_V3.4.3]
2025-10-28 19:26:59,417 [INFO] DbBoardsSqlite:226 - include board P-NUCLEO-WB55-NUCLEO as a kit item of type 'Nucleo-64'
2025-10-28 19:26:59,417 [INFO] DbBoardsSqlite:226 - include board P-NUCLEO-WB55-USBDONGLE as a kit item of type 'Nucleo USB Dongle'
2025-10-28 19:26:59,419 [INFO] DbBoardsSqlite:226 - include board STEVAL-IDP005V1 as a kit item of type 'Evaluation Board'
2025-10-28 19:26:59,419 [INFO] DbBoardsSqlite:226 - include board STEVAL-IDP005V2 as a kit item of type 'Evaluation Board'
2025-10-28 19:26:59,963 [INFO] ApiDb:240 - Found 880 in-development CPN: [B-G473E-ZEST1S, B-WB1M-WPAN1, B-WBA5M-WPAN, B-WL5M-SUBG1, NUCLEO-C031C6, NUCLEO-C051C8, NUCLEO-C071RB, NUCLEO-C092RC, NUCLEO-H503RB, NUCLEO-H533RE, NUCLEO-H563ZI, NUCLEO-H7S3L8, NUCLEO-N657X0-Q, NUCLEO-U031R8, NUCLEO-U083RC, NUCLEO-U385RG-Q, NUCLEO-U545RE-Q, NUCLEO-U5A5ZJ-Q, NUCLEO-WB05KZ, NUCLEO-WB07CC, NUCLEO-WB09KE, NUCLEO-WBA52CG, NUCLEO-WBA55CG, NUCLEO-WL33CC1, NUCLEO-WL33CC2, STEVAL-PROTEUS1, STEVAL-SMARTAG2, STEVAL-STWINBX1, STM320518-EVAL, STM32C0116-DK, STM32C011D6Y3TR, STM32C011D6Y6TR, STM32C011F4P3, STM32C011F4P6, STM32C011F4U3, STM32C011F4U6TR, STM32C011F6P3, STM32C011F6P6, STM32C011F6U3, STM32C011F6U6TR, STM32C011J4M3, STM32C011J4M6, STM32C011J6M3, STM32C011J6M6, STM32C0316-DK, STM32C031C4T3, STM32C031C4T6, STM32C031C4U3, STM32C031C4U6, STM32C031C6T3, STM32C031C6T6, STM32C031C6U3, STM32C031C6U6, STM32C031F4P3, STM32C031F4P6, STM32C031F6P3, STM32C031F6P6, STM32C031G4U3, STM32C031G4U6, STM32C031G6U3, STM32C031G6U6, STM32C031K4T3, STM32C031K4T6, STM32C031K4U3, STM32C031K4U6, STM32C031K6T3, STM32C031K6T6, STM32C031K6U3, STM32C031K6U6, STM32C051C6T6, STM32C051C6U6, STM32C051C8T6, STM32C051C8U6, STM32C051D8Y6TR, STM32C051F6P6, STM32C051F8P6, STM32C051G6U6, STM32C051G8U6, STM32C051K6T6, STM32C051K6U6, STM32C051K8T6, STM32C071C8T6, STM32C071C8T6N, STM32C071C8U6, STM32C071C8U6N, STM32C071CBT6, STM32C071CBT6N, STM32C071CBU6, STM32C071CBU6N, STM32C071F8P6, STM32C071F8P6N, STM32C071FBP6, STM32C071FBP6N, STM32C071FBY6TR, STM32C071G8U6, STM32C071G8U6N, STM32C071GBU6, STM32C071GBU6N, STM32C071K8T6, STM32C071K8T6N, STM32C071K8U6, STM32C071K8U6N, STM32C071KBT6, STM32C071KBT6N, STM32C071KBU6, STM32C071KBU6N, STM32C071R8T6, STM32C071R8T6N, STM32C071RBI6N, STM32C071RBT6, STM32C071RBT6N, STM32C091CBT6, STM32C091CBU6, STM32C091CCT6, STM32C091CCU6, STM32C091ECY6TR, STM32C091FBP6, STM32C091FCP6, STM32C091GBU6, STM32C091GCU6, STM32C091KBT6, STM32C091KBU6, STM32C091KCT6, STM32C091KCU6, STM32C091RBT6, STM32C091RCI6, STM32C091RCT6, STM32C092CBT6, STM32C092CBU6, STM32C092CCT6, STM32C092CCU6, STM32C092ECY6TR, STM32C092FBP6, STM32C092FCP6, STM32C092GBU6, STM32C092GCU6, STM32C092KBT6, STM32C092KBU6, STM32C092KCT6, STM32C092KCU6, STM32C092RBT6, STM32C092RCI6, STM32C092RCT6, STM32G071K8TXN, STM32G071K8UXN, STM32G081GBU6N, STM32G081KBT6N, STM32G081KBUXN, STM32G0B1CCT6N, STM32G0B1KCT6, STM32G0B1NEY6TR, STM32G0B1RCT6N, STM32G0C1CCT6, STM32G0C1CCT6N, STM32G0C1CCU6N, STM32G0C1CET6N, STM32G0C1CEU6N, STM32G0C1KCT6, STM32G0C1NEY6TR, STM32G0C1RCI6N, STM32G0C1RCT6N, STM32G0C1REI6N, STM32G0C1RET6N, STM32G0C1VCI6, STM32G0C1VEI6, STM32G411C6T3, STM32G411C6T6, STM32G411C6U3, STM32G411C6U6, STM32G411C8T3, STM32G411C8T6, STM32G411C8U3, STM32G411C8U6, STM32G411CBT3, STM32G411CBT6, STM32G411CBU3, STM32G411CBU6, STM32G411K6T3, STM32G411K6T6, STM32G411K6U3, STM32G411K6U6, STM32G411K8T3, STM32G411K8T6, STM32G411K8U3, STM32G411K8U6, STM32G411KBT3, STM32G411KBT6, STM32G411KBU3, STM32G411KBU6, STM32G411M6T3, STM32G411M6T6, STM32G411M8T3, STM32G411M8T6, STM32G411MBT3, STM32G411MBT6, STM32G411R6T3, STM32G411R6T6, STM32G411R8T3, STM32G411R8T6, STM32G411RBT3, STM32G411RBT6, STM32G414CBT3, STM32G414CBT6, STM32G414CBU3, STM32G414CBU6, STM32G414CCT3, STM32G414CCT6, STM32G414CCU3, STM32G414CCU6, STM32G414MBT3, STM32G414MBT6, STM32G414MCT3, STM32G414MCT6, STM32G414RBT3, STM32G414RBT6, STM32G414RCT3, STM32G414RCT6, STM32G414VBT3, STM32G414VBT6, STM32G414VCT3, STM32G414VCT6, STM32G431CBT3Z, STM32G431RBT3Z, STM32G471CCT6, STM32G471CCU6, STM32G471CET3, STM32G471CET6, STM32G471CEU3, STM32G471CEU6, STM32G471MCT6, STM32G471MET3, STM32G471MET6, STM32G471MEY6TR, STM32G471QCT6, STM32G471QET3, STM32G471RCT6, STM32G471RET3, STM32G471RET6, STM32G471VCH6, STM32G471VCI6, STM32G471VCT6, STM32G471VEH3, STM32G471VEH6, STM32G471VEI3, STM32G471VEI6, STM32G471VET3, STM32G471VET6, STM32G473QET3Z, STM32G473RET3Z, STM32G474CCT6, STM32G491RET3Z, STM32H503CBT6, STM32H503CBU6, STM32H503EBY6TR, STM32H503KBU6, STM32H503RBT6, STM32H523CCT6, STM32H523CCU6, STM32H523CET6, STM32H523CEU6, STM32H523HEY6TR, STM32H523RCT6, STM32H523RET6, STM32H523VCI6, STM32H523VCT6, STM32H523VEI6, STM32H523VET6, STM32H523ZCJ6, STM32H523ZCT6, STM32H523ZEJ6, STM32H523ZET6, STM32H533CET6, STM32H533CEU6, STM32H533HEY6TR, STM32H533RET6, STM32H533VEI6, STM32H533VET6, STM32H533ZEJ6, STM32H533ZET6, STM32H562AGI6, STM32H562AII6, STM32H562IGK6, STM32H562IGT6, STM32H562IIK6, STM32H562IIT6, STM32H562RGT6, STM32H562RGV6, STM32H562RIT6, STM32H562RIV6, STM32H562VGT6, STM32H562VIT6, STM32H562ZGT6, STM32H562ZIT6, STM32H563AGI6, STM32H563AII3Q, STM32H563AII6, STM32H563IGK6, STM32H563IGT6, STM32H563IIK3Q, STM32H563IIK6, STM32H563IIT3Q, STM32H563IIT6, STM32H563MIY3QTR, STM32H563RGT6, STM32H563RGV6, STM32H563RIT6, STM32H563RIV6, STM32H563VGT6, STM32H563VIT3Q, STM32H563VIT6, STM32H563ZGT6, STM32H563ZIT3Q, STM32H563ZIT6, STM32H573AII3Q, STM32H573AII6, STM32H573I-DK, STM32H573IIK3Q, STM32H573IIK6, STM32H573IIT3Q, STM32H573IIT6, STM32H573MIY3QTR, STM32H573RIT6, STM32H573RIV6, STM32H573VIT3Q, STM32H573VIT6, STM32H573ZIT3Q, STM32H573ZIT6, STM32H7R3A8I6, STM32H7R3I8K6, STM32H7R3I8T6, STM32H7R3L8H6, STM32H7R3L8H6H, STM32H7R3R8V6, STM32H7R3V8H6, STM32H7R3V8T6, STM32H7R3V8Y6TR, STM32H7R3Z8J6, STM32H7R3Z8T6, STM32H7R7A8I6, STM32H7R7I8K6, STM32H7R7I8T6, STM32H7R7L8H6, STM32H7R7L8H6H, STM32H7R7Z8J6, STM32H7S3A8I6, STM32H7S3I8K6, STM32H7S3I8T6, STM32H7S3L8H6, STM32H7S3L8H6H, STM32H7S3R8V6, STM32H7S3V8H6, STM32H7S3V8T6, STM32H7S3V8Y6TR, STM32H7S3Z8J6, STM32H7S3Z8T6, STM32H7S78-DK, STM32H7S7A8I6, STM32H7S7I8K6, STM32H7S7I8T6, STM32H7S7L8H6, STM32H7S7L8H6H, STM32H7S7Z8J6, STM32L4R5QGI6STR, STM32MP131AAE3, STM32MP131AAF3, STM32MP131AAG3, STM32MP131CAE3, STM32MP131CAF3, STM32MP131CAG3, STM32MP131DAE7, STM32MP131DAF7, STM32MP131DAG7, STM32MP131FAE7, STM32MP131FAF7, STM32MP131FAG7, STM32MP133AAE3, STM32MP133AAF3, STM32MP133AAG3, STM32MP133CAE3, STM32MP133CAF3, STM32MP133CAG3, STM32MP133DAE7, STM32MP133DAF7, STM32MP133DAG7, STM32MP133FAE7, STM32MP133FAF7, STM32MP133FAG7, STM32MP135AAE3, STM32MP135AAF3, STM32MP135AAG3, STM32MP135CAE3, STM32MP135CAF3, STM32MP135CAG3, STM32MP135DAE7, STM32MP135DAF7, STM32MP135DAG7, STM32MP135F-DK, STM32MP135FAE7, STM32MP135FAF7, STM32MP135FAF7T, STM32MP135FAF7U, STM32MP135FAG7, STM32MP211AAL3, STM32MP211AAM3, STM32MP211AAN3, STM32MP211AAO3, STM32MP211CAL3, STM32MP211CAM3, STM32MP211CAN3, STM32MP211CAO3, STM32MP211DAL3, STM32MP211DAM3, STM32MP211DAN3, STM32MP211DAO3, STM32MP211FAL3, STM32MP211FAM3, STM32MP211FAN3, STM32MP211FAO3, STM32MP213AAL3, STM32MP213AAM3, STM32MP213AAN3, STM32MP213AAO3, STM32MP213CAL3, STM32MP213CAM3, STM32MP213CAN3, STM32MP213CAO3, STM32MP213DAL3, STM32MP213DAM3, STM32MP213DAN3, STM32MP213DAO3, STM32MP213FAL3, STM32MP213FAM3, STM32MP213FAN3, STM32MP213FAO3, STM32MP215AAL3, STM32MP215AAM3, STM32MP215AAN3, STM32MP215AAO3, STM32MP215CAL3, STM32MP215CAM3, STM32MP215CAN3, STM32MP215CAO3, STM32MP215DAL3, STM32MP215DAM3, STM32MP215DAN3, STM32MP215DAO3, STM32MP215F-DK, STM32MP215FAL3, STM32MP215FAM3, STM32MP215FAN3, STM32MP215FAO3, STM32MP231AAJ3, STM32MP231AAK3, STM32MP231AAL3, STM32MP231CAJ3, STM32MP231CAK3, STM32MP231CAL3, STM32MP231DAJ3, STM32MP231DAK3, STM32MP231DAL3, STM32MP231FAJ3, STM32MP231FAK3, STM32MP231FAL3, STM32MP233AAJ3, STM32MP233AAK3, STM32MP233AAL3, STM32MP233CAJ3, STM32MP233CAK3, STM32MP233CAL3, STM32MP233DAJ3, STM32MP233DAK3, STM32MP233DAL3, STM32MP233FAJ3, STM32MP233FAK3, STM32MP233FAL3, STM32MP235AAJ3, STM32MP235AAK3, STM32MP235AAL3, STM32MP235CAJ3, STM32MP235CAK3, STM32MP235CAL3, STM32MP235DAJ3, STM32MP235DAK3, STM32MP235DAL3, STM32MP235FAJ3, STM32MP235FAK3, STM32MP235FAL3, STM32MP251AAI3, STM32MP251AAK3, STM32MP251AAL3, STM32MP251CAI3, STM32MP251CAK3, STM32MP251CAL3, STM32MP251DAI3, STM32MP251DAK3, STM32MP251DAL3, STM32MP251FAI3, STM32MP251FAK3, STM32MP251FAL3, STM32MP253AAI3, STM32MP253AAK3, STM32MP253AAL3, STM32MP253CAI3, STM32MP253CAK3, STM32MP253CAL3, STM32MP253DAI3, STM32MP253DAK3, STM32MP253DAL3, STM32MP253FAI3, STM32MP253FAK3, STM32MP253FAL3, STM32MP255AAI3, STM32MP255AAK3, STM32MP255AAL3, STM32MP255CAI3, STM32MP255CAK3, STM32MP255CAL3, STM32MP255DAI3, STM32MP255DAK3, STM32MP255DAL3, STM32MP255FAI3, STM32MP255FAK3, STM32MP255FAL3, STM32MP257AAI3, STM32MP257AAK3, STM32MP257AAL3, STM32MP257CAI3, STM32MP257CAK3, STM32MP257CAL3, STM32MP257DAI3, STM32MP257DAK3, STM32MP257DAL3, STM32MP257F-DK, STM32MP257F-EV1, STM32MP257FAI3, STM32MP257FAK3, STM32MP257FAL3, STM32N645A0H3Q, STM32N645B0H3Q, STM32N645I0H3Q, STM32N645L0H3Q, STM32N645X0H3Q, STM32N645Z0H3Q, STM32N647A0H3Q, STM32N647B0H3Q, STM32N647I0H3Q, STM32N647L0H3Q, STM32N647X0H3Q, STM32N647Z0H3Q, STM32N655A0H3Q, STM32N655B0H3Q, STM32N655I0H3Q, STM32N655L0H3Q, STM32N655X0H3Q, STM32N655Z0H3Q, STM32N6570-DK, STM32N657A0H3Q, STM32N657B0H3Q, STM32N657I0H3Q, STM32N657L0H3Q, STM32N657X0H3Q, STM32N657Z0H3Q, STM32U031C6T6, STM32U031C6U6, STM32U031C8T6, STM32U031C8U6, STM32U031F4P6, STM32U031F6P6, STM32U031F8P6, STM32U031G6Y6TR, STM32U031G8Y6TR, STM32U031K4U6, STM32U031K6U6, STM32U031K8U6, STM32U031R6I6, STM32U031R6T6, STM32U031R8I6, STM32U031R8T6, STM32U073C8T6, STM32U073C8U6, STM32U073CBT6, STM32U073CBU6, STM32U073CCT6, STM32U073CCU6, STM32U073H8Y6TR, STM32U073HBY6TR, STM32U073HCY6TR, STM32U073K8U6, STM32U073KBU6, STM32U073KCU6, STM32U073M8I6, STM32U073M8T6, STM32U073MBI6, STM32U073MBT6, STM32U073MCI6, STM32U073MCT6, STM32U073R8I6, STM32U073R8T6, STM32U073RBI6, STM32U073RBT6, STM32U073RCI6, STM32U073RCT6, STM32U083C-DK, STM32U083CCT6, STM32U083CCU6, STM32U083HCY6TR, STM32U083KCU6, STM32U083MCI6, STM32U083MCT6, STM32U083RCI6, STM32U083RCT6, STM32U375CET6, STM32U375CET6Q, STM32U375CEU6, STM32U375CEU6Q, STM32U375CEY6QTR, STM32U375CGT6, STM32U375CGT6Q, STM32U375CGU6, STM32U375CGU6Q, STM32U375CGY6QTR, STM32U375KEU6, STM32U375KGU6, STM32U375REI6, STM32U375REI6Q, STM32U375RET6, STM32U375RET6Q, STM32U375REY6GTR, STM32U375REY6QTR, STM32U375RGI6, STM32U375RGI6Q, STM32U375RGT6, STM32U375RGT6Q, STM32U375RGY6GTR, STM32U375RGY6QTR, STM32U375VEI6, STM32U375VEI6Q, STM32U375VET6, STM32U375VET6Q, STM32U375VGI6, STM32U375VGI6Q, STM32U375VGT6, STM32U375VGT6Q, STM32U385CGT6, STM32U385CGT6Q, STM32U385CGU6, STM32U385CGU6Q, STM32U385CGY6QTR, STM32U385KGU6, STM32U385RGI6, STM32U385RGI6Q, STM32U385RGT6, STM32U385RGT6Q, STM32U385RGY6GTR, STM32U385RGY6QTR, STM32U385VGI6, STM32U385VGI6Q, STM32U385VGT6, STM32U385VGT6Q, STM32U535CBT6, STM32U535CBT6Q, STM32U535CBU6, STM32U535CBU6Q, STM32U535CCT6, STM32U535CCT6Q, STM32U535CCU6, STM32U535CCU6Q, STM32U535CET6, STM32U535CET6Q, STM32U535CEU6, STM32U535CEU6Q, STM32U535JEY6QTR, STM32U535NCY6QTR, STM32U535NEY6QTR, STM32U535RBI6, STM32U535RBI6Q, STM32U535RBT6, STM32U535RBT6Q, STM32U535RCI6, STM32U535RCI6Q, STM32U535RCT6, STM32U535RCT6Q, STM32U535REI6, STM32U535REI6Q, STM32U535RET6, STM32U535RET6Q, STM32U535VCI6, STM32U535VCI6Q, STM32U535VCT6, STM32U535VCT6Q, STM32U535VEI6, STM32U535VEI6Q, STM32U535VET6, STM32U535VET6Q, STM32U545CET6, STM32U545CET6Q, STM32U545CEU6, STM32U545CEU6Q, STM32U545JEY6QTR, STM32U545NEY6QTR, STM32U545REI6, STM32U545REI6Q, STM32U545RET6, STM32U545RET6Q, STM32U545VEI6, STM32U545VEI6Q, STM32U545VET6, STM32U545VET6Q, STM32U595AIH6, STM32U595AIH6Q, STM32U595AJH6, STM32U595AJH6Q, STM32U595QII6, STM32U595QII6Q, STM32U595QJI6, STM32U595QJI6Q, STM32U595RIT6, STM32U595RIT6Q, STM32U595RJT6, STM32U595RJT6Q, STM32U595VIT6, STM32U595VIT6Q, STM32U595VJT6, STM32U595VJT6Q, STM32U595ZIT6, STM32U595ZIT6Q, STM32U595ZIY6QTR, STM32U595ZJT6, STM32U595ZJT6Q, STM32U595ZJY6QTR, STM32U599BJY6QTR, STM32U599NIH6Q, STM32U599NJH6Q, STM32U599VIT6Q, STM32U599VJT6, STM32U599VJT6Q, STM32U599ZIT6Q, STM32U599ZIY6QTR, STM32U599ZJT6Q, STM32U599ZJY6QTR, STM32U5A5AJH6, STM32U5A5AJH6Q, STM32U5A5QII3Q , STM32U5A5QJI6, STM32U5A5QJI6Q, STM32U5A5RJT6, STM32U5A5RJT6Q, STM32U5A5VJT6, STM32U5A5VJT6Q, STM32U5A5ZJT6, STM32U5A5ZJT6Q, STM32U5A5ZJY6QTR, STM32U5A9BJY6QTR, STM32U5A9J-DK, STM32U5A9NJH6Q, STM32U5A9VJT6Q, STM32U5A9ZJT6Q, STM32U5A9ZJY6QTR, STM32U5F7VIT6, STM32U5F7VIT6Q, STM32U5F7VJT6, STM32U5F7VJT6Q, STM32U5F9BJY6QTR, STM32U5F9NJH6Q, STM32U5F9VIT6Q, STM32U5F9VJT6Q, STM32U5F9ZIJ6QTR, STM32U5F9ZIT6Q, STM32U5F9ZJJ6QTR, STM32U5F9ZJT6Q, STM32U5G7VJT6, STM32U5G7VJT6Q, STM32U5G9BJY6QTR, STM32U5G9J-DK1, STM32U5G9J-DK2, STM32U5G9NJH6Q, STM32U5G9VJT6Q, STM32U5G9ZJJ6QTR, STM32U5G9ZJT6Q, STM32WB05KZV6TR, STM32WB05KZV7TR, STM32WB05TZF6TR, STM32WB05TZF7TR, STM32WB06CCF6TR, STM32WB06CCF7TR, STM32WB06CCV6TR, STM32WB06CCV7TR, STM32WB06KCV6TR, STM32WB06KCV7TR, STM32WB07CCF6TR, STM32WB07CCF7TR, STM32WB07CCV6TR, STM32WB07CCV7TR, STM32WB07KCV6TR, STM32WB07KCV7TR, STM32WB09KEV6TR, STM32WB09KEV7TR, STM32WB09TEF6TR, STM32WB09TEF7TR, STM32WB1MMCH6, STM32WBA50KGU6, STM32WBA50KGU6TR, STM32WBA52CEU6, STM32WBA52CEU6TR, STM32WBA52CEU7, STM32WBA52CEU7TR, STM32WBA52CGU6, STM32WBA52CGU6TR, STM32WBA52CGU6U, STM32WBA52CGU7, STM32WBA52CGU7TR, STM32WBA52KEU6, STM32WBA52KEU6TR, STM32WBA52KGU6, STM32WBA52KGU6TR, STM32WBA54CEU6, STM32WBA54CEU6TR, STM32WBA54CEU7, STM32WBA54CEU7TR, STM32WBA54CGU6, STM32WBA54CGU6TR, STM32WBA54CGU7, STM32WBA54CGU7TR, STM32WBA54KEU6, STM32WBA54KEU6TR, STM32WBA54KEU7, STM32WBA54KEU7TR, STM32WBA54KGU6, STM32WBA54KGU6TR, STM32WBA54KGU7, STM32WBA54KGU7TR, STM32WBA55CEU6, STM32WBA55CEU6TR, STM32WBA55CEU7, STM32WBA55CEU7TR, STM32WBA55CGU6, STM32WBA55CGU6TR, STM32WBA55CGU6U, STM32WBA55CGU7, STM32WBA55CGU7TR, STM32WBA55G-DK1, STM32WBA55HEF6, STM32WBA55HEF7, STM32WBA55HGF6, STM32WBA55HGF7, STM32WBA55UEI6, STM32WBA55UEI6TR, STM32WBA55UEI7, STM32WBA55UEI7TR, STM32WBA55UGI6, STM32WBA55UGI6TR, STM32WBA55UGI7, STM32WBA55UGI7TR, STM32WBA5MMGH6TR, STM32WBA62MGF6, STM32WBA62MIF6, STM32WBA65MGF7, STM32WBA65MIF6, STM32WBA65MIF7, STM32WL30K8V6, STM32WL30KBV6, STM32WL31C8V6, STM32WL31CBV6, STM32WL31K8V6, STM32WL31KBV6, STM32WL33C8V6, STM32WL33C8V6X, STM32WL33CBV6, STM32WL33CBV6X, STM32WL33CCV6, STM32WL33CCV6A, STM32WL33CCV6X, STM32WL33K8V7, STM32WL33K8V7X, STM32WL33KBV7 , STM32WL33KBV7X, STM32WL33KCV7, STM32WL33KCV7X, STM32WL5MOCH6, STM32WL5MOCH6TR]
2025-10-28 19:27:00,326 [INFO] BoardInfo:889 - No configuration file found for board P-NUCLEO-WB55
2025-10-28 19:27:00,328 [INFO] DbBoards:161 - Kit is not supported: P-NUCLEO-WB55
2025-10-28 19:27:00,349 [INFO] BoardInfo:889 - No configuration file found for board STEVAL-BFA001V1B
2025-10-28 19:27:00,351 [INFO] DbBoards:161 - Kit is not supported: STEVAL-BFA001V1B
2025-10-28 19:27:00,352 [INFO] BoardInfo:889 - No configuration file found for board STEVAL-BFA001V2B
2025-10-28 19:27:00,354 [INFO] DbBoards:161 - Kit is not supported: STEVAL-BFA001V2B
2025-10-28 19:27:00,668 [INFO] DbBoards:168 - Found 212 boards, 209 are supported
2025-10-28 19:27:00,668 [INFO] DbBoards:169 - Found 212 boards, 43 of them is supported for  Bsp
2025-10-28 19:27:00,674 [INFO] ApiDb:668 - CubeFinder database Data Model version=2.1
2025-10-28 19:27:00,674 [INFO] ApiDb:669 - CubeFinder database Configuration version=3.0.39
2025-10-28 19:27:00,674 [INFO] ApiDb:670 - CubeFinder database generation date=2025-08-25 (1756130511)
2025-10-28 19:27:00,674 [INFO] ApiDb:671 - CubeFinder database FW Pack versions=[FP-ATR-ASTRA1_V2.0.0, FP-SNS-FLIGHT1_V5.1.0, FP-SNS-MOTENV1_V5.0.0, FP-SNS-MOTENVWB1_V1.4.0, FP-SNS-SMARTAG2_V1.2.0, FP-SNS-STBOX1_V2.1.0, STM32Cube_FW_C0_V1.4.0, STM32Cube_FW_F4_V1.28.3, STM32Cube_FW_F7_V1.17.4, STM32Cube_FW_G0_V1.6.2, STM32Cube_FW_G4_V1.6.1, STM32Cube_FW_H5_V1.5.0, STM32Cube_FW_H7RS_V1.2.0, STM32Cube_FW_H7_V1.12.1, STM32Cube_FW_L0_V1.12.2, STM32Cube_FW_L4_V1.18.1, STM32Cube_FW_L5_V1.5.1, STM32Cube_FW_N6_V1.2.0, STM32Cube_FW_U0_V1.3.0, STM32Cube_FW_U3_V1.2.0, STM32Cube_FW_U5_V1.8.0, STM32Cube_FW_WB0_V1.3.0, STM32Cube_FW_WBA_V1.7.0, STM32Cube_FW_WB_V1.23.0, STM32Cube_FW_WL3_V1.2.0, STM32Cube_FW_WL_V1.3.1, X-CUBE-ALGOBUILD_V1.4.0, X-CUBE-ALS_V1.0.2, X-CUBE-AZRTOS-F4_V1.1.0, X-CUBE-AZRTOS-F7_V1.1.0, X-CUBE-AZRTOS-G0_V1.1.0, X-CUBE-AZRTOS-G4_V2.0.0, X-CUBE-AZRTOS-H7RS_V1.1.0, X-CUBE-AZRTOS-H7_V3.4.0, X-CUBE-AZRTOS-L4_V2.0.0, X-CUBE-AZRTOS-L5_V2.0.0, X-CUBE-AZRTOS-WB_V2.0.0, X-CUBE-AZRTOS-WL_V2.0.0, X-CUBE-BLE1_V7.1.0, X-CUBE-BLE2_V3.3.0, X-CUBE-BLEMGR_V4.1.0, X-CUBE-EEPRMA1_V5.2.0, X-CUBE-FREERTOS_V1.3.1, X-CUBE-GNSS1_V6.0.0, X-CUBE-MEMS1_V11.3.0, X-CUBE-NFC4_V3.0.0, X-CUBE-NFC7_V2.0.0, X-CUBE-SFXS2LP1_V4.0.0, X-CUBE-ST67W61_V1.0.0, X-CUBE-SUBG2_V5.0.0, X-CUBE-TOF1_V3.4.3]
2025-10-28 19:27:03,211 [INFO] ApiDb:240 - Found 880 in-development CPN: [B-G473E-ZEST1S, B-WB1M-WPAN1, B-WBA5M-WPAN, B-WL5M-SUBG1, NUCLEO-C031C6, NUCLEO-C051C8, NUCLEO-C071RB, NUCLEO-C092RC, NUCLEO-H503RB, NUCLEO-H533RE, NUCLEO-H563ZI, NUCLEO-H7S3L8, NUCLEO-N657X0-Q, NUCLEO-U031R8, NUCLEO-U083RC, NUCLEO-U385RG-Q, NUCLEO-U545RE-Q, NUCLEO-U5A5ZJ-Q, NUCLEO-WB05KZ, NUCLEO-WB07CC, NUCLEO-WB09KE, NUCLEO-WBA52CG, NUCLEO-WBA55CG, NUCLEO-WL33CC1, NUCLEO-WL33CC2, STEVAL-PROTEUS1, STEVAL-SMARTAG2, STEVAL-STWINBX1, STM320518-EVAL, STM32C0116-DK, STM32C011D6Y3TR, STM32C011D6Y6TR, STM32C011F4P3, STM32C011F4P6, STM32C011F4U3, STM32C011F4U6TR, STM32C011F6P3, STM32C011F6P6, STM32C011F6U3, STM32C011F6U6TR, STM32C011J4M3, STM32C011J4M6, STM32C011J6M3, STM32C011J6M6, STM32C0316-DK, STM32C031C4T3, STM32C031C4T6, STM32C031C4U3, STM32C031C4U6, STM32C031C6T3, STM32C031C6T6, STM32C031C6U3, STM32C031C6U6, STM32C031F4P3, STM32C031F4P6, STM32C031F6P3, STM32C031F6P6, STM32C031G4U3, STM32C031G4U6, STM32C031G6U3, STM32C031G6U6, STM32C031K4T3, STM32C031K4T6, STM32C031K4U3, STM32C031K4U6, STM32C031K6T3, STM32C031K6T6, STM32C031K6U3, STM32C031K6U6, STM32C051C6T6, STM32C051C6U6, STM32C051C8T6, STM32C051C8U6, STM32C051D8Y6TR, STM32C051F6P6, STM32C051F8P6, STM32C051G6U6, STM32C051G8U6, STM32C051K6T6, STM32C051K6U6, STM32C051K8T6, STM32C071C8T6, STM32C071C8T6N, STM32C071C8U6, STM32C071C8U6N, STM32C071CBT6, STM32C071CBT6N, STM32C071CBU6, STM32C071CBU6N, STM32C071F8P6, STM32C071F8P6N, STM32C071FBP6, STM32C071FBP6N, STM32C071FBY6TR, STM32C071G8U6, STM32C071G8U6N, STM32C071GBU6, STM32C071GBU6N, STM32C071K8T6, STM32C071K8T6N, STM32C071K8U6, STM32C071K8U6N, STM32C071KBT6, STM32C071KBT6N, STM32C071KBU6, STM32C071KBU6N, STM32C071R8T6, STM32C071R8T6N, STM32C071RBI6N, STM32C071RBT6, STM32C071RBT6N, STM32C091CBT6, STM32C091CBU6, STM32C091CCT6, STM32C091CCU6, STM32C091ECY6TR, STM32C091FBP6, STM32C091FCP6, STM32C091GBU6, STM32C091GCU6, STM32C091KBT6, STM32C091KBU6, STM32C091KCT6, STM32C091KCU6, STM32C091RBT6, STM32C091RCI6, STM32C091RCT6, STM32C092CBT6, STM32C092CBU6, STM32C092CCT6, STM32C092CCU6, STM32C092ECY6TR, STM32C092FBP6, STM32C092FCP6, STM32C092GBU6, STM32C092GCU6, STM32C092KBT6, STM32C092KBU6, STM32C092KCT6, STM32C092KCU6, STM32C092RBT6, STM32C092RCI6, STM32C092RCT6, STM32G071K8TXN, STM32G071K8UXN, STM32G081GBU6N, STM32G081KBT6N, STM32G081KBUXN, STM32G0B1CCT6N, STM32G0B1KCT6, STM32G0B1NEY6TR, STM32G0B1RCT6N, STM32G0C1CCT6, STM32G0C1CCT6N, STM32G0C1CCU6N, STM32G0C1CET6N, STM32G0C1CEU6N, STM32G0C1KCT6, STM32G0C1NEY6TR, STM32G0C1RCI6N, STM32G0C1RCT6N, STM32G0C1REI6N, STM32G0C1RET6N, STM32G0C1VCI6, STM32G0C1VEI6, STM32G411C6T3, STM32G411C6T6, STM32G411C6U3, STM32G411C6U6, STM32G411C8T3, STM32G411C8T6, STM32G411C8U3, STM32G411C8U6, STM32G411CBT3, STM32G411CBT6, STM32G411CBU3, STM32G411CBU6, STM32G411K6T3, STM32G411K6T6, STM32G411K6U3, STM32G411K6U6, STM32G411K8T3, STM32G411K8T6, STM32G411K8U3, STM32G411K8U6, STM32G411KBT3, STM32G411KBT6, STM32G411KBU3, STM32G411KBU6, STM32G411M6T3, STM32G411M6T6, STM32G411M8T3, STM32G411M8T6, STM32G411MBT3, STM32G411MBT6, STM32G411R6T3, STM32G411R6T6, STM32G411R8T3, STM32G411R8T6, STM32G411RBT3, STM32G411RBT6, STM32G414CBT3, STM32G414CBT6, STM32G414CBU3, STM32G414CBU6, STM32G414CCT3, STM32G414CCT6, STM32G414CCU3, STM32G414CCU6, STM32G414MBT3, STM32G414MBT6, STM32G414MCT3, STM32G414MCT6, STM32G414RBT3, STM32G414RBT6, STM32G414RCT3, STM32G414RCT6, STM32G414VBT3, STM32G414VBT6, STM32G414VCT3, STM32G414VCT6, STM32G431CBT3Z, STM32G431RBT3Z, STM32G471CCT6, STM32G471CCU6, STM32G471CET3, STM32G471CET6, STM32G471CEU3, STM32G471CEU6, STM32G471MCT6, STM32G471MET3, STM32G471MET6, STM32G471MEY6TR, STM32G471QCT6, STM32G471QET3, STM32G471RCT6, STM32G471RET3, STM32G471RET6, STM32G471VCH6, STM32G471VCI6, STM32G471VCT6, STM32G471VEH3, STM32G471VEH6, STM32G471VEI3, STM32G471VEI6, STM32G471VET3, STM32G471VET6, STM32G473QET3Z, STM32G473RET3Z, STM32G474CCT6, STM32G491RET3Z, STM32H503CBT6, STM32H503CBU6, STM32H503EBY6TR, STM32H503KBU6, STM32H503RBT6, STM32H523CCT6, STM32H523CCU6, STM32H523CET6, STM32H523CEU6, STM32H523HEY6TR, STM32H523RCT6, STM32H523RET6, STM32H523VCI6, STM32H523VCT6, STM32H523VEI6, STM32H523VET6, STM32H523ZCJ6, STM32H523ZCT6, STM32H523ZEJ6, STM32H523ZET6, STM32H533CET6, STM32H533CEU6, STM32H533HEY6TR, STM32H533RET6, STM32H533VEI6, STM32H533VET6, STM32H533ZEJ6, STM32H533ZET6, STM32H562AGI6, STM32H562AII6, STM32H562IGK6, STM32H562IGT6, STM32H562IIK6, STM32H562IIT6, STM32H562RGT6, STM32H562RGV6, STM32H562RIT6, STM32H562RIV6, STM32H562VGT6, STM32H562VIT6, STM32H562ZGT6, STM32H562ZIT6, STM32H563AGI6, STM32H563AII3Q, STM32H563AII6, STM32H563IGK6, STM32H563IGT6, STM32H563IIK3Q, STM32H563IIK6, STM32H563IIT3Q, STM32H563IIT6, STM32H563MIY3QTR, STM32H563RGT6, STM32H563RGV6, STM32H563RIT6, STM32H563RIV6, STM32H563VGT6, STM32H563VIT3Q, STM32H563VIT6, STM32H563ZGT6, STM32H563ZIT3Q, STM32H563ZIT6, STM32H573AII3Q, STM32H573AII6, STM32H573I-DK, STM32H573IIK3Q, STM32H573IIK6, STM32H573IIT3Q, STM32H573IIT6, STM32H573MIY3QTR, STM32H573RIT6, STM32H573RIV6, STM32H573VIT3Q, STM32H573VIT6, STM32H573ZIT3Q, STM32H573ZIT6, STM32H7R3A8I6, STM32H7R3I8K6, STM32H7R3I8T6, STM32H7R3L8H6, STM32H7R3L8H6H, STM32H7R3R8V6, STM32H7R3V8H6, STM32H7R3V8T6, STM32H7R3V8Y6TR, STM32H7R3Z8J6, STM32H7R3Z8T6, STM32H7R7A8I6, STM32H7R7I8K6, STM32H7R7I8T6, STM32H7R7L8H6, STM32H7R7L8H6H, STM32H7R7Z8J6, STM32H7S3A8I6, STM32H7S3I8K6, STM32H7S3I8T6, STM32H7S3L8H6, STM32H7S3L8H6H, STM32H7S3R8V6, STM32H7S3V8H6, STM32H7S3V8T6, STM32H7S3V8Y6TR, STM32H7S3Z8J6, STM32H7S3Z8T6, STM32H7S78-DK, STM32H7S7A8I6, STM32H7S7I8K6, STM32H7S7I8T6, STM32H7S7L8H6, STM32H7S7L8H6H, STM32H7S7Z8J6, STM32L4R5QGI6STR, STM32MP131AAE3, STM32MP131AAF3, STM32MP131AAG3, STM32MP131CAE3, STM32MP131CAF3, STM32MP131CAG3, STM32MP131DAE7, STM32MP131DAF7, STM32MP131DAG7, STM32MP131FAE7, STM32MP131FAF7, STM32MP131FAG7, STM32MP133AAE3, STM32MP133AAF3, STM32MP133AAG3, STM32MP133CAE3, STM32MP133CAF3, STM32MP133CAG3, STM32MP133DAE7, STM32MP133DAF7, STM32MP133DAG7, STM32MP133FAE7, STM32MP133FAF7, STM32MP133FAG7, STM32MP135AAE3, STM32MP135AAF3, STM32MP135AAG3, STM32MP135CAE3, STM32MP135CAF3, STM32MP135CAG3, STM32MP135DAE7, STM32MP135DAF7, STM32MP135DAG7, STM32MP135F-DK, STM32MP135FAE7, STM32MP135FAF7, STM32MP135FAF7T, STM32MP135FAF7U, STM32MP135FAG7, STM32MP211AAL3, STM32MP211AAM3, STM32MP211AAN3, STM32MP211AAO3, STM32MP211CAL3, STM32MP211CAM3, STM32MP211CAN3, STM32MP211CAO3, STM32MP211DAL3, STM32MP211DAM3, STM32MP211DAN3, STM32MP211DAO3, STM32MP211FAL3, STM32MP211FAM3, STM32MP211FAN3, STM32MP211FAO3, STM32MP213AAL3, STM32MP213AAM3, STM32MP213AAN3, STM32MP213AAO3, STM32MP213CAL3, STM32MP213CAM3, STM32MP213CAN3, STM32MP213CAO3, STM32MP213DAL3, STM32MP213DAM3, STM32MP213DAN3, STM32MP213DAO3, STM32MP213FAL3, STM32MP213FAM3, STM32MP213FAN3, STM32MP213FAO3, STM32MP215AAL3, STM32MP215AAM3, STM32MP215AAN3, STM32MP215AAO3, STM32MP215CAL3, STM32MP215CAM3, STM32MP215CAN3, STM32MP215CAO3, STM32MP215DAL3, STM32MP215DAM3, STM32MP215DAN3, STM32MP215DAO3, STM32MP215F-DK, STM32MP215FAL3, STM32MP215FAM3, STM32MP215FAN3, STM32MP215FAO3, STM32MP231AAJ3, STM32MP231AAK3, STM32MP231AAL3, STM32MP231CAJ3, STM32MP231CAK3, STM32MP231CAL3, STM32MP231DAJ3, STM32MP231DAK3, STM32MP231DAL3, STM32MP231FAJ3, STM32MP231FAK3, STM32MP231FAL3, STM32MP233AAJ3, STM32MP233AAK3, STM32MP233AAL3, STM32MP233CAJ3, STM32MP233CAK3, STM32MP233CAL3, STM32MP233DAJ3, STM32MP233DAK3, STM32MP233DAL3, STM32MP233FAJ3, STM32MP233FAK3, STM32MP233FAL3, STM32MP235AAJ3, STM32MP235AAK3, STM32MP235AAL3, STM32MP235CAJ3, STM32MP235CAK3, STM32MP235CAL3, STM32MP235DAJ3, STM32MP235DAK3, STM32MP235DAL3, STM32MP235FAJ3, STM32MP235FAK3, STM32MP235FAL3, STM32MP251AAI3, STM32MP251AAK3, STM32MP251AAL3, STM32MP251CAI3, STM32MP251CAK3, STM32MP251CAL3, STM32MP251DAI3, STM32MP251DAK3, STM32MP251DAL3, STM32MP251FAI3, STM32MP251FAK3, STM32MP251FAL3, STM32MP253AAI3, STM32MP253AAK3, STM32MP253AAL3, STM32MP253CAI3, STM32MP253CAK3, STM32MP253CAL3, STM32MP253DAI3, STM32MP253DAK3, STM32MP253DAL3, STM32MP253FAI3, STM32MP253FAK3, STM32MP253FAL3, STM32MP255AAI3, STM32MP255AAK3, STM32MP255AAL3, STM32MP255CAI3, STM32MP255CAK3, STM32MP255CAL3, STM32MP255DAI3, STM32MP255DAK3, STM32MP255DAL3, STM32MP255FAI3, STM32MP255FAK3, STM32MP255FAL3, STM32MP257AAI3, STM32MP257AAK3, STM32MP257AAL3, STM32MP257CAI3, STM32MP257CAK3, STM32MP257CAL3, STM32MP257DAI3, STM32MP257DAK3, STM32MP257DAL3, STM32MP257F-DK, STM32MP257F-EV1, STM32MP257FAI3, STM32MP257FAK3, STM32MP257FAL3, STM32N645A0H3Q, STM32N645B0H3Q, STM32N645I0H3Q, STM32N645L0H3Q, STM32N645X0H3Q, STM32N645Z0H3Q, STM32N647A0H3Q, STM32N647B0H3Q, STM32N647I0H3Q, STM32N647L0H3Q, STM32N647X0H3Q, STM32N647Z0H3Q, STM32N655A0H3Q, STM32N655B0H3Q, STM32N655I0H3Q, STM32N655L0H3Q, STM32N655X0H3Q, STM32N655Z0H3Q, STM32N6570-DK, STM32N657A0H3Q, STM32N657B0H3Q, STM32N657I0H3Q, STM32N657L0H3Q, STM32N657X0H3Q, STM32N657Z0H3Q, STM32U031C6T6, STM32U031C6U6, STM32U031C8T6, STM32U031C8U6, STM32U031F4P6, STM32U031F6P6, STM32U031F8P6, STM32U031G6Y6TR, STM32U031G8Y6TR, STM32U031K4U6, STM32U031K6U6, STM32U031K8U6, STM32U031R6I6, STM32U031R6T6, STM32U031R8I6, STM32U031R8T6, STM32U073C8T6, STM32U073C8U6, STM32U073CBT6, STM32U073CBU6, STM32U073CCT6, STM32U073CCU6, STM32U073H8Y6TR, STM32U073HBY6TR, STM32U073HCY6TR, STM32U073K8U6, STM32U073KBU6, STM32U073KCU6, STM32U073M8I6, STM32U073M8T6, STM32U073MBI6, STM32U073MBT6, STM32U073MCI6, STM32U073MCT6, STM32U073R8I6, STM32U073R8T6, STM32U073RBI6, STM32U073RBT6, STM32U073RCI6, STM32U073RCT6, STM32U083C-DK, STM32U083CCT6, STM32U083CCU6, STM32U083HCY6TR, STM32U083KCU6, STM32U083MCI6, STM32U083MCT6, STM32U083RCI6, STM32U083RCT6, STM32U375CET6, STM32U375CET6Q, STM32U375CEU6, STM32U375CEU6Q, STM32U375CEY6QTR, STM32U375CGT6, STM32U375CGT6Q, STM32U375CGU6, STM32U375CGU6Q, STM32U375CGY6QTR, STM32U375KEU6, STM32U375KGU6, STM32U375REI6, STM32U375REI6Q, STM32U375RET6, STM32U375RET6Q, STM32U375REY6GTR, STM32U375REY6QTR, STM32U375RGI6, STM32U375RGI6Q, STM32U375RGT6, STM32U375RGT6Q, STM32U375RGY6GTR, STM32U375RGY6QTR, STM32U375VEI6, STM32U375VEI6Q, STM32U375VET6, STM32U375VET6Q, STM32U375VGI6, STM32U375VGI6Q, STM32U375VGT6, STM32U375VGT6Q, STM32U385CGT6, STM32U385CGT6Q, STM32U385CGU6, STM32U385CGU6Q, STM32U385CGY6QTR, STM32U385KGU6, STM32U385RGI6, STM32U385RGI6Q, STM32U385RGT6, STM32U385RGT6Q, STM32U385RGY6GTR, STM32U385RGY6QTR, STM32U385VGI6, STM32U385VGI6Q, STM32U385VGT6, STM32U385VGT6Q, STM32U535CBT6, STM32U535CBT6Q, STM32U535CBU6, STM32U535CBU6Q, STM32U535CCT6, STM32U535CCT6Q, STM32U535CCU6, STM32U535CCU6Q, STM32U535CET6, STM32U535CET6Q, STM32U535CEU6, STM32U535CEU6Q, STM32U535JEY6QTR, STM32U535NCY6QTR, STM32U535NEY6QTR, STM32U535RBI6, STM32U535RBI6Q, STM32U535RBT6, STM32U535RBT6Q, STM32U535RCI6, STM32U535RCI6Q, STM32U535RCT6, STM32U535RCT6Q, STM32U535REI6, STM32U535REI6Q, STM32U535RET6, STM32U535RET6Q, STM32U535VCI6, STM32U535VCI6Q, STM32U535VCT6, STM32U535VCT6Q, STM32U535VEI6, STM32U535VEI6Q, STM32U535VET6, STM32U535VET6Q, STM32U545CET6, STM32U545CET6Q, STM32U545CEU6, STM32U545CEU6Q, STM32U545JEY6QTR, STM32U545NEY6QTR, STM32U545REI6, STM32U545REI6Q, STM32U545RET6, STM32U545RET6Q, STM32U545VEI6, STM32U545VEI6Q, STM32U545VET6, STM32U545VET6Q, STM32U595AIH6, STM32U595AIH6Q, STM32U595AJH6, STM32U595AJH6Q, STM32U595QII6, STM32U595QII6Q, STM32U595QJI6, STM32U595QJI6Q, STM32U595RIT6, STM32U595RIT6Q, STM32U595RJT6, STM32U595RJT6Q, STM32U595VIT6, STM32U595VIT6Q, STM32U595VJT6, STM32U595VJT6Q, STM32U595ZIT6, STM32U595ZIT6Q, STM32U595ZIY6QTR, STM32U595ZJT6, STM32U595ZJT6Q, STM32U595ZJY6QTR, STM32U599BJY6QTR, STM32U599NIH6Q, STM32U599NJH6Q, STM32U599VIT6Q, STM32U599VJT6, STM32U599VJT6Q, STM32U599ZIT6Q, STM32U599ZIY6QTR, STM32U599ZJT6Q, STM32U599ZJY6QTR, STM32U5A5AJH6, STM32U5A5AJH6Q, STM32U5A5QII3Q , STM32U5A5QJI6, STM32U5A5QJI6Q, STM32U5A5RJT6, STM32U5A5RJT6Q, STM32U5A5VJT6, STM32U5A5VJT6Q, STM32U5A5ZJT6, STM32U5A5ZJT6Q, STM32U5A5ZJY6QTR, STM32U5A9BJY6QTR, STM32U5A9J-DK, STM32U5A9NJH6Q, STM32U5A9VJT6Q, STM32U5A9ZJT6Q, STM32U5A9ZJY6QTR, STM32U5F7VIT6, STM32U5F7VIT6Q, STM32U5F7VJT6, STM32U5F7VJT6Q, STM32U5F9BJY6QTR, STM32U5F9NJH6Q, STM32U5F9VIT6Q, STM32U5F9VJT6Q, STM32U5F9ZIJ6QTR, STM32U5F9ZIT6Q, STM32U5F9ZJJ6QTR, STM32U5F9ZJT6Q, STM32U5G7VJT6, STM32U5G7VJT6Q, STM32U5G9BJY6QTR, STM32U5G9J-DK1, STM32U5G9J-DK2, STM32U5G9NJH6Q, STM32U5G9VJT6Q, STM32U5G9ZJJ6QTR, STM32U5G9ZJT6Q, STM32WB05KZV6TR, STM32WB05KZV7TR, STM32WB05TZF6TR, STM32WB05TZF7TR, STM32WB06CCF6TR, STM32WB06CCF7TR, STM32WB06CCV6TR, STM32WB06CCV7TR, STM32WB06KCV6TR, STM32WB06KCV7TR, STM32WB07CCF6TR, STM32WB07CCF7TR, STM32WB07CCV6TR, STM32WB07CCV7TR, STM32WB07KCV6TR, STM32WB07KCV7TR, STM32WB09KEV6TR, STM32WB09KEV7TR, STM32WB09TEF6TR, STM32WB09TEF7TR, STM32WB1MMCH6, STM32WBA50KGU6, STM32WBA50KGU6TR, STM32WBA52CEU6, STM32WBA52CEU6TR, STM32WBA52CEU7, STM32WBA52CEU7TR, STM32WBA52CGU6, STM32WBA52CGU6TR, STM32WBA52CGU6U, STM32WBA52CGU7, STM32WBA52CGU7TR, STM32WBA52KEU6, STM32WBA52KEU6TR, STM32WBA52KGU6, STM32WBA52KGU6TR, STM32WBA54CEU6, STM32WBA54CEU6TR, STM32WBA54CEU7, STM32WBA54CEU7TR, STM32WBA54CGU6, STM32WBA54CGU6TR, STM32WBA54CGU7, STM32WBA54CGU7TR, STM32WBA54KEU6, STM32WBA54KEU6TR, STM32WBA54KEU7, STM32WBA54KEU7TR, STM32WBA54KGU6, STM32WBA54KGU6TR, STM32WBA54KGU7, STM32WBA54KGU7TR, STM32WBA55CEU6, STM32WBA55CEU6TR, STM32WBA55CEU7, STM32WBA55CEU7TR, STM32WBA55CGU6, STM32WBA55CGU6TR, STM32WBA55CGU6U, STM32WBA55CGU7, STM32WBA55CGU7TR, STM32WBA55G-DK1, STM32WBA55HEF6, STM32WBA55HEF7, STM32WBA55HGF6, STM32WBA55HGF7, STM32WBA55UEI6, STM32WBA55UEI6TR, STM32WBA55UEI7, STM32WBA55UEI7TR, STM32WBA55UGI6, STM32WBA55UGI6TR, STM32WBA55UGI7, STM32WBA55UGI7TR, STM32WBA5MMGH6TR, STM32WBA62MGF6, STM32WBA62MIF6, STM32WBA65MGF7, STM32WBA65MIF6, STM32WBA65MIF7, STM32WL30K8V6, STM32WL30KBV6, STM32WL31C8V6, STM32WL31CBV6, STM32WL31K8V6, STM32WL31KBV6, STM32WL33C8V6, STM32WL33C8V6X, STM32WL33CBV6, STM32WL33CBV6X, STM32WL33CCV6, STM32WL33CCV6A, STM32WL33CCV6X, STM32WL33K8V7, STM32WL33K8V7X, STM32WL33KBV7 , STM32WL33KBV7X, STM32WL33KCV7, STM32WL33KCV7X, STM32WL5MOCH6, STM32WL5MOCH6TR]
2025-10-28 19:27:03,218 [INFO] DbMcus:218 - Found 4801 MCUs, 4801 are supported
2025-10-28 19:27:03,219 [INFO] ApiDb:423 - Load user favorites file C:\Users\rolni/.stm32cubeide/favorites.mcus.txt: 3 item(s)
2025-10-28 19:27:03,219 [INFO] ApiDb:427 - User favorites MCUs=[STM32F303K8T6, STM32F413ZHT6, STM32H755ZIT6]
2025-10-28 19:27:03,219 [INFO] DbMcus:224 - Set 3 / 3 favorites MCUs
2025-10-28 19:27:03,936 [INFO] ApiDb:423 - Load user favorites file C:\Users\rolni/.stm32cubeide/favorites.boards.txt: 1 item(s)
2025-10-28 19:27:03,936 [INFO] ApiDb:427 - User favorites Boards=[NUCLEO-F413ZH]
2025-10-28 19:27:03,937 [INFO] DbBoards:198 - Set 1 / 1 favorites Boards
2025-10-28 19:27:04,041 [INFO] UtilMem:75 - End LoadConfig() Used Memory: 402468920 Bytes (531628032)
2025-10-28 19:27:04,339 [WARN] ThirdParty:833 - waiting for thirdparty lock release [change project]
2025-10-28 19:27:04,339 [INFO] ThirdParty:835 - entering critical section [change project]
2025-10-28 19:27:04,339 [INFO] ThirdParty:1030 - CMSIS Pack Vendor :STMicroelectronics X-CUBE-PM33A1 1.0.0
2025-10-28 19:27:04,340 [INFO] ThirdParty:1030 - CMSIS Pack Vendor :STMicroelectronics USBPD 4.1
2025-10-28 19:27:04,340 [INFO] ThirdParty:1030 - CMSIS Pack Vendor :STMicroelectronics X-CUBE-GNSS1 6.0.0
2025-10-28 19:27:04,340 [INFO] ThirdParty:1030 - CMSIS Pack Vendor :STMicroelectronics USB_HOST 2.0.0
2025-10-28 19:27:04,340 [INFO] ThirdParty:1030 - CMSIS Pack Vendor :STMicroelectronics FP-SNS-MOTENVWB1 1.4.0
2025-10-28 19:27:04,340 [INFO] ThirdParty:1030 - CMSIS Pack Vendor :STMicroelectronics X-CUBE-AZRTOS-F4 1.1.0
2025-10-28 19:27:04,340 [INFO] ThirdParty:1030 - CMSIS Pack Vendor :STMicroelectronics LIBJPEG 8.0.0
2025-10-28 19:27:04,340 [INFO] ThirdParty:1030 - CMSIS Pack Vendor :STMicroelectronics FP-ATR-ASTRA1 2.0.2
2025-10-28 19:27:04,340 [INFO] ThirdParty:1030 - CMSIS Pack Vendor :Avnet-IotConnect X-CUBE-IoTC-DA16k-PMOD 1.0.0
2025-10-28 19:27:04,340 [INFO] ThirdParty:1030 - CMSIS Pack Vendor :STMicroelectronics X-CUBE-SMBUS 2.1.0
2025-10-28 19:27:04,340 [INFO] ThirdParty:1030 - CMSIS Pack Vendor :STMicroelectronics X-CUBE-ISPU 2.1.0
2025-10-28 19:27:04,340 [INFO] ThirdParty:1030 - CMSIS Pack Vendor :STMicroelectronics X-CUBE-IPS 3.2.0
2025-10-28 19:27:04,340 [INFO] ThirdParty:1030 - CMSIS Pack Vendor :STMicroelectronics X-CUBE-FREERTOS 1.2.0
2025-10-28 19:27:04,340 [INFO] ThirdParty:1030 - CMSIS Pack Vendor :STMicroelectronics X-CUBE-ST60 1.0.0
2025-10-28 19:27:04,340 [INFO] ThirdParty:1030 - CMSIS Pack Vendor :STMicroelectronics X-CUBE-NFC12 1.0.0
2025-10-28 19:27:04,340 [INFO] ThirdParty:1030 - CMSIS Pack Vendor :STMicroelectronics X-CUBE-AZRTOS-F7 1.1.0
2025-10-28 19:27:04,340 [INFO] ThirdParty:1030 - CMSIS Pack Vendor :STMicroelectronics X-CUBE-AZRTOS-L5 2.0.0
2025-10-28 19:27:04,341 [INFO] ThirdParty:1030 - CMSIS Pack Vendor :STMicroelectronics USB_DEVICE 2.0.0
2025-10-28 19:27:04,341 [INFO] ThirdParty:1030 - CMSIS Pack Vendor :STMicroelectronics X-CUBE-NFC6 3.1.0
2025-10-28 19:27:04,341 [INFO] ThirdParty:1030 - CMSIS Pack Vendor :STMicroelectronics X-CUBE-MEMS1 11.0.0
2025-10-28 19:27:04,341 [INFO] ThirdParty:1030 - CMSIS Pack Vendor :STMicroelectronics FreeRTOS 0.0.1
2025-10-28 19:27:04,341 [INFO] ThirdParty:1030 - CMSIS Pack Vendor :STMicroelectronics X-CUBE-DPower 1.2.0
2025-10-28 19:27:04,341 [INFO] ThirdParty:1030 - CMSIS Pack Vendor :STMicroelectronics FP-SNS-FLIGHT1 5.0.2
2025-10-28 19:27:04,341 [INFO] ThirdParty:1030 - CMSIS Pack Vendor :STMicroelectronics X-CUBE-AI 9.0.0
2025-10-28 19:27:04,341 [INFO] ThirdParty:1030 - CMSIS Pack Vendor :STMicroelectronics PDM2PCM 3.3.0
2025-10-28 19:27:04,341 [INFO] ThirdParty:1030 - CMSIS Pack Vendor :STMicroelectronics X-CUBE-AZRTOS-H7 3.4.0
2025-10-28 19:27:04,341 [INFO] ThirdParty:1030 - CMSIS Pack Vendor :STMicroelectronics X-CUBE-DISPLAY 3.0.0
2025-10-28 19:27:04,341 [INFO] ThirdParty:1030 - CMSIS Pack Vendor :STMicroelectronics X-CUBE-BLE1 7.0.0
2025-10-28 19:27:04,341 [INFO] ThirdParty:1030 - CMSIS Pack Vendor :STMicroelectronics X-CUBE-NFC10 1.0.0
2025-10-28 19:27:04,341 [INFO] ThirdParty:1030 - CMSIS Pack Vendor :STMicroelectronics X-CUBE-FREERTOS 1.3.1
2025-10-28 19:27:04,341 [INFO] ThirdParty:1030 - CMSIS Pack Vendor :STMicroelectronics HAL Drivers 0.0.0
2025-10-28 19:27:04,341 [INFO] ThirdParty:1030 - CMSIS Pack Vendor :STMicroelectronics X-CUBE-ST60 1.1.0
2025-10-28 19:27:04,342 [INFO] ThirdParty:1030 - CMSIS Pack Vendor :emotas I-CUBE-CANOPEN 1.3.0
2025-10-28 19:27:04,342 [INFO] ThirdParty:1030 - CMSIS Pack Vendor :STMicroelectronics X-CUBE-NFC7 1.0.1
2025-10-28 19:27:04,342 [INFO] ThirdParty:1030 - CMSIS Pack Vendor :STMicroelectronics MBEDTLS 2.14.1
2025-10-28 19:27:04,342 [INFO] ThirdParty:1030 - CMSIS Pack Vendor :wolfSSL I-CUBE-wolfTPM 3.2.0
2025-10-28 19:27:04,342 [INFO] ThirdParty:1030 - CMSIS Pack Vendor :STMicroelectronics X-CUBE-TOUCHGFX 4.26.0
2025-10-28 19:27:04,342 [INFO] ThirdParty:1030 - CMSIS Pack Vendor :STMicroelectronics X-CUBE-BLEMGR 3.1.0
2025-10-28 19:27:04,342 [INFO] ThirdParty:1030 - CMSIS Pack Vendor :STMicroelectronics FP-SNS-STBOX1 2.1.0
2025-10-28 19:27:04,342 [INFO] ThirdParty:1030 - CMSIS Pack Vendor :STMicroelectronics FP-SNS-STAIOTCFT 1.0.0
2025-10-28 19:27:04,342 [INFO] ThirdParty:1030 - CMSIS Pack Vendor :STMicroelectronics FP-SNS-SMARTAG2 1.2.0
2025-10-28 19:27:04,342 [INFO] ThirdParty:1030 - CMSIS Pack Vendor :STMicroelectronics FP-SNS-FLIGHT1 5.1.0
2025-10-28 19:27:04,342 [INFO] ThirdParty:1030 - CMSIS Pack Vendor :STMicroelectronics X-CUBE-AZRTOS-WL 2.0.0
2025-10-28 19:27:04,342 [INFO] ThirdParty:1030 - CMSIS Pack Vendor :STMicroelectronics X-CUBE-DPower 1.3.0
2025-10-28 19:27:04,342 [INFO] ThirdParty:1030 - CMSIS Pack Vendor :STMicroelectronics FP-SNS-MOTENV1 5.0.0
2025-10-28 19:27:04,342 [INFO] ThirdParty:1030 - CMSIS Pack Vendor :STMicroelectronics USB_DEVICE 1.0.0
2025-10-28 19:27:04,342 [INFO] ThirdParty:1030 - CMSIS Pack Vendor :wolfSSL I-CUBE-wolfMQTT 1.19.0
2025-10-28 19:27:04,342 [INFO] ThirdParty:1030 - CMSIS Pack Vendor :STMicroelectronics X-CUBE-AZRTOS-L4 2.0.0
2025-10-28 19:27:04,342 [INFO] ThirdParty:1030 - CMSIS Pack Vendor :STMicroelectronics ThreadX 0.0.2
2025-10-28 19:27:04,342 [INFO] ThirdParty:1030 - CMSIS Pack Vendor :WES I-CUBE-Cesium 1.3.0
2025-10-28 19:27:04,343 [INFO] ThirdParty:1030 - CMSIS Pack Vendor :STMicroelectronics lwIP 2.1.2
2025-10-28 19:27:04,343 [INFO] ThirdParty:1030 - CMSIS Pack Vendor :STMicroelectronics X-CUBE-SFXS2LP1 4.0.0
2025-10-28 19:27:04,343 [INFO] ThirdParty:1030 - CMSIS Pack Vendor :STMicroelectronics X-CUBE-BLE2 3.3.0
2025-10-28 19:27:04,343 [INFO] ThirdParty:1030 - CMSIS Pack Vendor :STMicroelectronics PDM2PCM 3.2.0
2025-10-28 19:27:04,343 [INFO] ThirdParty:1030 - CMSIS Pack Vendor :STMicroelectronics X-CUBE-AZRTOS-H7 3.3.0
2025-10-28 19:27:04,343 [INFO] ThirdParty:1030 - CMSIS Pack Vendor :STMicroelectronics X-CUBE-NFC9 1.0.0
2025-10-28 19:27:04,343 [INFO] ThirdParty:1030 - CMSIS Pack Vendor :STMicroelectronics X-CUBE-BLE1 7.1.0
2025-10-28 19:27:04,343 [INFO] ThirdParty:1030 - CMSIS Pack Vendor :STMicroelectronics USB_DEVICE 3.0.0
2025-10-28 19:27:04,343 [INFO] ThirdParty:1030 - CMSIS Pack Vendor :STMicroelectronics X-CUBE-TCPP 4.1.0
2025-10-28 19:27:04,343 [INFO] ThirdParty:1030 - CMSIS Pack Vendor :STMicroelectronics X-CUBE-EEPRMA1 5.2.0
2025-10-28 19:27:04,343 [INFO] ThirdParty:1030 - CMSIS Pack Vendor :STMicroelectronics X-CUBE-BLEMGR 4.1.0
2025-10-28 19:27:04,343 [INFO] ThirdParty:1030 - CMSIS Pack Vendor :STMicroelectronics X-CUBE-AZRTOS-WB 2.0.0
2025-10-28 19:27:04,343 [INFO] ThirdParty:1030 - CMSIS Pack Vendor :STMicroelectronics X-CUBE-GNSS1 7.0.0
2025-10-28 19:27:04,343 [INFO] ThirdParty:1030 - CMSIS Pack Vendor :STMicroelectronics X-CUBE-GNSS1 7.0.1
2025-10-28 19:27:04,343 [INFO] ThirdParty:1030 - CMSIS Pack Vendor :STMicroelectronics X-CUBE-TOUCHGFX 4.25.0
2025-10-28 19:27:04,343 [INFO] ThirdParty:1030 - CMSIS Pack Vendor :STMicroelectronics X-CUBE-ST67W61 1.1.0
2025-10-28 19:27:04,343 [INFO] ThirdParty:1030 - CMSIS Pack Vendor :STMicroelectronics FP-SNS-STBOX1 2.0.0
2025-10-28 19:27:04,343 [INFO] ThirdParty:1030 - CMSIS Pack Vendor :quantropi X-CUBE-qispace-sdk-base 2.1.0
2025-10-28 19:27:04,343 [INFO] ThirdParty:1030 - CMSIS Pack Vendor :STMicroelectronics X-CUBE-AZRTOS-G0 1.1.0
2025-10-28 19:27:04,343 [INFO] ThirdParty:1030 - CMSIS Pack Vendor :STMicroelectronics X-CUBE-SAFEA1 1.2.2
2025-10-28 19:27:04,343 [INFO] ThirdParty:1030 - CMSIS Pack Vendor :STMicroelectronics X-CUBE-NFC4 3.0.0
2025-10-28 19:27:04,343 [INFO] ThirdParty:1030 - CMSIS Pack Vendor :STMicroelectronics X-CUBE-SUBG2 5.0.0
2025-10-28 19:27:04,343 [INFO] ThirdParty:1030 - CMSIS Pack Vendor :STMicroelectronics X-CUBE-AZRTOS-H7RS 1.1.0
2025-10-28 19:27:04,343 [INFO] ThirdParty:1030 - CMSIS Pack Vendor :STMicroelectronics STM32_WPAN 1.0.0
2025-10-28 19:27:04,343 [INFO] ThirdParty:1030 - CMSIS Pack Vendor :EmbeddedOffice I-CUBE-FS-RTOS 1.0.1
2025-10-28 19:27:04,343 [INFO] ThirdParty:1030 - CMSIS Pack Vendor :STMicroelectronics lwIP 2.0.3
2025-10-28 19:27:04,343 [INFO] ThirdParty:1030 - CMSIS Pack Vendor :Cesanta I-CUBE-Mongoose 7.13.0
2025-10-28 19:27:04,344 [INFO] ThirdParty:1030 - CMSIS Pack Vendor :STMicroelectronics USB_HOST 1.0.0
2025-10-28 19:27:04,344 [INFO] ThirdParty:1030 - CMSIS Pack Vendor :STMicroelectronics X-CUBE-AZRTOS-G4 2.0.0
2025-10-28 19:27:04,344 [INFO] ThirdParty:1030 - CMSIS Pack Vendor :STMicroelectronics X-CUBE-WB05N 2.0.0
2025-10-28 19:27:04,344 [INFO] ThirdParty:1030 - CMSIS Pack Vendor :STMicroelectronics PDM2PCM 3.1.0
2025-10-28 19:27:04,345 [INFO] ThirdParty:1030 - CMSIS Pack Vendor :STMicroelectronics X-CUBE-NFC7 2.0.0
2025-10-28 19:27:04,345 [INFO] ThirdParty:1030 - CMSIS Pack Vendor :STMicroelectronics X-CUBE-TCPP 4.2.0
2025-10-28 19:27:04,346 [INFO] ThirdParty:1030 - CMSIS Pack Vendor :RealThread X-CUBE-RT-Thread_Nano 4.1.1
2025-10-28 19:27:04,346 [INFO] ThirdParty:1030 - CMSIS Pack Vendor :STMicroelectronics FP-ATR-SIGFOX1 3.2.0
2025-10-28 19:27:04,346 [INFO] ThirdParty:1030 - CMSIS Pack Vendor :wolfSSL I-CUBE-wolfSSL 5.7.2
2025-10-28 19:27:04,346 [INFO] ThirdParty:1030 - CMSIS Pack Vendor :STMicroelectronics X-CUBE-ISPU 2.0.0
2025-10-28 19:27:04,346 [INFO] ThirdParty:1030 - CMSIS Pack Vendor :STMicroelectronics X-CUBE-EEPRMA1 5.1.0
2025-10-28 19:27:04,347 [INFO] ThirdParty:1030 - CMSIS Pack Vendor :STMicroelectronics MBEDTLS 2.16.2
2025-10-28 19:27:04,347 [INFO] ThirdParty:1030 - CMSIS Pack Vendor :STMicroelectronics X-CUBE-IPS 3.1.0
2025-10-28 19:27:04,347 [INFO] ThirdParty:1030 - CMSIS Pack Vendor :STMicroelectronics X-CUBE-ALS 1.0.2
2025-10-28 19:27:04,347 [INFO] ThirdParty:1030 - CMSIS Pack Vendor :STMicroelectronics X-CUBE-MEMS1 10.0.0
2025-10-28 19:27:04,347 [INFO] ThirdParty:1030 - CMSIS Pack Vendor :STMicroelectronics X-CUBE-TOUCHGFX 4.24.0
2025-10-28 19:27:04,347 [INFO] ThirdParty:1030 - CMSIS Pack Vendor :ITTIA_DB I-CUBE-ITTIADB 8.9.0
2025-10-28 19:27:04,348 [INFO] ThirdParty:1030 - CMSIS Pack Vendor :STMicroelectronics X-CUBE-TOUCHGFX 4.24.1
2025-10-28 19:27:04,348 [INFO] ThirdParty:1030 - CMSIS Pack Vendor :STMicroelectronics X-CUBE-STSE01 1.0.0
2025-10-28 19:27:04,348 [INFO] ThirdParty:1030 - CMSIS Pack Vendor :portGmbH I-Cube-SoM-uGOAL 1.1.0
2025-10-28 19:27:04,348 [INFO] ThirdParty:1030 - CMSIS Pack Vendor :STMicroelectronics X-CUBE-ST67W61 1.0.0
2025-10-28 19:27:04,348 [INFO] ThirdParty:1030 - CMSIS Pack Vendor :STMicroelectronics X-CUBE-AI 10.2.0
2025-10-28 19:27:04,348 [INFO] ThirdParty:1030 - CMSIS Pack Vendor :STMicroelectronics ThreadX 1.0.0
2025-10-28 19:27:04,349 [INFO] ThirdParty:1030 - CMSIS Pack Vendor :SEGGER I-CUBE-embOS 1.3.1
2025-10-28 19:27:04,349 [INFO] ThirdParty:1030 - CMSIS Pack Vendor :STMicroelectronics X-CUBE-ALGOBUILD 1.4.0
2025-10-28 19:27:04,349 [INFO] ThirdParty:1030 - CMSIS Pack Vendor :STMicroelectronics X-CUBE-MEMS1 11.3.0
2025-10-28 19:27:04,349 [INFO] ThirdParty:1030 - CMSIS Pack Vendor :STMicroelectronics X-CUBE-AZRTOS-H7RS 1.0.0
2025-10-28 19:27:04,349 [INFO] ThirdParty:1030 - CMSIS Pack Vendor :STMicroelectronics FP-ATR-ASTRA1 2.0.0
2025-10-28 19:27:04,349 [INFO] ThirdParty:1030 - CMSIS Pack Vendor :STMicroelectronics X-CUBE-TOF1 3.4.2
2025-10-28 19:27:04,349 [INFO] ThirdParty:1030 - CMSIS Pack Vendor :STMicroelectronics X-CUBE-TOF1 3.4.3
2025-10-28 19:27:04,349 [INFO] ThirdParty:1030 - CMSIS Pack Vendor :STMicroelectronics X-CUBE-TOF1 3.4.1
2025-10-28 19:27:04,349 [INFO] ThirdParty:1030 - CMSIS Pack Vendor :STMicroelectronics X-CUBE-AZRTOS-H7 3.2.0
2025-10-28 19:27:04,349 [INFO] ThirdParty:1030 - CMSIS Pack Vendor :Infineon AIROC-Wi-Fi-Bluetooth-STM32 1.6.0
2025-10-28 19:27:04,349 [INFO] ThirdParty:1030 - CMSIS Pack Vendor :wolfSSL I-CUBE-wolfSSH 1.4.17
2025-10-28 19:27:04,349 [INFO] ThirdParty:841 - exiting critical section [change project]
2025-10-28 19:27:05,304 [INFO] PinOutPanel:1589 - setPackage(No Configuration,No Configuration)
2025-10-28 19:27:05,310 [INFO] PinOutPanel:1589 - setPackage(STM32F303K8Tx,LQFP32)
2025-10-28 19:27:07,056 [INFO] UtilMem:75 - Before build in PCC Used Memory: 535459744 Bytes (662700032)
2025-10-28 19:27:08,635 [INFO] UtilMem:75 - After build in PCC Used Memory: 499951224 Bytes (662700032)
2025-10-28 19:27:08,702 [INFO] IPUIPlugin:80 - create IPUIPlugin
2025-10-28 19:27:08,703 [INFO] IPUIPlugin:80 - create IPUIPlugin
2025-10-28 19:27:08,703 [INFO] IPUIPlugin:80 - create IPUIPlugin
2025-10-28 19:27:08,703 [INFO] IPUIPlugin:80 - create IPUIPlugin
2025-10-28 19:27:08,703 [INFO] IPUIPlugin:80 - create IPUIPlugin
2025-10-28 19:27:08,704 [INFO] IPUIPlugin:80 - create IPUIPlugin
2025-10-28 19:27:08,704 [INFO] IPUIPlugin:80 - create IPUIPlugin
2025-10-28 19:27:08,704 [INFO] IPUIPlugin:80 - create IPUIPlugin
2025-10-28 19:27:08,704 [INFO] IPUIPlugin:80 - create IPUIPlugin
2025-10-28 19:27:08,704 [INFO] IPUIPlugin:80 - create IPUIPlugin
2025-10-28 19:27:08,705 [INFO] IPUIPlugin:80 - create IPUIPlugin
2025-10-28 19:27:08,705 [INFO] IPUIPlugin:80 - create IPUIPlugin
2025-10-28 19:27:08,705 [INFO] IPUIPlugin:80 - create IPUIPlugin
2025-10-28 19:27:08,705 [INFO] IPUIPlugin:80 - create IPUIPlugin
2025-10-28 19:27:08,706 [INFO] IPUIPlugin:80 - create IPUIPlugin
2025-10-28 19:27:08,706 [INFO] IPUIPlugin:80 - create IPUIPlugin
2025-10-28 19:27:08,706 [INFO] IPUIPlugin:80 - create IPUIPlugin
2025-10-28 19:27:08,707 [INFO] IPUIPlugin:80 - create IPUIPlugin
2025-10-28 19:27:08,707 [INFO] IPUIPlugin:80 - create IPUIPlugin
2025-10-28 19:27:08,707 [INFO] IPUIPlugin:80 - create IPUIPlugin
2025-10-28 19:27:08,708 [INFO] IPUIPlugin:80 - create IPUIPlugin
2025-10-28 19:27:08,708 [INFO] IPUIPlugin:80 - create IPUIPlugin
2025-10-28 19:27:08,708 [INFO] IPUIPlugin:80 - create IPUIPlugin
2025-10-28 19:27:08,708 [INFO] IPUIPlugin:80 - create IPUIPlugin
2025-10-28 19:27:08,709 [INFO] IPUIPlugin:80 - create IPUIPlugin
2025-10-28 19:27:08,709 [INFO] IPUIPlugin:80 - create IPUIPlugin
2025-10-28 19:27:08,709 [INFO] IPUIPlugin:80 - create IPUIPlugin
2025-10-28 19:27:08,710 [INFO] IPUIPlugin:80 - create IPUIPlugin
2025-10-28 19:27:08,710 [INFO] IPUIPlugin:80 - create IPUIPlugin
2025-10-28 19:27:08,711 [INFO] IPUIPlugin:80 - create IPUIPlugin
2025-10-28 19:27:08,713 [INFO] IPUIPlugin:80 - create IPUIPlugin
2025-10-28 19:27:08,713 [INFO] IPUIPlugin:80 - create IPUIPlugin
2025-10-28 19:27:08,714 [INFO] IPUIPlugin:80 - create IPUIPlugin
2025-10-28 19:27:08,714 [INFO] IPUIPlugin:80 - create IPUIPlugin
2025-10-28 19:27:09,265 [INFO] CADModel:165 - CPN selected for project levelSTM32F303K8T6
2025-10-28 19:27:09,265 [INFO] CADModel:114 - Register for checkConnection events
2025-10-28 19:27:09,355 [INFO] OpenFileManager:386 - Restore cursor
2025-10-28 19:27:24,661 [ERROR] LogOutputStream:75 - [STDERR_REDIRECT] 
2025-10-28 19:39:39,925 [INFO] Activator:176 - 


2025-10-28 19:39:39,928 [INFO] Activator:177 - !SESSION log4j initialized
2025-10-28 19:39:45,622 [INFO] LogOutputStream:77 - [STDOUT_REDIRECT] 
2025-10-28 19:39:46,779 [INFO] ApplicationProperties:184 - Using Application install path: C:\ST\STM32CubeIDE_1.16.0\STM32CubeIDE\plugins\com.st.stm32cube.common.mx_6.15.0.202507011659
2025-10-28 19:39:46,798 [INFO] DbMcusXml:78 - Set database path to: C:\ST\STM32CubeIDE_1.16.0\STM32CubeIDE\plugins\com.st.stm32cube.common.mx_6.15.0.202507011659\\db\/mcu/
2025-10-28 19:39:46,798 [INFO] ApiDb:274 - Set plugin database path to: C:\ST\STM32CubeIDE_1.16.0\STM32CubeIDE\plugins\com.st.stm32cube.common.mx_6.15.0.202507011659\\db\/plugins/boardmanager/
2025-10-28 19:39:46,799 [WARN] ApiDb:259 - Overriding images path with different value:  => C:\ST\STM32CubeIDE_1.16.0\STM32CubeIDE\plugins\com.st.stm32cube.common.mx_6.15.0.202507011659\\db\/plugins/mcufinder/images/
2025-10-28 19:39:46,807 [INFO] ApiDb:250 - Set database path to: C:\Users\rolni\.stmcufinder\plugins\mcufinder//mcu/
2025-10-28 19:39:46,809 [INFO] DbMcusAds:125 - Set database path to: C:\Users\rolni\.stmcufinder\plugins\mcufinder//mcu/
2025-10-28 19:39:46,811 [INFO] CrossReferenceDbSqlite:203 - Set database path to: C:\Users\rolni\.stmcufinder\plugins\mcufinder//mcu/cs/
2025-10-28 19:39:46,932 [INFO] RulesReader:64 - Compatibility file has been processed (317 Rules)
2025-10-28 19:39:47,017 [INFO] DbMcusXml:78 - Set database path to: C:\ST\STM32CubeIDE_1.16.0\STM32CubeIDE\plugins\com.st.stm32cube.common.mx_6.15.0.202507011659\\db\/mcu/
2025-10-28 19:39:47,017 [INFO] ApiDb:274 - Set plugin database path to: C:\ST\STM32CubeIDE_1.16.0\STM32CubeIDE\plugins\com.st.stm32cube.common.mx_6.15.0.202507011659\\db\/plugins/boardmanager/
2025-10-28 19:39:47,017 [INFO] ApiDb:261 - Set plugin images path to: C:\ST\STM32CubeIDE_1.16.0\STM32CubeIDE\plugins\com.st.stm32cube.common.mx_6.15.0.202507011659\\db\/plugins/mcufinder/images/
2025-10-28 19:39:47,017 [WARN] DbFile:41 - Overriding database path with different value: C:\Users\rolni\.stmcufinder\plugins\mcufinder/ => C:\Users\rolni\.stmcufinder\plugins\mcufinder
2025-10-28 19:39:47,017 [INFO] ApiDb:250 - Set database path to: C:\Users\rolni\.stmcufinder\plugins\mcufinder//mcu/
2025-10-28 19:39:47,017 [WARN] DbFile:41 - Overriding database path with different value: C:\Users\rolni\.stmcufinder\plugins\mcufinder/ => C:\Users\rolni\.stmcufinder\plugins\mcufinder
2025-10-28 19:39:47,017 [INFO] DbMcusAds:125 - Set database path to: C:\Users\rolni\.stmcufinder\plugins\mcufinder//mcu/
2025-10-28 19:39:47,017 [WARN] DbFile:41 - Overriding database path with different value: C:\Users\rolni\.stmcufinder\plugins\mcufinder/ => C:\Users\rolni\.stmcufinder\plugins\mcufinder
2025-10-28 19:39:47,017 [WARN] DbFile:41 - Overriding database path with different value: C:\Users\rolni\.stmcufinder\plugins\mcufinder/ => C:\Users\rolni\.stmcufinder\plugins\mcufinder
2025-10-28 19:39:47,017 [INFO] CrossReferenceDbSqlite:203 - Set database path to: C:\Users\rolni\.stmcufinder\plugins\mcufinder//mcu/cs/
2025-10-28 19:39:47,108 [INFO] MainPanel:274 - HeapMemory: 268435456
2025-10-28 19:39:47,196 [INFO] DbMcusXml:78 - Set database path to: C:\ST\STM32CubeIDE_1.16.0\STM32CubeIDE\plugins\com.st.stm32cube.common.mx_6.15.0.202507011659\\db\/mcu/
2025-10-28 19:39:47,196 [INFO] ApiDb:274 - Set plugin database path to: C:\ST\STM32CubeIDE_1.16.0\STM32CubeIDE\plugins\com.st.stm32cube.common.mx_6.15.0.202507011659\\db\/plugins/boardmanager/
2025-10-28 19:39:47,196 [INFO] ApiDb:261 - Set plugin images path to: C:\ST\STM32CubeIDE_1.16.0\STM32CubeIDE\plugins\com.st.stm32cube.common.mx_6.15.0.202507011659\\db\/plugins/mcufinder/images/
2025-10-28 19:39:47,196 [WARN] DbFile:41 - Overriding database path with different value: C:\Users\rolni\.stmcufinder\plugins\mcufinder/ => C:\Users\rolni\.stmcufinder\plugins\mcufinder
2025-10-28 19:39:47,196 [INFO] ApiDb:250 - Set database path to: C:\Users\rolni\.stmcufinder\plugins\mcufinder//mcu/
2025-10-28 19:39:47,196 [WARN] DbFile:41 - Overriding database path with different value: C:\Users\rolni\.stmcufinder\plugins\mcufinder/ => C:\Users\rolni\.stmcufinder\plugins\mcufinder
2025-10-28 19:39:47,196 [INFO] DbMcusAds:125 - Set database path to: C:\Users\rolni\.stmcufinder\plugins\mcufinder//mcu/
2025-10-28 19:39:47,196 [WARN] DbFile:41 - Overriding database path with different value: C:\Users\rolni\.stmcufinder\plugins\mcufinder/ => C:\Users\rolni\.stmcufinder\plugins\mcufinder
2025-10-28 19:39:47,196 [WARN] DbFile:41 - Overriding database path with different value: C:\Users\rolni\.stmcufinder\plugins\mcufinder/ => C:\Users\rolni\.stmcufinder\plugins\mcufinder
2025-10-28 19:39:47,196 [INFO] CrossReferenceDbSqlite:203 - Set database path to: C:\Users\rolni\.stmcufinder\plugins\mcufinder//mcu/cs/
2025-10-28 19:39:47,217 [INFO] ApplicationProperties:184 - Using Application install path: C:\ST\STM32CubeIDE_1.16.0\STM32CubeIDE\plugins\com.st.stm32cube.common.mx_6.15.0.202507011659
2025-10-28 19:39:47,217 [INFO] PluginManage:196 - Search for loadable plugins [exclusion list=, ]
2025-10-28 19:39:47,217 [INFO] PluginManage:310 - Check plugin analytics
2025-10-28 19:39:47,400 [INFO] AnalyticsPlugin:253 - Accepted Software Licenses: 
2025-10-28 19:39:47,400 [INFO] AnalyticsPlugin:255 - Accepted CMSIS Pack Licenses: 
2025-10-28 19:39:47,400 [INFO] AnalyticsPlugin:257 - Accepted Firmware Licenses: FW.F4.1.28.0
2025-10-28 19:39:47,411 [INFO] PluginManage:359 - Loaded plugin analytics (category:tool,tabindex:-1)
2025-10-28 19:39:47,411 [INFO] PluginManage:310 - Check plugin cadmodel
2025-10-28 19:39:47,416 [INFO] CADModel:105 - Init CAD model plugin
2025-10-28 19:39:47,416 [INFO] PluginManage:359 - Loaded plugin cadmodel (category:power,tabindex:5)
2025-10-28 19:39:47,416 [INFO] PluginManage:310 - Check plugin clock
2025-10-28 19:39:47,427 [INFO] PluginManage:359 - Loaded plugin clock (category:base,tabindex:2)
2025-10-28 19:39:47,427 [INFO] PluginManage:310 - Check plugin ddr
2025-10-28 19:39:47,431 [INFO] PluginManage:359 - Loaded plugin ddr (category:tool,tabindex:6)
2025-10-28 19:39:47,431 [INFO] PluginManage:310 - Check plugin filemanager
2025-10-28 19:39:47,564 [INFO] PluginManage:359 - Loaded plugin filemanager (category:base,tabindex:10)
2025-10-28 19:39:47,564 [INFO] PluginManage:310 - Check plugin ipmanager
2025-10-28 19:39:47,577 [INFO] PluginManage:359 - Loaded plugin ipmanager (category:base,tabindex:5)
2025-10-28 19:39:47,577 [INFO] PluginManage:310 - Check plugin lpbam
2025-10-28 19:39:47,577 [INFO] PluginManage:359 - Loaded plugin lpbam (category:base,tabindex:0)
2025-10-28 19:39:47,577 [INFO] PluginManage:310 - Check plugin memorymap
2025-10-28 19:39:47,597 [INFO] PluginManage:359 - Loaded plugin memorymap (category:base,tabindex:4)
2025-10-28 19:39:47,597 [INFO] PluginManage:310 - Check plugin pinoutandconfiguration
2025-10-28 19:39:47,601 [INFO] PluginManage:359 - Loaded plugin pinoutandconfiguration (category:base,tabindex:1)
2025-10-28 19:39:47,608 [INFO] PluginManage:310 - Check plugin pinoutconfig
2025-10-28 19:39:47,710 [WARN] SupportedApi:132 - Cannot load RTOS API schema: s4s-elt-must-match.1: The content of 'definitions' must match (annotation?, (simpleType | complexType)?, (unique | key | keyref)*)). A problem was found starting at: attribute.
2025-10-28 19:39:47,833 [INFO] PluginManage:359 - Loaded plugin pinoutconfig (category:base,tabindex:0)
2025-10-28 19:39:47,833 [INFO] PluginManage:310 - Check plugin power
2025-10-28 19:39:47,843 [INFO] PluginManage:359 - Loaded plugin power (category:power,tabindex:4)
2025-10-28 19:39:47,843 [INFO] PluginManage:310 - Check plugin projectmanager
2025-10-28 19:39:47,863 [INFO] PluginManage:359 - Loaded plugin projectmanager (category:projectmanager,tabindex:4)
2025-10-28 19:39:47,863 [INFO] PluginManage:310 - Check plugin rif
2025-10-28 19:39:47,871 [INFO] PluginManage:359 - Loaded plugin rif (category:base,tabindex:3)
2025-10-28 19:39:47,871 [INFO] PluginManage:310 - Check plugin thirdparty
2025-10-28 19:39:48,001 [WARN] IntegrityCheckThread:84 - waiting for thirdparty lock release [integrity check]
2025-10-28 19:39:48,005 [INFO] IntegrityCheckThread:86 - entering critical section [integrity check]
2025-10-28 19:39:48,005 [INFO] PluginManage:359 - Loaded plugin thirdparty (category:base,tabindex:-1)
2025-10-28 19:39:48,005 [INFO] PluginManage:310 - Check plugin tools
2025-10-28 19:39:48,005 [INFO] ThirdPartyUpdaterWithRetryManager:70 - Updater plugin not ready yet. [1/15]
2025-10-28 19:39:48,005 [INFO] PluginManage:359 - Loaded plugin tools (category:base,tabindex:7)
2025-10-28 19:39:48,005 [INFO] PluginManage:310 - Check plugin tutovideos
2025-10-28 19:39:48,187 [INFO] PluginManage:359 - Loaded plugin tutovideos (category:base,tabindex:-1)
2025-10-28 19:39:48,187 [INFO] PluginManage:310 - Check plugin updater
2025-10-28 19:39:48,209 [INFO] PluginManage:359 - Loaded plugin updater (category:base,tabindex:12)
2025-10-28 19:39:48,209 [INFO] PluginManage:310 - Check plugin userauth
2025-10-28 19:39:48,217 [INFO] UserAuth:118 - Init User Auth plugin
2025-10-28 19:39:48,217 [INFO] PluginManage:359 - Loaded plugin userauth (category:base,tabindex:14)
2025-10-28 19:39:48,217 [INFO] PluginManage:283 - PluginManage : Loaded plugins [18]
2025-10-28 19:39:48,432 [INFO] PinOutPanel:1589 - setPackage(No Configuration,No Configuration)
2025-10-28 19:39:48,524 [INFO] CADModel:165 - CPN selected for project level
2025-10-28 19:39:48,524 [INFO] CADModel:114 - Register for checkConnection events
2025-10-28 19:39:48,546 [INFO] IPUIPlugin:80 - create IPUIPlugin
2025-10-28 19:39:48,546 [INFO] PluginManager:220 - loadIPPluginJar : add adc
2025-10-28 19:39:48,548 [INFO] IPUIPlugin:80 - create IPUIPlugin
2025-10-28 19:39:48,550 [INFO] PluginManager:220 - loadIPPluginJar : add aes
2025-10-28 19:39:48,552 [INFO] IPUIPlugin:80 - create IPUIPlugin
2025-10-28 19:39:48,554 [INFO] PluginManager:220 - loadIPPluginJar : add can
2025-10-28 19:39:48,556 [INFO] IPUIPlugin:80 - create IPUIPlugin
2025-10-28 19:39:48,556 [INFO] PluginManager:220 - loadIPPluginJar : add comp
2025-10-28 19:39:48,556 [INFO] IPUIPlugin:80 - create IPUIPlugin
2025-10-28 19:39:48,556 [INFO] PluginManager:220 - loadIPPluginJar : add cryp
2025-10-28 19:39:48,556 [INFO] IPUIPlugin:80 - create IPUIPlugin
2025-10-28 19:39:48,556 [INFO] PluginManager:220 - loadIPPluginJar : add ddr_ctrl_phy
2025-10-28 19:39:48,564 [INFO] IPUIPlugin:80 - create IPUIPlugin
2025-10-28 19:39:48,564 [INFO] PluginManager:220 - loadIPPluginJar : add dfsdm
2025-10-28 19:39:48,574 [INFO] IPUIPlugin:80 - create IPUIPlugin
2025-10-28 19:39:48,574 [INFO] PluginManager:220 - loadIPPluginJar : add dma
2025-10-28 19:39:48,579 [INFO] IPUIPlugin:80 - create IPUIPlugin
2025-10-28 19:39:48,579 [INFO] PluginManager:220 - loadIPPluginJar : add dma3
2025-10-28 19:39:48,579 [INFO] IPUIPlugin:80 - create IPUIPlugin
2025-10-28 19:39:48,579 [INFO] PluginManager:220 - loadIPPluginJar : add extmemmanager
2025-10-28 19:39:48,585 [INFO] IPUIPlugin:80 - create IPUIPlugin
2025-10-28 19:39:48,585 [INFO] PluginManager:220 - loadIPPluginJar : add fatfs
2025-10-28 19:39:48,585 [INFO] IPUIPlugin:80 - create IPUIPlugin
2025-10-28 19:39:48,585 [INFO] PluginManager:220 - loadIPPluginJar : add fmc
2025-10-28 19:39:48,595 [INFO] IPUIPlugin:80 - create IPUIPlugin
2025-10-28 19:39:48,595 [INFO] PluginManager:220 - loadIPPluginJar : add freertos
2025-10-28 19:39:48,595 [INFO] IPUIPlugin:80 - create IPUIPlugin
2025-10-28 19:39:48,595 [INFO] PluginManager:220 - loadIPPluginJar : add genericplugin
2025-10-28 19:39:48,595 [INFO] IPUIPlugin:80 - create IPUIPlugin
2025-10-28 19:39:48,595 [INFO] PluginManager:220 - loadIPPluginJar : add gfxmmu
2025-10-28 19:39:48,605 [INFO] IPUIPlugin:80 - create IPUIPlugin
2025-10-28 19:39:48,605 [INFO] PluginManager:220 - loadIPPluginJar : add gic
2025-10-28 19:39:48,611 [INFO] IPUIPlugin:80 - create IPUIPlugin
2025-10-28 19:39:48,611 [INFO] PluginManager:220 - loadIPPluginJar : add gpio
2025-10-28 19:39:48,617 [INFO] IPUIPlugin:80 - create IPUIPlugin
2025-10-28 19:39:48,617 [INFO] PluginManager:220 - loadIPPluginJar : add gtzc
2025-10-28 19:39:48,622 [INFO] IPUIPlugin:80 - create IPUIPlugin
2025-10-28 19:39:48,622 [INFO] PluginManager:220 - loadIPPluginJar : add hash
2025-10-28 19:39:48,626 [INFO] IPUIPlugin:80 - create IPUIPlugin
2025-10-28 19:39:48,626 [INFO] PluginManager:220 - loadIPPluginJar : add i2c
2025-10-28 19:39:48,628 [INFO] IPUIPlugin:80 - create IPUIPlugin
2025-10-28 19:39:48,628 [INFO] PluginManager:220 - loadIPPluginJar : add i2s
2025-10-28 19:39:48,632 [INFO] IPUIPlugin:80 - create IPUIPlugin
2025-10-28 19:39:48,632 [INFO] PluginManager:220 - loadIPPluginJar : add i3c
2025-10-28 19:39:48,636 [INFO] IPUIPlugin:80 - create IPUIPlugin
2025-10-28 19:39:48,636 [INFO] PluginManager:220 - loadIPPluginJar : add ipddr
2025-10-28 19:39:48,642 [INFO] IPUIPlugin:80 - create IPUIPlugin
2025-10-28 19:39:48,642 [INFO] PluginManager:220 - loadIPPluginJar : add linkedlist
2025-10-28 19:39:48,646 [INFO] IPUIPlugin:80 - create IPUIPlugin
2025-10-28 19:39:48,646 [INFO] PluginManager:220 - loadIPPluginJar : add lorawan
2025-10-28 19:39:48,650 [INFO] IPUIPlugin:80 - create IPUIPlugin
2025-10-28 19:39:48,650 [INFO] PluginManager:220 - loadIPPluginJar : add ltdc
2025-10-28 19:39:48,659 [INFO] IPUIPlugin:80 - create IPUIPlugin
2025-10-28 19:39:48,659 [INFO] PluginManager:220 - loadIPPluginJar : add mdma
2025-10-28 19:39:48,664 [INFO] IPUIPlugin:80 - create IPUIPlugin
2025-10-28 19:39:48,664 [INFO] PluginManager:220 - loadIPPluginJar : add nvic
2025-10-28 19:39:48,666 [INFO] IPUIPlugin:80 - create IPUIPlugin
2025-10-28 19:39:48,666 [INFO] PluginManager:220 - loadIPPluginJar : add opamp
2025-10-28 19:39:48,666 [INFO] IPUIPlugin:80 - create IPUIPlugin
2025-10-28 19:39:48,674 [INFO] PluginManager:220 - loadIPPluginJar : add openamp
2025-10-28 19:39:48,677 [INFO] IPUIPlugin:80 - create IPUIPlugin
2025-10-28 19:39:48,677 [INFO] PluginManager:220 - loadIPPluginJar : add pdm2pcm
2025-10-28 19:39:48,684 [INFO] IPUIPlugin:80 - create IPUIPlugin
2025-10-28 19:39:48,687 [INFO] PluginManager:220 - loadIPPluginJar : add plateformsettings
2025-10-28 19:39:48,687 [INFO] IPUIPlugin:80 - create IPUIPlugin
2025-10-28 19:39:48,687 [INFO] PluginManager:220 - loadIPPluginJar : add quadspi
2025-10-28 19:39:48,693 [INFO] IPUIPlugin:80 - create IPUIPlugin
2025-10-28 19:39:48,695 [INFO] PluginManager:220 - loadIPPluginJar : add radio
2025-10-28 19:39:48,699 [INFO] IPUIPlugin:80 - create IPUIPlugin
2025-10-28 19:39:48,699 [INFO] PluginManager:220 - loadIPPluginJar : add resmgrutility
2025-10-28 19:39:48,701 [INFO] IPUIPlugin:80 - create IPUIPlugin
2025-10-28 19:39:48,701 [INFO] PluginManager:220 - loadIPPluginJar : add sai
2025-10-28 19:39:48,709 [INFO] IPUIPlugin:80 - create IPUIPlugin
2025-10-28 19:39:48,709 [INFO] PluginManager:220 - loadIPPluginJar : add spi
2025-10-28 19:39:48,717 [INFO] IPUIPlugin:80 - create IPUIPlugin
2025-10-28 19:39:48,717 [INFO] PluginManager:220 - loadIPPluginJar : add stm32_wpan
2025-10-28 19:39:48,719 [INFO] IPUIPlugin:80 - create IPUIPlugin
2025-10-28 19:39:48,719 [INFO] PluginManager:220 - loadIPPluginJar : add tim
2025-10-28 19:39:48,723 [INFO] IPUIPlugin:80 - create IPUIPlugin
2025-10-28 19:39:48,723 [INFO] PluginManager:220 - loadIPPluginJar : add touchsensing
2025-10-28 19:39:48,727 [INFO] IPUIPlugin:80 - create IPUIPlugin
2025-10-28 19:39:48,727 [INFO] PluginManager:220 - loadIPPluginJar : add tracer_emb
2025-10-28 19:39:48,729 [INFO] IPUIPlugin:80 - create IPUIPlugin
2025-10-28 19:39:48,729 [INFO] PluginManager:220 - loadIPPluginJar : add ts
2025-10-28 19:39:48,731 [INFO] IPUIPlugin:80 - create IPUIPlugin
2025-10-28 19:39:48,731 [INFO] PluginManager:220 - loadIPPluginJar : add tsc
2025-10-28 19:39:48,733 [INFO] IPUIPlugin:80 - create IPUIPlugin
2025-10-28 19:39:48,733 [INFO] PluginManager:220 - loadIPPluginJar : add ucpd
2025-10-28 19:39:48,737 [INFO] IPUIPlugin:80 - create IPUIPlugin
2025-10-28 19:39:48,737 [INFO] PluginManager:220 - loadIPPluginJar : add usart
2025-10-28 19:39:48,741 [INFO] IPUIPlugin:80 - create IPUIPlugin
2025-10-28 19:39:48,741 [INFO] PluginManager:220 - loadIPPluginJar : add usbx
2025-10-28 19:39:48,874 [FATAL] Updater:351 - Updater called before beeing initialized
2025-10-28 19:39:48,913 [INFO] RulesReader:64 - Compatibility file has been processed (317 Rules)
2025-10-28 19:39:48,933 [INFO] RulesReader:64 - Compatibility file has been processed (317 Rules)
2025-10-28 19:39:48,943 [INFO] CADModel:165 - CPN selected for project level
2025-10-28 19:39:48,943 [INFO] CADModel:114 - Register for checkConnection events
2025-10-28 19:39:48,943 [FATAL] Updater:351 - Updater called before beeing initialized
2025-10-28 19:39:48,943 [ERROR] CADModel:125 - Updater not yet initialized, retry later 
2025-10-28 19:39:49,107 [FATAL] Updater:351 - Updater called before beeing initialized
2025-10-28 19:39:49,113 [INFO] CADModel:165 - CPN selected for project level
2025-10-28 19:39:49,113 [INFO] CADModel:114 - Register for checkConnection events
2025-10-28 19:39:49,113 [FATAL] Updater:351 - Updater called before beeing initialized
2025-10-28 19:39:49,113 [ERROR] CADModel:125 - Updater not yet initialized, retry later 
2025-10-28 19:39:49,117 [FATAL] Updater:351 - Updater called before beeing initialized
2025-10-28 19:39:49,261 [FATAL] Updater:351 - Updater called before beeing initialized
2025-10-28 19:39:49,269 [INFO] DbMcusAds:53 - JSON generation date=Thu Oct 02 11:36:05 CEST 2025 (1759397765645)
2025-10-28 19:39:49,269 [FATAL] Updater:351 - Updater called before beeing initialized
2025-10-28 19:39:49,299 [WARN] DetailPanel:346 - Failed to get advertising image, set to default
2025-10-28 19:39:49,382 [FATAL] Updater:351 - Updater called before beeing initialized
2025-10-28 19:39:49,382 [FATAL] Updater:351 - Updater called before beeing initialized
2025-10-28 19:39:49,382 [FATAL] Updater:351 - Updater called before beeing initialized
2025-10-28 19:39:49,382 [WARN] DetailPanel:346 - Failed to get advertising image, set to default
2025-10-28 19:39:49,382 [FATAL] Updater:351 - Updater called before beeing initialized
2025-10-28 19:39:49,427 [ERROR] Updater:1198 - MainUpdater not yet initialized. External WinMGr cannot be set.
2025-10-28 19:39:49,427 [INFO] Updater:1134 - Updater Version found : 6.15.0
2025-10-28 19:39:49,448 [INFO] ApplicationProperties:184 - Using Application install path: C:\ST\STM32CubeIDE_1.16.0\STM32CubeIDE\plugins\com.st.stm32cube.common.mx_6.15.0.202507011659
2025-10-28 19:39:51,014 [INFO] ThirdPartyUpdaterWithRetryManager:70 - Updater plugin not ready yet. [2/15]
2025-10-28 19:39:51,046 [ERROR] LogOutputStream:75 - [STDERR_REDIRECT] Oct 28, 2025 7:39:51 PM java.util.prefs.WindowsPreferences <init>
2025-10-28 19:39:51,046 [ERROR] LogOutputStream:75 - [STDERR_REDIRECT] WARNING: Could not open/create prefs root node Software\JavaSoft\Prefs at root 0xffffffff80000002. Windows RegCreateKeyEx(...) returned error code 5.
2025-10-28 19:39:51,046 [ERROR] LogOutputStream:75 - [STDERR_REDIRECT] 
2025-10-28 19:39:51,426 [INFO] MainUpdater:2872 - connection check result : 10
2025-10-28 19:39:51,426 [INFO] MainUpdater:289 - Updater Check For Update Now.
2025-10-28 19:39:51,426 [INFO] MicroXplorer:498 - Change Database Version : DB.6.0.150
2025-10-28 19:39:51,426 [INFO] McuFinderGlobals:63 - Set McuFinder mode to 2 (CubeIDE integrated)
2025-10-28 19:39:51,437 [INFO] UserAuth:487 - Internet connection configuration mode: 1
2025-10-28 19:39:51,463 [INFO] JxBrowserEngine:152 - Initiate JxBrowser Engine with user profile folder
2025-10-28 19:39:51,648 [INFO] CheckServerUpdateThread:120 - End of CheckServer Thread
2025-10-28 19:39:52,208 [INFO] WebApp:169 - Instantiating new browser for Auth
2025-10-28 19:39:52,982 [INFO] WebApp:463 - Apply proxy settings
2025-10-28 19:39:52,982 [INFO] WebApp:548 - Chromium requires no authentication
2025-10-28 19:39:52,989 [INFO] WebApp:491 - Direct internet connection detected
2025-10-28 19:39:53,020 [INFO] WebApp:900 - Register for checkConnection events
2025-10-28 19:39:53,020 [INFO] WebApp:463 - Apply proxy settings
2025-10-28 19:39:53,020 [INFO] WebApp:548 - Chromium requires no authentication
2025-10-28 19:39:53,020 [INFO] WebApp:491 - Direct internet connection detected
2025-10-28 19:39:53,189 [INFO] WebApp:191 - Connection restablished
2025-10-28 19:39:53,235 [INFO] WebApp:225 - Starting web application
2025-10-28 19:39:53,235 [INFO] WebApp:593 - Web application path used C:\ST\STM32CubeIDE_1.16.0\STM32CubeIDE\plugins\com.st.stm32cube.common.mx_6.15.0.202507011659\db\plugins\mcufinder\reactClient1\index.html
2025-10-28 19:39:53,388 [INFO] UserAuth:487 - Internet connection configuration mode: 1
2025-10-28 19:39:54,390 [WARN] PackLoader:240 - Cannot read IP mode file for STMicroelectronics.FP-SNS-MOTENVWB1.1.4.0
2025-10-28 19:39:54,404 [WARN] PackLoader:240 - Cannot read IP mode file for STMicroelectronics.FP-ATR-ASTRA1.2.0.2
2025-10-28 19:39:54,418 [WARN] PackLoader:240 - Cannot read IP mode file for STMicroelectronics.X-CUBE-SMBUS.2.1.0
2025-10-28 19:39:54,428 [WARN] PackLoader:240 - Cannot read IP mode file for STMicroelectronics.X-CUBE-ST60.1.0.0
2025-10-28 19:39:54,479 [WARN] PackLoader:240 - Cannot read IP mode file for STMicroelectronics.X-CUBE-AZRTOS-F7.1.1.0
2025-10-28 19:39:54,576 [WARN] PackLoader:240 - Cannot read IP mode file for STMicroelectronics.X-CUBE-MEMS1.11.0.0
2025-10-28 19:39:54,796 [WARN] PackLoader:240 - Cannot read IP mode file for STMicroelectronics.FP-SNS-FLIGHT1.5.0.2
2025-10-28 19:39:54,828 [WARN] PackLoader:240 - Cannot read IP mode file for STMicroelectronics.X-CUBE-AZRTOS-H7.3.4.0
2025-10-28 19:39:54,845 [WARN] PackLoader:240 - Cannot read IP mode file for STMicroelectronics.X-CUBE-DISPLAY.3.0.0
2025-10-28 19:39:54,854 [WARN] PackLoader:240 - Cannot read IP mode file for STMicroelectronics.X-CUBE-BLE1.7.0.0
2025-10-28 19:39:54,863 [WARN] PackLoader:240 - Cannot read IP mode file for STMicroelectronics.X-CUBE-NFC10.1.0.0
2025-10-28 19:39:54,868 [WARN] PackLoader:240 - Cannot read IP mode file for STMicroelectronics.X-CUBE-ST60.1.1.0
2025-10-28 19:39:54,879 [WARN] PackLoader:240 - Cannot read IP mode file for emotas.I-CUBE-CANOPEN.1.3.0
2025-10-28 19:39:54,893 [WARN] PackLoader:240 - Cannot read IP mode file for STMicroelectronics.X-CUBE-BLEMGR.3.1.0
2025-10-28 19:39:54,903 [WARN] PackLoader:240 - Cannot read IP mode file for STMicroelectronics.FP-SNS-STBOX1.2.1.0
2025-10-28 19:39:54,912 [WARN] PackLoader:240 - Cannot read IP mode file for STMicroelectronics.FP-SNS-SMARTAG2.1.2.0
2025-10-28 19:39:54,916 [WARN] PackLoader:240 - Cannot read IP mode file for STMicroelectronics.FP-SNS-FLIGHT1.5.1.0
2025-10-28 19:39:54,927 [INFO] LogOutputStream:77 - [STDOUT_REDIRECT] 1 : Invalid condition id : UX_CORESTACK_Condition cause : null
2025-10-28 19:39:54,927 [INFO] LogOutputStream:77 - [STDOUT_REDIRECT] 1 : Invalid condition id : UX_CORESTACK_Condition cause : null
2025-10-28 19:39:54,929 [INFO] LogOutputStream:77 - [STDOUT_REDIRECT] 1 : Invalid condition id : UX_CORESTACK_Condition cause : null
2025-10-28 19:39:54,930 [INFO] LogOutputStream:77 - [STDOUT_REDIRECT] 1 : Invalid condition id : UX_CORESTACK_Condition cause : null
2025-10-28 19:39:54,932 [INFO] LogOutputStream:77 - [STDOUT_REDIRECT] 1 : Invalid condition id : UX_CORESTACK_Condition cause : null
2025-10-28 19:39:54,946 [WARN] PackLoader:240 - Cannot read IP mode file for STMicroelectronics.X-CUBE-AZRTOS-WL.2.0.0
2025-10-28 19:39:54,958 [WARN] PackLoader:240 - Cannot read IP mode file for STMicroelectronics.FP-SNS-MOTENV1.5.0.0
2025-10-28 19:39:54,966 [WARN] PackLoader:240 - Cannot read IP mode file for wolfSSL.I-CUBE-wolfMQTT.1.19.0
2025-10-28 19:39:54,979 [WARN] PackLoader:240 - Cannot read IP mode file for WES.I-CUBE-Cesium.1.3.0
2025-10-28 19:39:54,990 [WARN] PackLoader:240 - Cannot read IP mode file for STMicroelectronics.X-CUBE-BLE2.3.3.0
2025-10-28 19:39:55,002 [WARN] PackLoader:240 - Cannot read IP mode file for STMicroelectronics.X-CUBE-NFC9.1.0.0
2025-10-28 19:39:55,016 [WARN] PackLoader:240 - Cannot read IP mode file for STMicroelectronics.X-CUBE-BLE1.7.1.0
2025-10-28 19:39:55,031 [WARN] PackLoader:240 - Cannot read IP mode file for STMicroelectronics.X-CUBE-TCPP.4.1.0
2025-10-28 19:39:55,044 [WARN] PackLoader:240 - Cannot read IP mode file for STMicroelectronics.X-CUBE-EEPRMA1.5.2.0
2025-10-28 19:39:55,083 [WARN] PackLoader:240 - Cannot read IP mode file for STMicroelectronics.X-CUBE-ST67W61.1.1.0
2025-10-28 19:39:55,114 [WARN] PackLoader:240 - Cannot read IP mode file for STMicroelectronics.X-CUBE-AZRTOS-G0.1.1.0
2025-10-28 19:39:55,127 [WARN] PackLoader:240 - Cannot read IP mode file for STMicroelectronics.X-CUBE-SAFEA1.1.2.2
2025-10-28 19:39:55,144 [WARN] PackLoader:240 - Cannot read IP mode file for STMicroelectronics.X-CUBE-NFC4.3.0.0
2025-10-28 19:39:55,161 [WARN] PackLoader:240 - Cannot read IP mode file for EmbeddedOffice.I-CUBE-FS-RTOS.1.0.1
2025-10-28 19:39:55,168 [WARN] PackLoader:240 - Cannot read IP mode file for STMicroelectronics.X-CUBE-WB05N.2.0.0
2025-10-28 19:39:55,178 [WARN] PackLoader:240 - Cannot read IP mode file for STMicroelectronics.X-CUBE-TCPP.4.2.0
2025-10-28 19:39:55,184 [WARN] PackLoader:240 - Cannot read IP mode file for RealThread.X-CUBE-RT-Thread_Nano.4.1.1
2025-10-28 19:39:55,193 [WARN] PackLoader:240 - Cannot read IP mode file for STMicroelectronics.FP-ATR-SIGFOX1.3.2.0
2025-10-28 19:39:55,199 [WARN] PackLoader:240 - Cannot read IP mode file for wolfSSL.I-CUBE-wolfSSL.5.7.2
2025-10-28 19:39:55,206 [WARN] PackLoader:240 - Cannot read IP mode file for STMicroelectronics.X-CUBE-EEPRMA1.5.1.0
2025-10-28 19:39:55,214 [WARN] PackLoader:240 - Cannot read IP mode file for ITTIA_DB.I-CUBE-ITTIADB.8.9.0
2025-10-28 19:39:55,222 [WARN] PackLoader:240 - Cannot read IP mode file for STMicroelectronics.X-CUBE-ST67W61.1.0.0
2025-10-28 19:39:55,229 [WARN] PackLoader:240 - Cannot read IP mode file for STMicroelectronics.X-CUBE-AI.10.2.0
2025-10-28 19:39:55,260 [WARN] PackLoader:240 - Cannot read IP mode file for SEGGER.I-CUBE-embOS.1.3.1
2025-10-28 19:39:55,312 [WARN] PackLoader:240 - Cannot read IP mode file for STMicroelectronics.X-CUBE-ALGOBUILD.1.4.0
2025-10-28 19:39:55,363 [WARN] PackLoader:240 - Cannot read IP mode file for STMicroelectronics.X-CUBE-MEMS1.11.3.0
2025-10-28 19:39:55,508 [WARN] PackLoader:240 - Cannot read IP mode file for STMicroelectronics.X-CUBE-PM33A1.1.0.0
2025-10-28 19:39:55,514 [WARN] PackLoader:240 - Cannot read IP mode file for STMicroelectronics.X-CUBE-GNSS1.6.0.0
2025-10-28 19:39:55,534 [WARN] PackLoader:240 - Cannot read IP mode file for STMicroelectronics.X-CUBE-AZRTOS-F4.1.1.0
2025-10-28 19:39:55,543 [WARN] PackLoader:240 - Cannot read IP mode file for Avnet-IotConnect.X-CUBE-IoTC-DA16k-PMOD.1.0.0
2025-10-28 19:39:55,549 [WARN] PackLoader:240 - Cannot read IP mode file for STMicroelectronics.X-CUBE-ISPU.2.1.0
2025-10-28 19:39:55,562 [WARN] PackLoader:240 - Cannot read IP mode file for STMicroelectronics.X-CUBE-IPS.3.2.0
2025-10-28 19:39:55,576 [WARN] PackLoader:240 - Cannot read IP mode file for STMicroelectronics.X-CUBE-FREERTOS.1.2.0
2025-10-28 19:39:55,584 [WARN] PackLoader:240 - Cannot read IP mode file for STMicroelectronics.X-CUBE-NFC12.1.0.0
2025-10-28 19:39:55,601 [WARN] PackLoader:240 - Cannot read IP mode file for STMicroelectronics.X-CUBE-AZRTOS-L5.2.0.0
2025-10-28 19:39:55,610 [WARN] PackLoader:240 - Cannot read IP mode file for STMicroelectronics.X-CUBE-NFC6.3.1.0
2025-10-28 19:39:55,620 [WARN] PackLoader:240 - Cannot read IP mode file for STMicroelectronics.X-CUBE-DPower.1.2.0
2025-10-28 19:39:55,626 [WARN] PackLoader:240 - Cannot read IP mode file for STMicroelectronics.X-CUBE-AI.9.0.0
2025-10-28 19:39:55,631 [WARN] PackLoader:240 - Cannot read IP mode file for STMicroelectronics.X-CUBE-FREERTOS.1.3.1
2025-10-28 19:39:55,638 [WARN] PackLoader:240 - Cannot read IP mode file for STMicroelectronics.X-CUBE-NFC7.1.0.1
2025-10-28 19:39:55,646 [WARN] PackLoader:240 - Cannot read IP mode file for wolfSSL.I-CUBE-wolfTPM.3.2.0
2025-10-28 19:39:55,653 [WARN] PackLoader:240 - Cannot read IP mode file for STMicroelectronics.X-CUBE-TOUCHGFX.4.26.0
2025-10-28 19:39:55,662 [WARN] PackLoader:240 - Cannot read IP mode file for STMicroelectronics.FP-SNS-STAIOTCFT.1.0.0
2025-10-28 19:39:55,689 [WARN] PackLoader:240 - Cannot read IP mode file for STMicroelectronics.X-CUBE-DPower.1.3.0
2025-10-28 19:39:55,723 [WARN] ConditionMgr:438 - getConditionDescription Invalid condition id : LAN8742 Phy interface Condition cause : null
2025-10-28 19:39:55,725 [WARN] PackLoader:240 - Cannot read IP mode file for STMicroelectronics.X-CUBE-AZRTOS-L4.2.0.0
2025-10-28 19:39:55,727 [WARN] ConditionMgr:1044 - genDependencies : Invalid condition id : LAN8742 Phy interface Condition cause : null
2025-10-28 19:39:55,727 [WARN] ConditionMgr:1044 - genDependencies : Invalid condition id : LAN8742 Phy interface Condition cause : null
2025-10-28 19:39:55,728 [WARN] ConditionMgr:1044 - genDependencies : Invalid condition id : LAN8742 Phy interface Condition cause : null
2025-10-28 19:39:55,740 [WARN] PackLoader:240 - Cannot read IP mode file for STMicroelectronics.X-CUBE-SFXS2LP1.4.0.0
2025-10-28 19:39:55,770 [WARN] PackLoader:240 - Cannot read IP mode file for STMicroelectronics.X-CUBE-AZRTOS-H7.3.3.0
2025-10-28 19:39:55,790 [WARN] PackLoader:240 - Cannot read IP mode file for STMicroelectronics.X-CUBE-BLEMGR.4.1.0
2025-10-28 19:39:56,042 [WARN] ConditionMgr:438 - getConditionDescription Invalid condition id : UX DEVICE CLASS RTOS Condition cause : null
2025-10-28 19:39:56,042 [WARN] ConditionMgr:438 - getConditionDescription Invalid condition id : UX DEVICE CLASS RTOS Condition cause : null
2025-10-28 19:39:56,045 [WARN] PackLoader:240 - Cannot read IP mode file for STMicroelectronics.X-CUBE-AZRTOS-WB.2.0.0
2025-10-28 19:39:56,047 [WARN] ConditionMgr:1044 - genDependencies : Invalid condition id : UX DEVICE CLASS RTOS Condition cause : null
2025-10-28 19:39:56,048 [WARN] ConditionMgr:1044 - genDependencies : Invalid condition id : UX DEVICE CLASS RTOS Condition cause : null
2025-10-28 19:39:56,049 [WARN] ConditionMgr:1044 - genDependencies : Invalid condition id : UX DEVICE CLASS RTOS Condition cause : null
2025-10-28 19:39:56,049 [WARN] ConditionMgr:1044 - genDependencies : Invalid condition id : UX DEVICE CLASS RTOS Condition cause : null
2025-10-28 19:39:56,049 [WARN] ConditionMgr:1044 - genDependencies : Invalid condition id : UX DEVICE CLASS RTOS Condition cause : null
2025-10-28 19:39:56,057 [WARN] PackLoader:240 - Cannot read IP mode file for STMicroelectronics.X-CUBE-GNSS1.7.0.0
2025-10-28 19:39:56,068 [WARN] PackLoader:240 - Cannot read IP mode file for STMicroelectronics.X-CUBE-GNSS1.7.0.1
2025-10-28 19:39:56,075 [WARN] PackLoader:240 - Cannot read IP mode file for STMicroelectronics.X-CUBE-TOUCHGFX.4.25.0
2025-10-28 19:39:56,085 [WARN] PackLoader:240 - Cannot read IP mode file for STMicroelectronics.FP-SNS-STBOX1.2.0.0
2025-10-28 19:39:56,108 [WARN] ConditionMgr:438 - getConditionDescription Invalid condition id : Cortex-A Device cause : null
2025-10-28 19:39:56,145 [WARN] ConditionMgr:1044 - genDependencies : Invalid condition id : Cortex-A Device cause : null
2025-10-28 19:39:56,146 [WARN] ConditionMgr:1044 - genDependencies : Invalid condition id : Cortex-A Device cause : null
2025-10-28 19:39:56,147 [WARN] ConditionMgr:1044 - genDependencies : Invalid condition id : Cortex-A Device cause : null
2025-10-28 19:39:56,168 [WARN] PackLoader:240 - Cannot read IP mode file for STMicroelectronics.X-CUBE-SUBG2.5.0.0
2025-10-28 19:39:56,201 [WARN] PackLoader:240 - Cannot read IP mode file for STMicroelectronics.X-CUBE-AZRTOS-H7RS.1.1.0
2025-10-28 19:39:56,213 [WARN] PackLoader:240 - Cannot read IP mode file for Cesanta.I-CUBE-Mongoose.7.13.0
2025-10-28 19:39:56,234 [WARN] PackLoader:240 - Cannot read IP mode file for STMicroelectronics.X-CUBE-AZRTOS-G4.2.0.0
2025-10-28 19:39:56,244 [WARN] PackLoader:240 - Cannot read IP mode file for STMicroelectronics.X-CUBE-NFC7.2.0.0
2025-10-28 19:39:56,251 [WARN] PackLoader:240 - Cannot read IP mode file for STMicroelectronics.X-CUBE-ISPU.2.0.0
2025-10-28 19:39:56,267 [WARN] PackLoader:240 - Cannot read IP mode file for STMicroelectronics.X-CUBE-IPS.3.1.0
2025-10-28 19:39:56,285 [WARN] PackLoader:240 - Cannot read IP mode file for STMicroelectronics.X-CUBE-ALS.1.0.2
2025-10-28 19:39:56,343 [WARN] PackLoader:240 - Cannot read IP mode file for STMicroelectronics.X-CUBE-MEMS1.10.0.0
2025-10-28 19:39:56,486 [WARN] PackLoader:240 - Cannot read IP mode file for STMicroelectronics.X-CUBE-TOUCHGFX.4.24.0
2025-10-28 19:39:56,495 [WARN] PackLoader:240 - Cannot read IP mode file for STMicroelectronics.X-CUBE-TOUCHGFX.4.24.1
2025-10-28 19:39:56,507 [WARN] PackLoader:240 - Cannot read IP mode file for STMicroelectronics.X-CUBE-STSE01.1.0.0
2025-10-28 19:39:56,519 [WARN] PackLoader:240 - Cannot read IP mode file for portGmbH.I-Cube-SoM-uGOAL.1.1.0
2025-10-28 19:39:56,542 [WARN] PackLoader:240 - Cannot read IP mode file for STMicroelectronics.X-CUBE-AZRTOS-H7RS.1.0.0
2025-10-28 19:39:56,551 [WARN] PackLoader:240 - Cannot read IP mode file for STMicroelectronics.FP-ATR-ASTRA1.2.0.0
2025-10-28 19:39:56,567 [WARN] PackLoader:240 - Cannot read IP mode file for STMicroelectronics.X-CUBE-TOF1.3.4.2
2025-10-28 19:39:56,593 [WARN] PackLoader:240 - Cannot read IP mode file for STMicroelectronics.X-CUBE-TOF1.3.4.3
2025-10-28 19:39:56,626 [WARN] PackLoader:240 - Cannot read IP mode file for STMicroelectronics.X-CUBE-TOF1.3.4.1
2025-10-28 19:39:56,668 [WARN] PackLoader:240 - Cannot read IP mode file for STMicroelectronics.X-CUBE-AZRTOS-H7.3.2.0
2025-10-28 19:39:56,690 [WARN] PackLoader:240 - Cannot read IP mode file for Infineon.AIROC-Wi-Fi-Bluetooth-STM32.1.6.0
2025-10-28 19:39:56,706 [WARN] PackLoader:240 - Cannot read IP mode file for wolfSSL.I-CUBE-wolfSSH.1.4.17
2025-10-28 19:39:56,707 [INFO] ThirdParty:978 - Integrity check success = true
2025-10-28 19:39:56,707 [INFO] IntegrityCheckThread:100 - exiting critical section [integrity check]
2025-10-28 19:39:56,708 [INFO] IntegrityCheckThread:103 - End integrity checks thread
2025-10-28 19:39:57,818 [INFO] McuFinderGlobals:63 - Set McuFinder mode to 2 (CubeIDE integrated)
2025-10-28 19:39:57,825 [INFO] MainUpdater:2872 - connection check result : 10
2025-10-28 19:39:57,826 [INFO] MainUpdater:2872 - connection check result : 10
2025-10-28 19:39:57,861 [INFO] MicroXplorer:468 - Change Database Path : 
2025-10-28 19:39:57,862 [INFO] MicroXplorer:498 - Change Database Version : DB.6.0.150
2025-10-28 19:39:57,873 [WARN] ThirdParty:871 - waiting for thirdparty lock release [close project]
2025-10-28 19:39:57,873 [INFO] ThirdParty:873 - entering critical section [close project]
2025-10-28 19:39:57,874 [INFO] ThirdParty:883 - exiting critical section [close project]
2025-10-28 19:39:57,878 [INFO] PinOutPanel:1589 - setPackage(No Configuration,No Configuration)
2025-10-28 19:39:57,880 [INFO] UtilMem:75 - Begin LoadConfig() Used Memory: 194823000 Bytes (290455552)
2025-10-28 19:39:57,882 [INFO] MicroXplorer:468 - Change Database Path : 
2025-10-28 19:39:57,883 [INFO] MicroXplorer:498 - Change Database Version : DB.6.0.150
2025-10-28 19:39:57,883 [INFO] OpenFileManager:355 - Change cursor
2025-10-28 19:39:57,917 [INFO] Mcu:2029 - Initializing MCU STM32F303K(6-8)Tx STM32F303K8Tx STM32F303K8T6
2025-10-28 19:40:00,171 [INFO] Context:786 - Trying to add GPIOservice into a context  which must be forbidden
2025-10-28 19:40:00,824 [INFO] ImportTextPane:234 - (OptionalMessage_ERROR) Pin6 (VP_RIF_VS_RIF1) cannot be retrieved for this MCU
2025-10-28 19:40:01,115 [INFO] RtosManager:558 - Registered RTOS mode: class=CMSIS, group=RTOS, mode=CMSIS_V1, owner=FREERTOS
2025-10-28 19:40:01,115 [INFO] RtosManager:558 - Registered RTOS mode: class=CMSIS, group=RTOS2, mode=CMSIS_V2, owner=FREERTOS
2025-10-28 19:40:01,116 [INFO] RtosManager:558 - Registered RTOS mode: class=RTOS, group=Core, mode=CMSIS_V1, owner=FREERTOS
2025-10-28 19:40:01,116 [INFO] RtosManager:558 - Registered RTOS mode: class=RTOS, group=Core, mode=CMSIS_V2, owner=FREERTOS
2025-10-28 19:40:01,116 [WARN] ModelIntegratedComponent:184 - Missing modes for component STMicroelectronics:FreeRTOS:0.0.1:STMicroelectronics:RTOS:FreeRTOS:Core:::10.2.0:
2025-10-28 19:40:01,127 [WARN] ModelIntegratedComponent:63 - No mode defined for component null
2025-10-28 19:40:01,127 [WARN] ModelIntegratedComponent:63 - No mode defined for component null
2025-10-28 19:40:01,127 [WARN] ModelIntegratedComponent:63 - No mode defined for component null
2025-10-28 19:40:01,127 [WARN] ModelIntegratedComponent:63 - No mode defined for component null
2025-10-28 19:40:01,127 [WARN] ModelIntegratedComponent:63 - No mode defined for component null
2025-10-28 19:40:01,128 [WARN] ModelIntegratedComponent:63 - No mode defined for component null
2025-10-28 19:40:01,128 [WARN] ModelIntegratedComponent:63 - No mode defined for component null
2025-10-28 19:40:01,128 [WARN] ModelIntegratedComponent:63 - No mode defined for component null
2025-10-28 19:40:01,128 [WARN] ModelIntegratedComponent:63 - No mode defined for component null
2025-10-28 19:40:01,128 [WARN] ModelIntegratedComponent:63 - No mode defined for component null
2025-10-28 19:40:01,128 [WARN] ModelIntegratedComponent:63 - No mode defined for component null
2025-10-28 19:40:01,128 [WARN] ModelIntegratedComponent:63 - No mode defined for component null
2025-10-28 19:40:01,128 [WARN] ModelIntegratedComponent:63 - No mode defined for component null
2025-10-28 19:40:01,128 [WARN] ModelIntegratedComponent:63 - No mode defined for component null
2025-10-28 19:40:01,128 [WARN] ModelIntegratedComponent:63 - No mode defined for component null
2025-10-28 19:40:01,128 [WARN] ModelIntegratedComponent:63 - No mode defined for component null
2025-10-28 19:40:01,129 [WARN] ModelIntegratedComponent:63 - No mode defined for component null
2025-10-28 19:40:01,129 [WARN] ModelIntegratedComponent:63 - No mode defined for component null
2025-10-28 19:40:01,129 [WARN] ModelIntegratedComponent:63 - No mode defined for component null
2025-10-28 19:40:01,129 [WARN] ModelIntegratedComponent:63 - No mode defined for component null
2025-10-28 19:40:01,129 [WARN] ModelIntegratedComponent:63 - No mode defined for component null
2025-10-28 19:40:01,129 [WARN] ModelIntegratedComponent:63 - No mode defined for component null
2025-10-28 19:40:01,129 [WARN] ModelIntegratedComponent:63 - No mode defined for component null
2025-10-28 19:40:01,129 [WARN] ModelIntegratedComponent:63 - No mode defined for component null
2025-10-28 19:40:01,129 [WARN] ModelIntegratedComponent:63 - No mode defined for component null
2025-10-28 19:40:01,130 [WARN] ModelIntegratedComponent:63 - No mode defined for component null
2025-10-28 19:40:01,130 [WARN] ModelIntegratedComponent:63 - No mode defined for component null
2025-10-28 19:40:01,130 [WARN] ModelIntegratedComponent:63 - No mode defined for component null
2025-10-28 19:40:01,130 [WARN] ModelIntegratedComponent:63 - No mode defined for component null
2025-10-28 19:40:01,130 [WARN] ModelIntegratedComponent:63 - No mode defined for component null
2025-10-28 19:40:01,130 [WARN] ModelIntegratedComponent:63 - No mode defined for component null
2025-10-28 19:40:01,130 [WARN] ModelIntegratedComponent:63 - No mode defined for component null
2025-10-28 19:40:01,130 [WARN] ModelIntegratedComponent:63 - No mode defined for component null
2025-10-28 19:40:01,130 [WARN] ModelIntegratedComponent:63 - No mode defined for component null
2025-10-28 19:40:01,131 [WARN] ModelIntegratedComponent:63 - No mode defined for component null
2025-10-28 19:40:01,131 [WARN] ModelPack:524 - Component already loaded: STMicroelectronics:HAL Drivers:0.0.0:STMicroelectronics:Device:STMicro_Driver:XSPI:HAL::0.0.1:HAL_XSPI
2025-10-28 19:40:01,422 [INFO] ThirdPartyModel:298 - Start build external matchings
2025-10-28 19:40:02,930 [INFO] ThirdPartyModel:316 - End build external matchings
2025-10-28 19:40:03,381 [INFO] ApiDb:581 - Connected to CubeFinder SQLite database (C:\Users\rolni\.stmcufinder\plugins\mcufinder\mcu\cube-finder-db.db)
2025-10-28 19:40:03,465 [INFO] ApiDb:668 - CubeFinder database Data Model version=2.1
2025-10-28 19:40:03,465 [INFO] ApiDb:669 - CubeFinder database Configuration version=3.0.39
2025-10-28 19:40:03,465 [INFO] ApiDb:670 - CubeFinder database generation date=2025-08-25 (1756130511)
2025-10-28 19:40:03,465 [INFO] ApiDb:671 - CubeFinder database FW Pack versions=[FP-ATR-ASTRA1_V2.0.0, FP-SNS-FLIGHT1_V5.1.0, FP-SNS-MOTENV1_V5.0.0, FP-SNS-MOTENVWB1_V1.4.0, FP-SNS-SMARTAG2_V1.2.0, FP-SNS-STBOX1_V2.1.0, STM32Cube_FW_C0_V1.4.0, STM32Cube_FW_F4_V1.28.3, STM32Cube_FW_F7_V1.17.4, STM32Cube_FW_G0_V1.6.2, STM32Cube_FW_G4_V1.6.1, STM32Cube_FW_H5_V1.5.0, STM32Cube_FW_H7RS_V1.2.0, STM32Cube_FW_H7_V1.12.1, STM32Cube_FW_L0_V1.12.2, STM32Cube_FW_L4_V1.18.1, STM32Cube_FW_L5_V1.5.1, STM32Cube_FW_N6_V1.2.0, STM32Cube_FW_U0_V1.3.0, STM32Cube_FW_U3_V1.2.0, STM32Cube_FW_U5_V1.8.0, STM32Cube_FW_WB0_V1.3.0, STM32Cube_FW_WBA_V1.7.0, STM32Cube_FW_WB_V1.23.0, STM32Cube_FW_WL3_V1.2.0, STM32Cube_FW_WL_V1.3.1, X-CUBE-ALGOBUILD_V1.4.0, X-CUBE-ALS_V1.0.2, X-CUBE-AZRTOS-F4_V1.1.0, X-CUBE-AZRTOS-F7_V1.1.0, X-CUBE-AZRTOS-G0_V1.1.0, X-CUBE-AZRTOS-G4_V2.0.0, X-CUBE-AZRTOS-H7RS_V1.1.0, X-CUBE-AZRTOS-H7_V3.4.0, X-CUBE-AZRTOS-L4_V2.0.0, X-CUBE-AZRTOS-L5_V2.0.0, X-CUBE-AZRTOS-WB_V2.0.0, X-CUBE-AZRTOS-WL_V2.0.0, X-CUBE-BLE1_V7.1.0, X-CUBE-BLE2_V3.3.0, X-CUBE-BLEMGR_V4.1.0, X-CUBE-EEPRMA1_V5.2.0, X-CUBE-FREERTOS_V1.3.1, X-CUBE-GNSS1_V6.0.0, X-CUBE-MEMS1_V11.3.0, X-CUBE-NFC4_V3.0.0, X-CUBE-NFC7_V2.0.0, X-CUBE-SFXS2LP1_V4.0.0, X-CUBE-ST67W61_V1.0.0, X-CUBE-SUBG2_V5.0.0, X-CUBE-TOF1_V3.4.3]
2025-10-28 19:40:03,534 [INFO] DbBoardsSqlite:226 - include board P-NUCLEO-WB55-NUCLEO as a kit item of type 'Nucleo-64'
2025-10-28 19:40:03,534 [INFO] DbBoardsSqlite:226 - include board P-NUCLEO-WB55-USBDONGLE as a kit item of type 'Nucleo USB Dongle'
2025-10-28 19:40:03,534 [INFO] DbBoardsSqlite:226 - include board STEVAL-IDP005V1 as a kit item of type 'Evaluation Board'
2025-10-28 19:40:03,535 [INFO] DbBoardsSqlite:226 - include board STEVAL-IDP005V2 as a kit item of type 'Evaluation Board'
2025-10-28 19:40:03,614 [INFO] ApiDb:240 - Found 880 in-development CPN: [B-G473E-ZEST1S, B-WB1M-WPAN1, B-WBA5M-WPAN, B-WL5M-SUBG1, NUCLEO-C031C6, NUCLEO-C051C8, NUCLEO-C071RB, NUCLEO-C092RC, NUCLEO-H503RB, NUCLEO-H533RE, NUCLEO-H563ZI, NUCLEO-H7S3L8, NUCLEO-N657X0-Q, NUCLEO-U031R8, NUCLEO-U083RC, NUCLEO-U385RG-Q, NUCLEO-U545RE-Q, NUCLEO-U5A5ZJ-Q, NUCLEO-WB05KZ, NUCLEO-WB07CC, NUCLEO-WB09KE, NUCLEO-WBA52CG, NUCLEO-WBA55CG, NUCLEO-WL33CC1, NUCLEO-WL33CC2, STEVAL-PROTEUS1, STEVAL-SMARTAG2, STEVAL-STWINBX1, STM320518-EVAL, STM32C0116-DK, STM32C011D6Y3TR, STM32C011D6Y6TR, STM32C011F4P3, STM32C011F4P6, STM32C011F4U3, STM32C011F4U6TR, STM32C011F6P3, STM32C011F6P6, STM32C011F6U3, STM32C011F6U6TR, STM32C011J4M3, STM32C011J4M6, STM32C011J6M3, STM32C011J6M6, STM32C0316-DK, STM32C031C4T3, STM32C031C4T6, STM32C031C4U3, STM32C031C4U6, STM32C031C6T3, STM32C031C6T6, STM32C031C6U3, STM32C031C6U6, STM32C031F4P3, STM32C031F4P6, STM32C031F6P3, STM32C031F6P6, STM32C031G4U3, STM32C031G4U6, STM32C031G6U3, STM32C031G6U6, STM32C031K4T3, STM32C031K4T6, STM32C031K4U3, STM32C031K4U6, STM32C031K6T3, STM32C031K6T6, STM32C031K6U3, STM32C031K6U6, STM32C051C6T6, STM32C051C6U6, STM32C051C8T6, STM32C051C8U6, STM32C051D8Y6TR, STM32C051F6P6, STM32C051F8P6, STM32C051G6U6, STM32C051G8U6, STM32C051K6T6, STM32C051K6U6, STM32C051K8T6, STM32C071C8T6, STM32C071C8T6N, STM32C071C8U6, STM32C071C8U6N, STM32C071CBT6, STM32C071CBT6N, STM32C071CBU6, STM32C071CBU6N, STM32C071F8P6, STM32C071F8P6N, STM32C071FBP6, STM32C071FBP6N, STM32C071FBY6TR, STM32C071G8U6, STM32C071G8U6N, STM32C071GBU6, STM32C071GBU6N, STM32C071K8T6, STM32C071K8T6N, STM32C071K8U6, STM32C071K8U6N, STM32C071KBT6, STM32C071KBT6N, STM32C071KBU6, STM32C071KBU6N, STM32C071R8T6, STM32C071R8T6N, STM32C071RBI6N, STM32C071RBT6, STM32C071RBT6N, STM32C091CBT6, STM32C091CBU6, STM32C091CCT6, STM32C091CCU6, STM32C091ECY6TR, STM32C091FBP6, STM32C091FCP6, STM32C091GBU6, STM32C091GCU6, STM32C091KBT6, STM32C091KBU6, STM32C091KCT6, STM32C091KCU6, STM32C091RBT6, STM32C091RCI6, STM32C091RCT6, STM32C092CBT6, STM32C092CBU6, STM32C092CCT6, STM32C092CCU6, STM32C092ECY6TR, STM32C092FBP6, STM32C092FCP6, STM32C092GBU6, STM32C092GCU6, STM32C092KBT6, STM32C092KBU6, STM32C092KCT6, STM32C092KCU6, STM32C092RBT6, STM32C092RCI6, STM32C092RCT6, STM32G071K8TXN, STM32G071K8UXN, STM32G081GBU6N, STM32G081KBT6N, STM32G081KBUXN, STM32G0B1CCT6N, STM32G0B1KCT6, STM32G0B1NEY6TR, STM32G0B1RCT6N, STM32G0C1CCT6, STM32G0C1CCT6N, STM32G0C1CCU6N, STM32G0C1CET6N, STM32G0C1CEU6N, STM32G0C1KCT6, STM32G0C1NEY6TR, STM32G0C1RCI6N, STM32G0C1RCT6N, STM32G0C1REI6N, STM32G0C1RET6N, STM32G0C1VCI6, STM32G0C1VEI6, STM32G411C6T3, STM32G411C6T6, STM32G411C6U3, STM32G411C6U6, STM32G411C8T3, STM32G411C8T6, STM32G411C8U3, STM32G411C8U6, STM32G411CBT3, STM32G411CBT6, STM32G411CBU3, STM32G411CBU6, STM32G411K6T3, STM32G411K6T6, STM32G411K6U3, STM32G411K6U6, STM32G411K8T3, STM32G411K8T6, STM32G411K8U3, STM32G411K8U6, STM32G411KBT3, STM32G411KBT6, STM32G411KBU3, STM32G411KBU6, STM32G411M6T3, STM32G411M6T6, STM32G411M8T3, STM32G411M8T6, STM32G411MBT3, STM32G411MBT6, STM32G411R6T3, STM32G411R6T6, STM32G411R8T3, STM32G411R8T6, STM32G411RBT3, STM32G411RBT6, STM32G414CBT3, STM32G414CBT6, STM32G414CBU3, STM32G414CBU6, STM32G414CCT3, STM32G414CCT6, STM32G414CCU3, STM32G414CCU6, STM32G414MBT3, STM32G414MBT6, STM32G414MCT3, STM32G414MCT6, STM32G414RBT3, STM32G414RBT6, STM32G414RCT3, STM32G414RCT6, STM32G414VBT3, STM32G414VBT6, STM32G414VCT3, STM32G414VCT6, STM32G431CBT3Z, STM32G431RBT3Z, STM32G471CCT6, STM32G471CCU6, STM32G471CET3, STM32G471CET6, STM32G471CEU3, STM32G471CEU6, STM32G471MCT6, STM32G471MET3, STM32G471MET6, STM32G471MEY6TR, STM32G471QCT6, STM32G471QET3, STM32G471RCT6, STM32G471RET3, STM32G471RET6, STM32G471VCH6, STM32G471VCI6, STM32G471VCT6, STM32G471VEH3, STM32G471VEH6, STM32G471VEI3, STM32G471VEI6, STM32G471VET3, STM32G471VET6, STM32G473QET3Z, STM32G473RET3Z, STM32G474CCT6, STM32G491RET3Z, STM32H503CBT6, STM32H503CBU6, STM32H503EBY6TR, STM32H503KBU6, STM32H503RBT6, STM32H523CCT6, STM32H523CCU6, STM32H523CET6, STM32H523CEU6, STM32H523HEY6TR, STM32H523RCT6, STM32H523RET6, STM32H523VCI6, STM32H523VCT6, STM32H523VEI6, STM32H523VET6, STM32H523ZCJ6, STM32H523ZCT6, STM32H523ZEJ6, STM32H523ZET6, STM32H533CET6, STM32H533CEU6, STM32H533HEY6TR, STM32H533RET6, STM32H533VEI6, STM32H533VET6, STM32H533ZEJ6, STM32H533ZET6, STM32H562AGI6, STM32H562AII6, STM32H562IGK6, STM32H562IGT6, STM32H562IIK6, STM32H562IIT6, STM32H562RGT6, STM32H562RGV6, STM32H562RIT6, STM32H562RIV6, STM32H562VGT6, STM32H562VIT6, STM32H562ZGT6, STM32H562ZIT6, STM32H563AGI6, STM32H563AII3Q, STM32H563AII6, STM32H563IGK6, STM32H563IGT6, STM32H563IIK3Q, STM32H563IIK6, STM32H563IIT3Q, STM32H563IIT6, STM32H563MIY3QTR, STM32H563RGT6, STM32H563RGV6, STM32H563RIT6, STM32H563RIV6, STM32H563VGT6, STM32H563VIT3Q, STM32H563VIT6, STM32H563ZGT6, STM32H563ZIT3Q, STM32H563ZIT6, STM32H573AII3Q, STM32H573AII6, STM32H573I-DK, STM32H573IIK3Q, STM32H573IIK6, STM32H573IIT3Q, STM32H573IIT6, STM32H573MIY3QTR, STM32H573RIT6, STM32H573RIV6, STM32H573VIT3Q, STM32H573VIT6, STM32H573ZIT3Q, STM32H573ZIT6, STM32H7R3A8I6, STM32H7R3I8K6, STM32H7R3I8T6, STM32H7R3L8H6, STM32H7R3L8H6H, STM32H7R3R8V6, STM32H7R3V8H6, STM32H7R3V8T6, STM32H7R3V8Y6TR, STM32H7R3Z8J6, STM32H7R3Z8T6, STM32H7R7A8I6, STM32H7R7I8K6, STM32H7R7I8T6, STM32H7R7L8H6, STM32H7R7L8H6H, STM32H7R7Z8J6, STM32H7S3A8I6, STM32H7S3I8K6, STM32H7S3I8T6, STM32H7S3L8H6, STM32H7S3L8H6H, STM32H7S3R8V6, STM32H7S3V8H6, STM32H7S3V8T6, STM32H7S3V8Y6TR, STM32H7S3Z8J6, STM32H7S3Z8T6, STM32H7S78-DK, STM32H7S7A8I6, STM32H7S7I8K6, STM32H7S7I8T6, STM32H7S7L8H6, STM32H7S7L8H6H, STM32H7S7Z8J6, STM32L4R5QGI6STR, STM32MP131AAE3, STM32MP131AAF3, STM32MP131AAG3, STM32MP131CAE3, STM32MP131CAF3, STM32MP131CAG3, STM32MP131DAE7, STM32MP131DAF7, STM32MP131DAG7, STM32MP131FAE7, STM32MP131FAF7, STM32MP131FAG7, STM32MP133AAE3, STM32MP133AAF3, STM32MP133AAG3, STM32MP133CAE3, STM32MP133CAF3, STM32MP133CAG3, STM32MP133DAE7, STM32MP133DAF7, STM32MP133DAG7, STM32MP133FAE7, STM32MP133FAF7, STM32MP133FAG7, STM32MP135AAE3, STM32MP135AAF3, STM32MP135AAG3, STM32MP135CAE3, STM32MP135CAF3, STM32MP135CAG3, STM32MP135DAE7, STM32MP135DAF7, STM32MP135DAG7, STM32MP135F-DK, STM32MP135FAE7, STM32MP135FAF7, STM32MP135FAF7T, STM32MP135FAF7U, STM32MP135FAG7, STM32MP211AAL3, STM32MP211AAM3, STM32MP211AAN3, STM32MP211AAO3, STM32MP211CAL3, STM32MP211CAM3, STM32MP211CAN3, STM32MP211CAO3, STM32MP211DAL3, STM32MP211DAM3, STM32MP211DAN3, STM32MP211DAO3, STM32MP211FAL3, STM32MP211FAM3, STM32MP211FAN3, STM32MP211FAO3, STM32MP213AAL3, STM32MP213AAM3, STM32MP213AAN3, STM32MP213AAO3, STM32MP213CAL3, STM32MP213CAM3, STM32MP213CAN3, STM32MP213CAO3, STM32MP213DAL3, STM32MP213DAM3, STM32MP213DAN3, STM32MP213DAO3, STM32MP213FAL3, STM32MP213FAM3, STM32MP213FAN3, STM32MP213FAO3, STM32MP215AAL3, STM32MP215AAM3, STM32MP215AAN3, STM32MP215AAO3, STM32MP215CAL3, STM32MP215CAM3, STM32MP215CAN3, STM32MP215CAO3, STM32MP215DAL3, STM32MP215DAM3, STM32MP215DAN3, STM32MP215DAO3, STM32MP215F-DK, STM32MP215FAL3, STM32MP215FAM3, STM32MP215FAN3, STM32MP215FAO3, STM32MP231AAJ3, STM32MP231AAK3, STM32MP231AAL3, STM32MP231CAJ3, STM32MP231CAK3, STM32MP231CAL3, STM32MP231DAJ3, STM32MP231DAK3, STM32MP231DAL3, STM32MP231FAJ3, STM32MP231FAK3, STM32MP231FAL3, STM32MP233AAJ3, STM32MP233AAK3, STM32MP233AAL3, STM32MP233CAJ3, STM32MP233CAK3, STM32MP233CAL3, STM32MP233DAJ3, STM32MP233DAK3, STM32MP233DAL3, STM32MP233FAJ3, STM32MP233FAK3, STM32MP233FAL3, STM32MP235AAJ3, STM32MP235AAK3, STM32MP235AAL3, STM32MP235CAJ3, STM32MP235CAK3, STM32MP235CAL3, STM32MP235DAJ3, STM32MP235DAK3, STM32MP235DAL3, STM32MP235FAJ3, STM32MP235FAK3, STM32MP235FAL3, STM32MP251AAI3, STM32MP251AAK3, STM32MP251AAL3, STM32MP251CAI3, STM32MP251CAK3, STM32MP251CAL3, STM32MP251DAI3, STM32MP251DAK3, STM32MP251DAL3, STM32MP251FAI3, STM32MP251FAK3, STM32MP251FAL3, STM32MP253AAI3, STM32MP253AAK3, STM32MP253AAL3, STM32MP253CAI3, STM32MP253CAK3, STM32MP253CAL3, STM32MP253DAI3, STM32MP253DAK3, STM32MP253DAL3, STM32MP253FAI3, STM32MP253FAK3, STM32MP253FAL3, STM32MP255AAI3, STM32MP255AAK3, STM32MP255AAL3, STM32MP255CAI3, STM32MP255CAK3, STM32MP255CAL3, STM32MP255DAI3, STM32MP255DAK3, STM32MP255DAL3, STM32MP255FAI3, STM32MP255FAK3, STM32MP255FAL3, STM32MP257AAI3, STM32MP257AAK3, STM32MP257AAL3, STM32MP257CAI3, STM32MP257CAK3, STM32MP257CAL3, STM32MP257DAI3, STM32MP257DAK3, STM32MP257DAL3, STM32MP257F-DK, STM32MP257F-EV1, STM32MP257FAI3, STM32MP257FAK3, STM32MP257FAL3, STM32N645A0H3Q, STM32N645B0H3Q, STM32N645I0H3Q, STM32N645L0H3Q, STM32N645X0H3Q, STM32N645Z0H3Q, STM32N647A0H3Q, STM32N647B0H3Q, STM32N647I0H3Q, STM32N647L0H3Q, STM32N647X0H3Q, STM32N647Z0H3Q, STM32N655A0H3Q, STM32N655B0H3Q, STM32N655I0H3Q, STM32N655L0H3Q, STM32N655X0H3Q, STM32N655Z0H3Q, STM32N6570-DK, STM32N657A0H3Q, STM32N657B0H3Q, STM32N657I0H3Q, STM32N657L0H3Q, STM32N657X0H3Q, STM32N657Z0H3Q, STM32U031C6T6, STM32U031C6U6, STM32U031C8T6, STM32U031C8U6, STM32U031F4P6, STM32U031F6P6, STM32U031F8P6, STM32U031G6Y6TR, STM32U031G8Y6TR, STM32U031K4U6, STM32U031K6U6, STM32U031K8U6, STM32U031R6I6, STM32U031R6T6, STM32U031R8I6, STM32U031R8T6, STM32U073C8T6, STM32U073C8U6, STM32U073CBT6, STM32U073CBU6, STM32U073CCT6, STM32U073CCU6, STM32U073H8Y6TR, STM32U073HBY6TR, STM32U073HCY6TR, STM32U073K8U6, STM32U073KBU6, STM32U073KCU6, STM32U073M8I6, STM32U073M8T6, STM32U073MBI6, STM32U073MBT6, STM32U073MCI6, STM32U073MCT6, STM32U073R8I6, STM32U073R8T6, STM32U073RBI6, STM32U073RBT6, STM32U073RCI6, STM32U073RCT6, STM32U083C-DK, STM32U083CCT6, STM32U083CCU6, STM32U083HCY6TR, STM32U083KCU6, STM32U083MCI6, STM32U083MCT6, STM32U083RCI6, STM32U083RCT6, STM32U375CET6, STM32U375CET6Q, STM32U375CEU6, STM32U375CEU6Q, STM32U375CEY6QTR, STM32U375CGT6, STM32U375CGT6Q, STM32U375CGU6, STM32U375CGU6Q, STM32U375CGY6QTR, STM32U375KEU6, STM32U375KGU6, STM32U375REI6, STM32U375REI6Q, STM32U375RET6, STM32U375RET6Q, STM32U375REY6GTR, STM32U375REY6QTR, STM32U375RGI6, STM32U375RGI6Q, STM32U375RGT6, STM32U375RGT6Q, STM32U375RGY6GTR, STM32U375RGY6QTR, STM32U375VEI6, STM32U375VEI6Q, STM32U375VET6, STM32U375VET6Q, STM32U375VGI6, STM32U375VGI6Q, STM32U375VGT6, STM32U375VGT6Q, STM32U385CGT6, STM32U385CGT6Q, STM32U385CGU6, STM32U385CGU6Q, STM32U385CGY6QTR, STM32U385KGU6, STM32U385RGI6, STM32U385RGI6Q, STM32U385RGT6, STM32U385RGT6Q, STM32U385RGY6GTR, STM32U385RGY6QTR, STM32U385VGI6, STM32U385VGI6Q, STM32U385VGT6, STM32U385VGT6Q, STM32U535CBT6, STM32U535CBT6Q, STM32U535CBU6, STM32U535CBU6Q, STM32U535CCT6, STM32U535CCT6Q, STM32U535CCU6, STM32U535CCU6Q, STM32U535CET6, STM32U535CET6Q, STM32U535CEU6, STM32U535CEU6Q, STM32U535JEY6QTR, STM32U535NCY6QTR, STM32U535NEY6QTR, STM32U535RBI6, STM32U535RBI6Q, STM32U535RBT6, STM32U535RBT6Q, STM32U535RCI6, STM32U535RCI6Q, STM32U535RCT6, STM32U535RCT6Q, STM32U535REI6, STM32U535REI6Q, STM32U535RET6, STM32U535RET6Q, STM32U535VCI6, STM32U535VCI6Q, STM32U535VCT6, STM32U535VCT6Q, STM32U535VEI6, STM32U535VEI6Q, STM32U535VET6, STM32U535VET6Q, STM32U545CET6, STM32U545CET6Q, STM32U545CEU6, STM32U545CEU6Q, STM32U545JEY6QTR, STM32U545NEY6QTR, STM32U545REI6, STM32U545REI6Q, STM32U545RET6, STM32U545RET6Q, STM32U545VEI6, STM32U545VEI6Q, STM32U545VET6, STM32U545VET6Q, STM32U595AIH6, STM32U595AIH6Q, STM32U595AJH6, STM32U595AJH6Q, STM32U595QII6, STM32U595QII6Q, STM32U595QJI6, STM32U595QJI6Q, STM32U595RIT6, STM32U595RIT6Q, STM32U595RJT6, STM32U595RJT6Q, STM32U595VIT6, STM32U595VIT6Q, STM32U595VJT6, STM32U595VJT6Q, STM32U595ZIT6, STM32U595ZIT6Q, STM32U595ZIY6QTR, STM32U595ZJT6, STM32U595ZJT6Q, STM32U595ZJY6QTR, STM32U599BJY6QTR, STM32U599NIH6Q, STM32U599NJH6Q, STM32U599VIT6Q, STM32U599VJT6, STM32U599VJT6Q, STM32U599ZIT6Q, STM32U599ZIY6QTR, STM32U599ZJT6Q, STM32U599ZJY6QTR, STM32U5A5AJH6, STM32U5A5AJH6Q, STM32U5A5QII3Q , STM32U5A5QJI6, STM32U5A5QJI6Q, STM32U5A5RJT6, STM32U5A5RJT6Q, STM32U5A5VJT6, STM32U5A5VJT6Q, STM32U5A5ZJT6, STM32U5A5ZJT6Q, STM32U5A5ZJY6QTR, STM32U5A9BJY6QTR, STM32U5A9J-DK, STM32U5A9NJH6Q, STM32U5A9VJT6Q, STM32U5A9ZJT6Q, STM32U5A9ZJY6QTR, STM32U5F7VIT6, STM32U5F7VIT6Q, STM32U5F7VJT6, STM32U5F7VJT6Q, STM32U5F9BJY6QTR, STM32U5F9NJH6Q, STM32U5F9VIT6Q, STM32U5F9VJT6Q, STM32U5F9ZIJ6QTR, STM32U5F9ZIT6Q, STM32U5F9ZJJ6QTR, STM32U5F9ZJT6Q, STM32U5G7VJT6, STM32U5G7VJT6Q, STM32U5G9BJY6QTR, STM32U5G9J-DK1, STM32U5G9J-DK2, STM32U5G9NJH6Q, STM32U5G9VJT6Q, STM32U5G9ZJJ6QTR, STM32U5G9ZJT6Q, STM32WB05KZV6TR, STM32WB05KZV7TR, STM32WB05TZF6TR, STM32WB05TZF7TR, STM32WB06CCF6TR, STM32WB06CCF7TR, STM32WB06CCV6TR, STM32WB06CCV7TR, STM32WB06KCV6TR, STM32WB06KCV7TR, STM32WB07CCF6TR, STM32WB07CCF7TR, STM32WB07CCV6TR, STM32WB07CCV7TR, STM32WB07KCV6TR, STM32WB07KCV7TR, STM32WB09KEV6TR, STM32WB09KEV7TR, STM32WB09TEF6TR, STM32WB09TEF7TR, STM32WB1MMCH6, STM32WBA50KGU6, STM32WBA50KGU6TR, STM32WBA52CEU6, STM32WBA52CEU6TR, STM32WBA52CEU7, STM32WBA52CEU7TR, STM32WBA52CGU6, STM32WBA52CGU6TR, STM32WBA52CGU6U, STM32WBA52CGU7, STM32WBA52CGU7TR, STM32WBA52KEU6, STM32WBA52KEU6TR, STM32WBA52KGU6, STM32WBA52KGU6TR, STM32WBA54CEU6, STM32WBA54CEU6TR, STM32WBA54CEU7, STM32WBA54CEU7TR, STM32WBA54CGU6, STM32WBA54CGU6TR, STM32WBA54CGU7, STM32WBA54CGU7TR, STM32WBA54KEU6, STM32WBA54KEU6TR, STM32WBA54KEU7, STM32WBA54KEU7TR, STM32WBA54KGU6, STM32WBA54KGU6TR, STM32WBA54KGU7, STM32WBA54KGU7TR, STM32WBA55CEU6, STM32WBA55CEU6TR, STM32WBA55CEU7, STM32WBA55CEU7TR, STM32WBA55CGU6, STM32WBA55CGU6TR, STM32WBA55CGU6U, STM32WBA55CGU7, STM32WBA55CGU7TR, STM32WBA55G-DK1, STM32WBA55HEF6, STM32WBA55HEF7, STM32WBA55HGF6, STM32WBA55HGF7, STM32WBA55UEI6, STM32WBA55UEI6TR, STM32WBA55UEI7, STM32WBA55UEI7TR, STM32WBA55UGI6, STM32WBA55UGI6TR, STM32WBA55UGI7, STM32WBA55UGI7TR, STM32WBA5MMGH6TR, STM32WBA62MGF6, STM32WBA62MIF6, STM32WBA65MGF7, STM32WBA65MIF6, STM32WBA65MIF7, STM32WL30K8V6, STM32WL30KBV6, STM32WL31C8V6, STM32WL31CBV6, STM32WL31K8V6, STM32WL31KBV6, STM32WL33C8V6, STM32WL33C8V6X, STM32WL33CBV6, STM32WL33CBV6X, STM32WL33CCV6, STM32WL33CCV6A, STM32WL33CCV6X, STM32WL33K8V7, STM32WL33K8V7X, STM32WL33KBV7 , STM32WL33KBV7X, STM32WL33KCV7, STM32WL33KCV7X, STM32WL5MOCH6, STM32WL5MOCH6TR]
2025-10-28 19:40:03,902 [INFO] BoardInfo:889 - No configuration file found for board P-NUCLEO-WB55
2025-10-28 19:40:03,905 [INFO] DbBoards:161 - Kit is not supported: P-NUCLEO-WB55
2025-10-28 19:40:03,913 [INFO] BoardInfo:889 - No configuration file found for board STEVAL-BFA001V1B
2025-10-28 19:40:03,915 [INFO] DbBoards:161 - Kit is not supported: STEVAL-BFA001V1B
2025-10-28 19:40:03,916 [INFO] BoardInfo:889 - No configuration file found for board STEVAL-BFA001V2B
2025-10-28 19:40:03,917 [INFO] DbBoards:161 - Kit is not supported: STEVAL-BFA001V2B
2025-10-28 19:40:04,190 [INFO] DbBoards:168 - Found 212 boards, 209 are supported
2025-10-28 19:40:04,190 [INFO] DbBoards:169 - Found 212 boards, 43 of them is supported for  Bsp
2025-10-28 19:40:04,194 [INFO] ApiDb:668 - CubeFinder database Data Model version=2.1
2025-10-28 19:40:04,194 [INFO] ApiDb:669 - CubeFinder database Configuration version=3.0.39
2025-10-28 19:40:04,194 [INFO] ApiDb:670 - CubeFinder database generation date=2025-08-25 (1756130511)
2025-10-28 19:40:04,194 [INFO] ApiDb:671 - CubeFinder database FW Pack versions=[FP-ATR-ASTRA1_V2.0.0, FP-SNS-FLIGHT1_V5.1.0, FP-SNS-MOTENV1_V5.0.0, FP-SNS-MOTENVWB1_V1.4.0, FP-SNS-SMARTAG2_V1.2.0, FP-SNS-STBOX1_V2.1.0, STM32Cube_FW_C0_V1.4.0, STM32Cube_FW_F4_V1.28.3, STM32Cube_FW_F7_V1.17.4, STM32Cube_FW_G0_V1.6.2, STM32Cube_FW_G4_V1.6.1, STM32Cube_FW_H5_V1.5.0, STM32Cube_FW_H7RS_V1.2.0, STM32Cube_FW_H7_V1.12.1, STM32Cube_FW_L0_V1.12.2, STM32Cube_FW_L4_V1.18.1, STM32Cube_FW_L5_V1.5.1, STM32Cube_FW_N6_V1.2.0, STM32Cube_FW_U0_V1.3.0, STM32Cube_FW_U3_V1.2.0, STM32Cube_FW_U5_V1.8.0, STM32Cube_FW_WB0_V1.3.0, STM32Cube_FW_WBA_V1.7.0, STM32Cube_FW_WB_V1.23.0, STM32Cube_FW_WL3_V1.2.0, STM32Cube_FW_WL_V1.3.1, X-CUBE-ALGOBUILD_V1.4.0, X-CUBE-ALS_V1.0.2, X-CUBE-AZRTOS-F4_V1.1.0, X-CUBE-AZRTOS-F7_V1.1.0, X-CUBE-AZRTOS-G0_V1.1.0, X-CUBE-AZRTOS-G4_V2.0.0, X-CUBE-AZRTOS-H7RS_V1.1.0, X-CUBE-AZRTOS-H7_V3.4.0, X-CUBE-AZRTOS-L4_V2.0.0, X-CUBE-AZRTOS-L5_V2.0.0, X-CUBE-AZRTOS-WB_V2.0.0, X-CUBE-AZRTOS-WL_V2.0.0, X-CUBE-BLE1_V7.1.0, X-CUBE-BLE2_V3.3.0, X-CUBE-BLEMGR_V4.1.0, X-CUBE-EEPRMA1_V5.2.0, X-CUBE-FREERTOS_V1.3.1, X-CUBE-GNSS1_V6.0.0, X-CUBE-MEMS1_V11.3.0, X-CUBE-NFC4_V3.0.0, X-CUBE-NFC7_V2.0.0, X-CUBE-SFXS2LP1_V4.0.0, X-CUBE-ST67W61_V1.0.0, X-CUBE-SUBG2_V5.0.0, X-CUBE-TOF1_V3.4.3]
2025-10-28 19:40:06,310 [INFO] ApiDb:240 - Found 880 in-development CPN: [B-G473E-ZEST1S, B-WB1M-WPAN1, B-WBA5M-WPAN, B-WL5M-SUBG1, NUCLEO-C031C6, NUCLEO-C051C8, NUCLEO-C071RB, NUCLEO-C092RC, NUCLEO-H503RB, NUCLEO-H533RE, NUCLEO-H563ZI, NUCLEO-H7S3L8, NUCLEO-N657X0-Q, NUCLEO-U031R8, NUCLEO-U083RC, NUCLEO-U385RG-Q, NUCLEO-U545RE-Q, NUCLEO-U5A5ZJ-Q, NUCLEO-WB05KZ, NUCLEO-WB07CC, NUCLEO-WB09KE, NUCLEO-WBA52CG, NUCLEO-WBA55CG, NUCLEO-WL33CC1, NUCLEO-WL33CC2, STEVAL-PROTEUS1, STEVAL-SMARTAG2, STEVAL-STWINBX1, STM320518-EVAL, STM32C0116-DK, STM32C011D6Y3TR, STM32C011D6Y6TR, STM32C011F4P3, STM32C011F4P6, STM32C011F4U3, STM32C011F4U6TR, STM32C011F6P3, STM32C011F6P6, STM32C011F6U3, STM32C011F6U6TR, STM32C011J4M3, STM32C011J4M6, STM32C011J6M3, STM32C011J6M6, STM32C0316-DK, STM32C031C4T3, STM32C031C4T6, STM32C031C4U3, STM32C031C4U6, STM32C031C6T3, STM32C031C6T6, STM32C031C6U3, STM32C031C6U6, STM32C031F4P3, STM32C031F4P6, STM32C031F6P3, STM32C031F6P6, STM32C031G4U3, STM32C031G4U6, STM32C031G6U3, STM32C031G6U6, STM32C031K4T3, STM32C031K4T6, STM32C031K4U3, STM32C031K4U6, STM32C031K6T3, STM32C031K6T6, STM32C031K6U3, STM32C031K6U6, STM32C051C6T6, STM32C051C6U6, STM32C051C8T6, STM32C051C8U6, STM32C051D8Y6TR, STM32C051F6P6, STM32C051F8P6, STM32C051G6U6, STM32C051G8U6, STM32C051K6T6, STM32C051K6U6, STM32C051K8T6, STM32C071C8T6, STM32C071C8T6N, STM32C071C8U6, STM32C071C8U6N, STM32C071CBT6, STM32C071CBT6N, STM32C071CBU6, STM32C071CBU6N, STM32C071F8P6, STM32C071F8P6N, STM32C071FBP6, STM32C071FBP6N, STM32C071FBY6TR, STM32C071G8U6, STM32C071G8U6N, STM32C071GBU6, STM32C071GBU6N, STM32C071K8T6, STM32C071K8T6N, STM32C071K8U6, STM32C071K8U6N, STM32C071KBT6, STM32C071KBT6N, STM32C071KBU6, STM32C071KBU6N, STM32C071R8T6, STM32C071R8T6N, STM32C071RBI6N, STM32C071RBT6, STM32C071RBT6N, STM32C091CBT6, STM32C091CBU6, STM32C091CCT6, STM32C091CCU6, STM32C091ECY6TR, STM32C091FBP6, STM32C091FCP6, STM32C091GBU6, STM32C091GCU6, STM32C091KBT6, STM32C091KBU6, STM32C091KCT6, STM32C091KCU6, STM32C091RBT6, STM32C091RCI6, STM32C091RCT6, STM32C092CBT6, STM32C092CBU6, STM32C092CCT6, STM32C092CCU6, STM32C092ECY6TR, STM32C092FBP6, STM32C092FCP6, STM32C092GBU6, STM32C092GCU6, STM32C092KBT6, STM32C092KBU6, STM32C092KCT6, STM32C092KCU6, STM32C092RBT6, STM32C092RCI6, STM32C092RCT6, STM32G071K8TXN, STM32G071K8UXN, STM32G081GBU6N, STM32G081KBT6N, STM32G081KBUXN, STM32G0B1CCT6N, STM32G0B1KCT6, STM32G0B1NEY6TR, STM32G0B1RCT6N, STM32G0C1CCT6, STM32G0C1CCT6N, STM32G0C1CCU6N, STM32G0C1CET6N, STM32G0C1CEU6N, STM32G0C1KCT6, STM32G0C1NEY6TR, STM32G0C1RCI6N, STM32G0C1RCT6N, STM32G0C1REI6N, STM32G0C1RET6N, STM32G0C1VCI6, STM32G0C1VEI6, STM32G411C6T3, STM32G411C6T6, STM32G411C6U3, STM32G411C6U6, STM32G411C8T3, STM32G411C8T6, STM32G411C8U3, STM32G411C8U6, STM32G411CBT3, STM32G411CBT6, STM32G411CBU3, STM32G411CBU6, STM32G411K6T3, STM32G411K6T6, STM32G411K6U3, STM32G411K6U6, STM32G411K8T3, STM32G411K8T6, STM32G411K8U3, STM32G411K8U6, STM32G411KBT3, STM32G411KBT6, STM32G411KBU3, STM32G411KBU6, STM32G411M6T3, STM32G411M6T6, STM32G411M8T3, STM32G411M8T6, STM32G411MBT3, STM32G411MBT6, STM32G411R6T3, STM32G411R6T6, STM32G411R8T3, STM32G411R8T6, STM32G411RBT3, STM32G411RBT6, STM32G414CBT3, STM32G414CBT6, STM32G414CBU3, STM32G414CBU6, STM32G414CCT3, STM32G414CCT6, STM32G414CCU3, STM32G414CCU6, STM32G414MBT3, STM32G414MBT6, STM32G414MCT3, STM32G414MCT6, STM32G414RBT3, STM32G414RBT6, STM32G414RCT3, STM32G414RCT6, STM32G414VBT3, STM32G414VBT6, STM32G414VCT3, STM32G414VCT6, STM32G431CBT3Z, STM32G431RBT3Z, STM32G471CCT6, STM32G471CCU6, STM32G471CET3, STM32G471CET6, STM32G471CEU3, STM32G471CEU6, STM32G471MCT6, STM32G471MET3, STM32G471MET6, STM32G471MEY6TR, STM32G471QCT6, STM32G471QET3, STM32G471RCT6, STM32G471RET3, STM32G471RET6, STM32G471VCH6, STM32G471VCI6, STM32G471VCT6, STM32G471VEH3, STM32G471VEH6, STM32G471VEI3, STM32G471VEI6, STM32G471VET3, STM32G471VET6, STM32G473QET3Z, STM32G473RET3Z, STM32G474CCT6, STM32G491RET3Z, STM32H503CBT6, STM32H503CBU6, STM32H503EBY6TR, STM32H503KBU6, STM32H503RBT6, STM32H523CCT6, STM32H523CCU6, STM32H523CET6, STM32H523CEU6, STM32H523HEY6TR, STM32H523RCT6, STM32H523RET6, STM32H523VCI6, STM32H523VCT6, STM32H523VEI6, STM32H523VET6, STM32H523ZCJ6, STM32H523ZCT6, STM32H523ZEJ6, STM32H523ZET6, STM32H533CET6, STM32H533CEU6, STM32H533HEY6TR, STM32H533RET6, STM32H533VEI6, STM32H533VET6, STM32H533ZEJ6, STM32H533ZET6, STM32H562AGI6, STM32H562AII6, STM32H562IGK6, STM32H562IGT6, STM32H562IIK6, STM32H562IIT6, STM32H562RGT6, STM32H562RGV6, STM32H562RIT6, STM32H562RIV6, STM32H562VGT6, STM32H562VIT6, STM32H562ZGT6, STM32H562ZIT6, STM32H563AGI6, STM32H563AII3Q, STM32H563AII6, STM32H563IGK6, STM32H563IGT6, STM32H563IIK3Q, STM32H563IIK6, STM32H563IIT3Q, STM32H563IIT6, STM32H563MIY3QTR, STM32H563RGT6, STM32H563RGV6, STM32H563RIT6, STM32H563RIV6, STM32H563VGT6, STM32H563VIT3Q, STM32H563VIT6, STM32H563ZGT6, STM32H563ZIT3Q, STM32H563ZIT6, STM32H573AII3Q, STM32H573AII6, STM32H573I-DK, STM32H573IIK3Q, STM32H573IIK6, STM32H573IIT3Q, STM32H573IIT6, STM32H573MIY3QTR, STM32H573RIT6, STM32H573RIV6, STM32H573VIT3Q, STM32H573VIT6, STM32H573ZIT3Q, STM32H573ZIT6, STM32H7R3A8I6, STM32H7R3I8K6, STM32H7R3I8T6, STM32H7R3L8H6, STM32H7R3L8H6H, STM32H7R3R8V6, STM32H7R3V8H6, STM32H7R3V8T6, STM32H7R3V8Y6TR, STM32H7R3Z8J6, STM32H7R3Z8T6, STM32H7R7A8I6, STM32H7R7I8K6, STM32H7R7I8T6, STM32H7R7L8H6, STM32H7R7L8H6H, STM32H7R7Z8J6, STM32H7S3A8I6, STM32H7S3I8K6, STM32H7S3I8T6, STM32H7S3L8H6, STM32H7S3L8H6H, STM32H7S3R8V6, STM32H7S3V8H6, STM32H7S3V8T6, STM32H7S3V8Y6TR, STM32H7S3Z8J6, STM32H7S3Z8T6, STM32H7S78-DK, STM32H7S7A8I6, STM32H7S7I8K6, STM32H7S7I8T6, STM32H7S7L8H6, STM32H7S7L8H6H, STM32H7S7Z8J6, STM32L4R5QGI6STR, STM32MP131AAE3, STM32MP131AAF3, STM32MP131AAG3, STM32MP131CAE3, STM32MP131CAF3, STM32MP131CAG3, STM32MP131DAE7, STM32MP131DAF7, STM32MP131DAG7, STM32MP131FAE7, STM32MP131FAF7, STM32MP131FAG7, STM32MP133AAE3, STM32MP133AAF3, STM32MP133AAG3, STM32MP133CAE3, STM32MP133CAF3, STM32MP133CAG3, STM32MP133DAE7, STM32MP133DAF7, STM32MP133DAG7, STM32MP133FAE7, STM32MP133FAF7, STM32MP133FAG7, STM32MP135AAE3, STM32MP135AAF3, STM32MP135AAG3, STM32MP135CAE3, STM32MP135CAF3, STM32MP135CAG3, STM32MP135DAE7, STM32MP135DAF7, STM32MP135DAG7, STM32MP135F-DK, STM32MP135FAE7, STM32MP135FAF7, STM32MP135FAF7T, STM32MP135FAF7U, STM32MP135FAG7, STM32MP211AAL3, STM32MP211AAM3, STM32MP211AAN3, STM32MP211AAO3, STM32MP211CAL3, STM32MP211CAM3, STM32MP211CAN3, STM32MP211CAO3, STM32MP211DAL3, STM32MP211DAM3, STM32MP211DAN3, STM32MP211DAO3, STM32MP211FAL3, STM32MP211FAM3, STM32MP211FAN3, STM32MP211FAO3, STM32MP213AAL3, STM32MP213AAM3, STM32MP213AAN3, STM32MP213AAO3, STM32MP213CAL3, STM32MP213CAM3, STM32MP213CAN3, STM32MP213CAO3, STM32MP213DAL3, STM32MP213DAM3, STM32MP213DAN3, STM32MP213DAO3, STM32MP213FAL3, STM32MP213FAM3, STM32MP213FAN3, STM32MP213FAO3, STM32MP215AAL3, STM32MP215AAM3, STM32MP215AAN3, STM32MP215AAO3, STM32MP215CAL3, STM32MP215CAM3, STM32MP215CAN3, STM32MP215CAO3, STM32MP215DAL3, STM32MP215DAM3, STM32MP215DAN3, STM32MP215DAO3, STM32MP215F-DK, STM32MP215FAL3, STM32MP215FAM3, STM32MP215FAN3, STM32MP215FAO3, STM32MP231AAJ3, STM32MP231AAK3, STM32MP231AAL3, STM32MP231CAJ3, STM32MP231CAK3, STM32MP231CAL3, STM32MP231DAJ3, STM32MP231DAK3, STM32MP231DAL3, STM32MP231FAJ3, STM32MP231FAK3, STM32MP231FAL3, STM32MP233AAJ3, STM32MP233AAK3, STM32MP233AAL3, STM32MP233CAJ3, STM32MP233CAK3, STM32MP233CAL3, STM32MP233DAJ3, STM32MP233DAK3, STM32MP233DAL3, STM32MP233FAJ3, STM32MP233FAK3, STM32MP233FAL3, STM32MP235AAJ3, STM32MP235AAK3, STM32MP235AAL3, STM32MP235CAJ3, STM32MP235CAK3, STM32MP235CAL3, STM32MP235DAJ3, STM32MP235DAK3, STM32MP235DAL3, STM32MP235FAJ3, STM32MP235FAK3, STM32MP235FAL3, STM32MP251AAI3, STM32MP251AAK3, STM32MP251AAL3, STM32MP251CAI3, STM32MP251CAK3, STM32MP251CAL3, STM32MP251DAI3, STM32MP251DAK3, STM32MP251DAL3, STM32MP251FAI3, STM32MP251FAK3, STM32MP251FAL3, STM32MP253AAI3, STM32MP253AAK3, STM32MP253AAL3, STM32MP253CAI3, STM32MP253CAK3, STM32MP253CAL3, STM32MP253DAI3, STM32MP253DAK3, STM32MP253DAL3, STM32MP253FAI3, STM32MP253FAK3, STM32MP253FAL3, STM32MP255AAI3, STM32MP255AAK3, STM32MP255AAL3, STM32MP255CAI3, STM32MP255CAK3, STM32MP255CAL3, STM32MP255DAI3, STM32MP255DAK3, STM32MP255DAL3, STM32MP255FAI3, STM32MP255FAK3, STM32MP255FAL3, STM32MP257AAI3, STM32MP257AAK3, STM32MP257AAL3, STM32MP257CAI3, STM32MP257CAK3, STM32MP257CAL3, STM32MP257DAI3, STM32MP257DAK3, STM32MP257DAL3, STM32MP257F-DK, STM32MP257F-EV1, STM32MP257FAI3, STM32MP257FAK3, STM32MP257FAL3, STM32N645A0H3Q, STM32N645B0H3Q, STM32N645I0H3Q, STM32N645L0H3Q, STM32N645X0H3Q, STM32N645Z0H3Q, STM32N647A0H3Q, STM32N647B0H3Q, STM32N647I0H3Q, STM32N647L0H3Q, STM32N647X0H3Q, STM32N647Z0H3Q, STM32N655A0H3Q, STM32N655B0H3Q, STM32N655I0H3Q, STM32N655L0H3Q, STM32N655X0H3Q, STM32N655Z0H3Q, STM32N6570-DK, STM32N657A0H3Q, STM32N657B0H3Q, STM32N657I0H3Q, STM32N657L0H3Q, STM32N657X0H3Q, STM32N657Z0H3Q, STM32U031C6T6, STM32U031C6U6, STM32U031C8T6, STM32U031C8U6, STM32U031F4P6, STM32U031F6P6, STM32U031F8P6, STM32U031G6Y6TR, STM32U031G8Y6TR, STM32U031K4U6, STM32U031K6U6, STM32U031K8U6, STM32U031R6I6, STM32U031R6T6, STM32U031R8I6, STM32U031R8T6, STM32U073C8T6, STM32U073C8U6, STM32U073CBT6, STM32U073CBU6, STM32U073CCT6, STM32U073CCU6, STM32U073H8Y6TR, STM32U073HBY6TR, STM32U073HCY6TR, STM32U073K8U6, STM32U073KBU6, STM32U073KCU6, STM32U073M8I6, STM32U073M8T6, STM32U073MBI6, STM32U073MBT6, STM32U073MCI6, STM32U073MCT6, STM32U073R8I6, STM32U073R8T6, STM32U073RBI6, STM32U073RBT6, STM32U073RCI6, STM32U073RCT6, STM32U083C-DK, STM32U083CCT6, STM32U083CCU6, STM32U083HCY6TR, STM32U083KCU6, STM32U083MCI6, STM32U083MCT6, STM32U083RCI6, STM32U083RCT6, STM32U375CET6, STM32U375CET6Q, STM32U375CEU6, STM32U375CEU6Q, STM32U375CEY6QTR, STM32U375CGT6, STM32U375CGT6Q, STM32U375CGU6, STM32U375CGU6Q, STM32U375CGY6QTR, STM32U375KEU6, STM32U375KGU6, STM32U375REI6, STM32U375REI6Q, STM32U375RET6, STM32U375RET6Q, STM32U375REY6GTR, STM32U375REY6QTR, STM32U375RGI6, STM32U375RGI6Q, STM32U375RGT6, STM32U375RGT6Q, STM32U375RGY6GTR, STM32U375RGY6QTR, STM32U375VEI6, STM32U375VEI6Q, STM32U375VET6, STM32U375VET6Q, STM32U375VGI6, STM32U375VGI6Q, STM32U375VGT6, STM32U375VGT6Q, STM32U385CGT6, STM32U385CGT6Q, STM32U385CGU6, STM32U385CGU6Q, STM32U385CGY6QTR, STM32U385KGU6, STM32U385RGI6, STM32U385RGI6Q, STM32U385RGT6, STM32U385RGT6Q, STM32U385RGY6GTR, STM32U385RGY6QTR, STM32U385VGI6, STM32U385VGI6Q, STM32U385VGT6, STM32U385VGT6Q, STM32U535CBT6, STM32U535CBT6Q, STM32U535CBU6, STM32U535CBU6Q, STM32U535CCT6, STM32U535CCT6Q, STM32U535CCU6, STM32U535CCU6Q, STM32U535CET6, STM32U535CET6Q, STM32U535CEU6, STM32U535CEU6Q, STM32U535JEY6QTR, STM32U535NCY6QTR, STM32U535NEY6QTR, STM32U535RBI6, STM32U535RBI6Q, STM32U535RBT6, STM32U535RBT6Q, STM32U535RCI6, STM32U535RCI6Q, STM32U535RCT6, STM32U535RCT6Q, STM32U535REI6, STM32U535REI6Q, STM32U535RET6, STM32U535RET6Q, STM32U535VCI6, STM32U535VCI6Q, STM32U535VCT6, STM32U535VCT6Q, STM32U535VEI6, STM32U535VEI6Q, STM32U535VET6, STM32U535VET6Q, STM32U545CET6, STM32U545CET6Q, STM32U545CEU6, STM32U545CEU6Q, STM32U545JEY6QTR, STM32U545NEY6QTR, STM32U545REI6, STM32U545REI6Q, STM32U545RET6, STM32U545RET6Q, STM32U545VEI6, STM32U545VEI6Q, STM32U545VET6, STM32U545VET6Q, STM32U595AIH6, STM32U595AIH6Q, STM32U595AJH6, STM32U595AJH6Q, STM32U595QII6, STM32U595QII6Q, STM32U595QJI6, STM32U595QJI6Q, STM32U595RIT6, STM32U595RIT6Q, STM32U595RJT6, STM32U595RJT6Q, STM32U595VIT6, STM32U595VIT6Q, STM32U595VJT6, STM32U595VJT6Q, STM32U595ZIT6, STM32U595ZIT6Q, STM32U595ZIY6QTR, STM32U595ZJT6, STM32U595ZJT6Q, STM32U595ZJY6QTR, STM32U599BJY6QTR, STM32U599NIH6Q, STM32U599NJH6Q, STM32U599VIT6Q, STM32U599VJT6, STM32U599VJT6Q, STM32U599ZIT6Q, STM32U599ZIY6QTR, STM32U599ZJT6Q, STM32U599ZJY6QTR, STM32U5A5AJH6, STM32U5A5AJH6Q, STM32U5A5QII3Q , STM32U5A5QJI6, STM32U5A5QJI6Q, STM32U5A5RJT6, STM32U5A5RJT6Q, STM32U5A5VJT6, STM32U5A5VJT6Q, STM32U5A5ZJT6, STM32U5A5ZJT6Q, STM32U5A5ZJY6QTR, STM32U5A9BJY6QTR, STM32U5A9J-DK, STM32U5A9NJH6Q, STM32U5A9VJT6Q, STM32U5A9ZJT6Q, STM32U5A9ZJY6QTR, STM32U5F7VIT6, STM32U5F7VIT6Q, STM32U5F7VJT6, STM32U5F7VJT6Q, STM32U5F9BJY6QTR, STM32U5F9NJH6Q, STM32U5F9VIT6Q, STM32U5F9VJT6Q, STM32U5F9ZIJ6QTR, STM32U5F9ZIT6Q, STM32U5F9ZJJ6QTR, STM32U5F9ZJT6Q, STM32U5G7VJT6, STM32U5G7VJT6Q, STM32U5G9BJY6QTR, STM32U5G9J-DK1, STM32U5G9J-DK2, STM32U5G9NJH6Q, STM32U5G9VJT6Q, STM32U5G9ZJJ6QTR, STM32U5G9ZJT6Q, STM32WB05KZV6TR, STM32WB05KZV7TR, STM32WB05TZF6TR, STM32WB05TZF7TR, STM32WB06CCF6TR, STM32WB06CCF7TR, STM32WB06CCV6TR, STM32WB06CCV7TR, STM32WB06KCV6TR, STM32WB06KCV7TR, STM32WB07CCF6TR, STM32WB07CCF7TR, STM32WB07CCV6TR, STM32WB07CCV7TR, STM32WB07KCV6TR, STM32WB07KCV7TR, STM32WB09KEV6TR, STM32WB09KEV7TR, STM32WB09TEF6TR, STM32WB09TEF7TR, STM32WB1MMCH6, STM32WBA50KGU6, STM32WBA50KGU6TR, STM32WBA52CEU6, STM32WBA52CEU6TR, STM32WBA52CEU7, STM32WBA52CEU7TR, STM32WBA52CGU6, STM32WBA52CGU6TR, STM32WBA52CGU6U, STM32WBA52CGU7, STM32WBA52CGU7TR, STM32WBA52KEU6, STM32WBA52KEU6TR, STM32WBA52KGU6, STM32WBA52KGU6TR, STM32WBA54CEU6, STM32WBA54CEU6TR, STM32WBA54CEU7, STM32WBA54CEU7TR, STM32WBA54CGU6, STM32WBA54CGU6TR, STM32WBA54CGU7, STM32WBA54CGU7TR, STM32WBA54KEU6, STM32WBA54KEU6TR, STM32WBA54KEU7, STM32WBA54KEU7TR, STM32WBA54KGU6, STM32WBA54KGU6TR, STM32WBA54KGU7, STM32WBA54KGU7TR, STM32WBA55CEU6, STM32WBA55CEU6TR, STM32WBA55CEU7, STM32WBA55CEU7TR, STM32WBA55CGU6, STM32WBA55CGU6TR, STM32WBA55CGU6U, STM32WBA55CGU7, STM32WBA55CGU7TR, STM32WBA55G-DK1, STM32WBA55HEF6, STM32WBA55HEF7, STM32WBA55HGF6, STM32WBA55HGF7, STM32WBA55UEI6, STM32WBA55UEI6TR, STM32WBA55UEI7, STM32WBA55UEI7TR, STM32WBA55UGI6, STM32WBA55UGI6TR, STM32WBA55UGI7, STM32WBA55UGI7TR, STM32WBA5MMGH6TR, STM32WBA62MGF6, STM32WBA62MIF6, STM32WBA65MGF7, STM32WBA65MIF6, STM32WBA65MIF7, STM32WL30K8V6, STM32WL30KBV6, STM32WL31C8V6, STM32WL31CBV6, STM32WL31K8V6, STM32WL31KBV6, STM32WL33C8V6, STM32WL33C8V6X, STM32WL33CBV6, STM32WL33CBV6X, STM32WL33CCV6, STM32WL33CCV6A, STM32WL33CCV6X, STM32WL33K8V7, STM32WL33K8V7X, STM32WL33KBV7 , STM32WL33KBV7X, STM32WL33KCV7, STM32WL33KCV7X, STM32WL5MOCH6, STM32WL5MOCH6TR]
2025-10-28 19:40:06,316 [INFO] DbMcus:218 - Found 4801 MCUs, 4801 are supported
2025-10-28 19:40:06,317 [INFO] ApiDb:423 - Load user favorites file C:\Users\rolni/.stm32cubeide/favorites.mcus.txt: 3 item(s)
2025-10-28 19:40:06,317 [INFO] ApiDb:427 - User favorites MCUs=[STM32F303K8T6, STM32F413ZHT6, STM32H755ZIT6]
2025-10-28 19:40:06,317 [INFO] DbMcus:224 - Set 3 / 3 favorites MCUs
2025-10-28 19:40:06,977 [INFO] ApiDb:423 - Load user favorites file C:\Users\rolni/.stm32cubeide/favorites.boards.txt: 1 item(s)
2025-10-28 19:40:06,977 [INFO] ApiDb:427 - User favorites Boards=[NUCLEO-F413ZH]
2025-10-28 19:40:06,977 [INFO] DbBoards:198 - Set 1 / 1 favorites Boards
2025-10-28 19:40:07,060 [INFO] UtilMem:75 - End LoadConfig() Used Memory: 290743232 Bytes (423624704)
2025-10-28 19:40:07,241 [WARN] ThirdParty:833 - waiting for thirdparty lock release [change project]
2025-10-28 19:40:07,241 [INFO] ThirdParty:835 - entering critical section [change project]
2025-10-28 19:40:07,242 [INFO] ThirdParty:1030 - CMSIS Pack Vendor :STMicroelectronics X-CUBE-PM33A1 1.0.0
2025-10-28 19:40:07,242 [INFO] ThirdParty:1030 - CMSIS Pack Vendor :STMicroelectronics USBPD 4.1
2025-10-28 19:40:07,242 [INFO] ThirdParty:1030 - CMSIS Pack Vendor :STMicroelectronics X-CUBE-GNSS1 6.0.0
2025-10-28 19:40:07,242 [INFO] ThirdParty:1030 - CMSIS Pack Vendor :STMicroelectronics USB_HOST 2.0.0
2025-10-28 19:40:07,242 [INFO] ThirdParty:1030 - CMSIS Pack Vendor :STMicroelectronics FP-SNS-MOTENVWB1 1.4.0
2025-10-28 19:40:07,242 [INFO] ThirdParty:1030 - CMSIS Pack Vendor :STMicroelectronics X-CUBE-AZRTOS-F4 1.1.0
2025-10-28 19:40:07,242 [INFO] ThirdParty:1030 - CMSIS Pack Vendor :STMicroelectronics LIBJPEG 8.0.0
2025-10-28 19:40:07,242 [INFO] ThirdParty:1030 - CMSIS Pack Vendor :STMicroelectronics FP-ATR-ASTRA1 2.0.2
2025-10-28 19:40:07,242 [INFO] ThirdParty:1030 - CMSIS Pack Vendor :Avnet-IotConnect X-CUBE-IoTC-DA16k-PMOD 1.0.0
2025-10-28 19:40:07,242 [INFO] ThirdParty:1030 - CMSIS Pack Vendor :STMicroelectronics X-CUBE-SMBUS 2.1.0
2025-10-28 19:40:07,242 [INFO] ThirdParty:1030 - CMSIS Pack Vendor :STMicroelectronics X-CUBE-ISPU 2.1.0
2025-10-28 19:40:07,242 [INFO] ThirdParty:1030 - CMSIS Pack Vendor :STMicroelectronics X-CUBE-IPS 3.2.0
2025-10-28 19:40:07,242 [INFO] ThirdParty:1030 - CMSIS Pack Vendor :STMicroelectronics X-CUBE-FREERTOS 1.2.0
2025-10-28 19:40:07,242 [INFO] ThirdParty:1030 - CMSIS Pack Vendor :STMicroelectronics X-CUBE-ST60 1.0.0
2025-10-28 19:40:07,242 [INFO] ThirdParty:1030 - CMSIS Pack Vendor :STMicroelectronics X-CUBE-NFC12 1.0.0
2025-10-28 19:40:07,242 [INFO] ThirdParty:1030 - CMSIS Pack Vendor :STMicroelectronics X-CUBE-AZRTOS-F7 1.1.0
2025-10-28 19:40:07,242 [INFO] ThirdParty:1030 - CMSIS Pack Vendor :STMicroelectronics X-CUBE-AZRTOS-L5 2.0.0
2025-10-28 19:40:07,242 [INFO] ThirdParty:1030 - CMSIS Pack Vendor :STMicroelectronics USB_DEVICE 2.0.0
2025-10-28 19:40:07,242 [INFO] ThirdParty:1030 - CMSIS Pack Vendor :STMicroelectronics X-CUBE-NFC6 3.1.0
2025-10-28 19:40:07,243 [INFO] ThirdParty:1030 - CMSIS Pack Vendor :STMicroelectronics X-CUBE-MEMS1 11.0.0
2025-10-28 19:40:07,243 [INFO] ThirdParty:1030 - CMSIS Pack Vendor :STMicroelectronics FreeRTOS 0.0.1
2025-10-28 19:40:07,243 [INFO] ThirdParty:1030 - CMSIS Pack Vendor :STMicroelectronics X-CUBE-DPower 1.2.0
2025-10-28 19:40:07,243 [INFO] ThirdParty:1030 - CMSIS Pack Vendor :STMicroelectronics FP-SNS-FLIGHT1 5.0.2
2025-10-28 19:40:07,243 [INFO] ThirdParty:1030 - CMSIS Pack Vendor :STMicroelectronics X-CUBE-AI 9.0.0
2025-10-28 19:40:07,243 [INFO] ThirdParty:1030 - CMSIS Pack Vendor :STMicroelectronics PDM2PCM 3.3.0
2025-10-28 19:40:07,243 [INFO] ThirdParty:1030 - CMSIS Pack Vendor :STMicroelectronics X-CUBE-AZRTOS-H7 3.4.0
2025-10-28 19:40:07,243 [INFO] ThirdParty:1030 - CMSIS Pack Vendor :STMicroelectronics X-CUBE-DISPLAY 3.0.0
2025-10-28 19:40:07,243 [INFO] ThirdParty:1030 - CMSIS Pack Vendor :STMicroelectronics X-CUBE-BLE1 7.0.0
2025-10-28 19:40:07,243 [INFO] ThirdParty:1030 - CMSIS Pack Vendor :STMicroelectronics X-CUBE-NFC10 1.0.0
2025-10-28 19:40:07,243 [INFO] ThirdParty:1030 - CMSIS Pack Vendor :STMicroelectronics X-CUBE-FREERTOS 1.3.1
2025-10-28 19:40:07,243 [INFO] ThirdParty:1030 - CMSIS Pack Vendor :STMicroelectronics HAL Drivers 0.0.0
2025-10-28 19:40:07,243 [INFO] ThirdParty:1030 - CMSIS Pack Vendor :STMicroelectronics X-CUBE-ST60 1.1.0
2025-10-28 19:40:07,243 [INFO] ThirdParty:1030 - CMSIS Pack Vendor :emotas I-CUBE-CANOPEN 1.3.0
2025-10-28 19:40:07,243 [INFO] ThirdParty:1030 - CMSIS Pack Vendor :STMicroelectronics X-CUBE-NFC7 1.0.1
2025-10-28 19:40:07,243 [INFO] ThirdParty:1030 - CMSIS Pack Vendor :STMicroelectronics MBEDTLS 2.14.1
2025-10-28 19:40:07,243 [INFO] ThirdParty:1030 - CMSIS Pack Vendor :wolfSSL I-CUBE-wolfTPM 3.2.0
2025-10-28 19:40:07,243 [INFO] ThirdParty:1030 - CMSIS Pack Vendor :STMicroelectronics X-CUBE-TOUCHGFX 4.26.0
2025-10-28 19:40:07,243 [INFO] ThirdParty:1030 - CMSIS Pack Vendor :STMicroelectronics X-CUBE-BLEMGR 3.1.0
2025-10-28 19:40:07,243 [INFO] ThirdParty:1030 - CMSIS Pack Vendor :STMicroelectronics FP-SNS-STBOX1 2.1.0
2025-10-28 19:40:07,243 [INFO] ThirdParty:1030 - CMSIS Pack Vendor :STMicroelectronics FP-SNS-STAIOTCFT 1.0.0
2025-10-28 19:40:07,243 [INFO] ThirdParty:1030 - CMSIS Pack Vendor :STMicroelectronics FP-SNS-SMARTAG2 1.2.0
2025-10-28 19:40:07,243 [INFO] ThirdParty:1030 - CMSIS Pack Vendor :STMicroelectronics FP-SNS-FLIGHT1 5.1.0
2025-10-28 19:40:07,243 [INFO] ThirdParty:1030 - CMSIS Pack Vendor :STMicroelectronics X-CUBE-AZRTOS-WL 2.0.0
2025-10-28 19:40:07,243 [INFO] ThirdParty:1030 - CMSIS Pack Vendor :STMicroelectronics X-CUBE-DPower 1.3.0
2025-10-28 19:40:07,243 [INFO] ThirdParty:1030 - CMSIS Pack Vendor :STMicroelectronics FP-SNS-MOTENV1 5.0.0
2025-10-28 19:40:07,243 [INFO] ThirdParty:1030 - CMSIS Pack Vendor :STMicroelectronics USB_DEVICE 1.0.0
2025-10-28 19:40:07,243 [INFO] ThirdParty:1030 - CMSIS Pack Vendor :wolfSSL I-CUBE-wolfMQTT 1.19.0
2025-10-28 19:40:07,243 [INFO] ThirdParty:1030 - CMSIS Pack Vendor :STMicroelectronics X-CUBE-AZRTOS-L4 2.0.0
2025-10-28 19:40:07,243 [INFO] ThirdParty:1030 - CMSIS Pack Vendor :STMicroelectronics ThreadX 0.0.2
2025-10-28 19:40:07,243 [INFO] ThirdParty:1030 - CMSIS Pack Vendor :WES I-CUBE-Cesium 1.3.0
2025-10-28 19:40:07,243 [INFO] ThirdParty:1030 - CMSIS Pack Vendor :STMicroelectronics lwIP 2.1.2
2025-10-28 19:40:07,244 [INFO] ThirdParty:1030 - CMSIS Pack Vendor :STMicroelectronics X-CUBE-SFXS2LP1 4.0.0
2025-10-28 19:40:07,244 [INFO] ThirdParty:1030 - CMSIS Pack Vendor :STMicroelectronics X-CUBE-BLE2 3.3.0
2025-10-28 19:40:07,244 [INFO] ThirdParty:1030 - CMSIS Pack Vendor :STMicroelectronics PDM2PCM 3.2.0
2025-10-28 19:40:07,244 [INFO] ThirdParty:1030 - CMSIS Pack Vendor :STMicroelectronics X-CUBE-AZRTOS-H7 3.3.0
2025-10-28 19:40:07,244 [INFO] ThirdParty:1030 - CMSIS Pack Vendor :STMicroelectronics X-CUBE-NFC9 1.0.0
2025-10-28 19:40:07,244 [INFO] ThirdParty:1030 - CMSIS Pack Vendor :STMicroelectronics X-CUBE-BLE1 7.1.0
2025-10-28 19:40:07,244 [INFO] ThirdParty:1030 - CMSIS Pack Vendor :STMicroelectronics USB_DEVICE 3.0.0
2025-10-28 19:40:07,244 [INFO] ThirdParty:1030 - CMSIS Pack Vendor :STMicroelectronics X-CUBE-TCPP 4.1.0
2025-10-28 19:40:07,244 [INFO] ThirdParty:1030 - CMSIS Pack Vendor :STMicroelectronics X-CUBE-EEPRMA1 5.2.0
2025-10-28 19:40:07,244 [INFO] ThirdParty:1030 - CMSIS Pack Vendor :STMicroelectronics X-CUBE-BLEMGR 4.1.0
2025-10-28 19:40:07,244 [INFO] ThirdParty:1030 - CMSIS Pack Vendor :STMicroelectronics X-CUBE-AZRTOS-WB 2.0.0
2025-10-28 19:40:07,244 [INFO] ThirdParty:1030 - CMSIS Pack Vendor :STMicroelectronics X-CUBE-GNSS1 7.0.0
2025-10-28 19:40:07,244 [INFO] ThirdParty:1030 - CMSIS Pack Vendor :STMicroelectronics X-CUBE-GNSS1 7.0.1
2025-10-28 19:40:07,244 [INFO] ThirdParty:1030 - CMSIS Pack Vendor :STMicroelectronics X-CUBE-TOUCHGFX 4.25.0
2025-10-28 19:40:07,244 [INFO] ThirdParty:1030 - CMSIS Pack Vendor :STMicroelectronics X-CUBE-ST67W61 1.1.0
2025-10-28 19:40:07,244 [INFO] ThirdParty:1030 - CMSIS Pack Vendor :STMicroelectronics FP-SNS-STBOX1 2.0.0
2025-10-28 19:40:07,244 [INFO] ThirdParty:1030 - CMSIS Pack Vendor :quantropi X-CUBE-qispace-sdk-base 2.1.0
2025-10-28 19:40:07,244 [INFO] ThirdParty:1030 - CMSIS Pack Vendor :STMicroelectronics X-CUBE-AZRTOS-G0 1.1.0
2025-10-28 19:40:07,244 [INFO] ThirdParty:1030 - CMSIS Pack Vendor :STMicroelectronics X-CUBE-SAFEA1 1.2.2
2025-10-28 19:40:07,244 [INFO] ThirdParty:1030 - CMSIS Pack Vendor :STMicroelectronics X-CUBE-NFC4 3.0.0
2025-10-28 19:40:07,244 [INFO] ThirdParty:1030 - CMSIS Pack Vendor :STMicroelectronics X-CUBE-SUBG2 5.0.0
2025-10-28 19:40:07,244 [INFO] ThirdParty:1030 - CMSIS Pack Vendor :STMicroelectronics X-CUBE-AZRTOS-H7RS 1.1.0
2025-10-28 19:40:07,244 [INFO] ThirdParty:1030 - CMSIS Pack Vendor :STMicroelectronics STM32_WPAN 1.0.0
2025-10-28 19:40:07,245 [INFO] ThirdParty:1030 - CMSIS Pack Vendor :EmbeddedOffice I-CUBE-FS-RTOS 1.0.1
2025-10-28 19:40:07,245 [INFO] ThirdParty:1030 - CMSIS Pack Vendor :STMicroelectronics lwIP 2.0.3
2025-10-28 19:40:07,245 [INFO] ThirdParty:1030 - CMSIS Pack Vendor :Cesanta I-CUBE-Mongoose 7.13.0
2025-10-28 19:40:07,245 [INFO] ThirdParty:1030 - CMSIS Pack Vendor :STMicroelectronics USB_HOST 1.0.0
2025-10-28 19:40:07,245 [INFO] ThirdParty:1030 - CMSIS Pack Vendor :STMicroelectronics X-CUBE-AZRTOS-G4 2.0.0
2025-10-28 19:40:07,245 [INFO] ThirdParty:1030 - CMSIS Pack Vendor :STMicroelectronics X-CUBE-WB05N 2.0.0
2025-10-28 19:40:07,245 [INFO] ThirdParty:1030 - CMSIS Pack Vendor :STMicroelectronics PDM2PCM 3.1.0
2025-10-28 19:40:07,245 [INFO] ThirdParty:1030 - CMSIS Pack Vendor :STMicroelectronics X-CUBE-NFC7 2.0.0
2025-10-28 19:40:07,245 [INFO] ThirdParty:1030 - CMSIS Pack Vendor :STMicroelectronics X-CUBE-TCPP 4.2.0
2025-10-28 19:40:07,245 [INFO] ThirdParty:1030 - CMSIS Pack Vendor :RealThread X-CUBE-RT-Thread_Nano 4.1.1
2025-10-28 19:40:07,245 [INFO] ThirdParty:1030 - CMSIS Pack Vendor :STMicroelectronics FP-ATR-SIGFOX1 3.2.0
2025-10-28 19:40:07,245 [INFO] ThirdParty:1030 - CMSIS Pack Vendor :wolfSSL I-CUBE-wolfSSL 5.7.2
2025-10-28 19:40:07,245 [INFO] ThirdParty:1030 - CMSIS Pack Vendor :STMicroelectronics X-CUBE-ISPU 2.0.0
2025-10-28 19:40:07,245 [INFO] ThirdParty:1030 - CMSIS Pack Vendor :STMicroelectronics X-CUBE-EEPRMA1 5.1.0
2025-10-28 19:40:07,245 [INFO] ThirdParty:1030 - CMSIS Pack Vendor :STMicroelectronics MBEDTLS 2.16.2
2025-10-28 19:40:07,245 [INFO] ThirdParty:1030 - CMSIS Pack Vendor :STMicroelectronics X-CUBE-IPS 3.1.0
2025-10-28 19:40:07,245 [INFO] ThirdParty:1030 - CMSIS Pack Vendor :STMicroelectronics X-CUBE-ALS 1.0.2
2025-10-28 19:40:07,245 [INFO] ThirdParty:1030 - CMSIS Pack Vendor :STMicroelectronics X-CUBE-MEMS1 10.0.0
2025-10-28 19:40:07,245 [INFO] ThirdParty:1030 - CMSIS Pack Vendor :STMicroelectronics X-CUBE-TOUCHGFX 4.24.0
2025-10-28 19:40:07,246 [INFO] ThirdParty:1030 - CMSIS Pack Vendor :ITTIA_DB I-CUBE-ITTIADB 8.9.0
2025-10-28 19:40:07,246 [INFO] ThirdParty:1030 - CMSIS Pack Vendor :STMicroelectronics X-CUBE-TOUCHGFX 4.24.1
2025-10-28 19:40:07,246 [INFO] ThirdParty:1030 - CMSIS Pack Vendor :STMicroelectronics X-CUBE-STSE01 1.0.0
2025-10-28 19:40:07,246 [INFO] ThirdParty:1030 - CMSIS Pack Vendor :portGmbH I-Cube-SoM-uGOAL 1.1.0
2025-10-28 19:40:07,246 [INFO] ThirdParty:1030 - CMSIS Pack Vendor :STMicroelectronics X-CUBE-ST67W61 1.0.0
2025-10-28 19:40:07,246 [INFO] ThirdParty:1030 - CMSIS Pack Vendor :STMicroelectronics X-CUBE-AI 10.2.0
2025-10-28 19:40:07,246 [INFO] ThirdParty:1030 - CMSIS Pack Vendor :STMicroelectronics ThreadX 1.0.0
2025-10-28 19:40:07,246 [INFO] ThirdParty:1030 - CMSIS Pack Vendor :SEGGER I-CUBE-embOS 1.3.1
2025-10-28 19:40:07,246 [INFO] ThirdParty:1030 - CMSIS Pack Vendor :STMicroelectronics X-CUBE-ALGOBUILD 1.4.0
2025-10-28 19:40:07,246 [INFO] ThirdParty:1030 - CMSIS Pack Vendor :STMicroelectronics X-CUBE-MEMS1 11.3.0
2025-10-28 19:40:07,246 [INFO] ThirdParty:1030 - CMSIS Pack Vendor :STMicroelectronics X-CUBE-AZRTOS-H7RS 1.0.0
2025-10-28 19:40:07,246 [INFO] ThirdParty:1030 - CMSIS Pack Vendor :STMicroelectronics FP-ATR-ASTRA1 2.0.0
2025-10-28 19:40:07,246 [INFO] ThirdParty:1030 - CMSIS Pack Vendor :STMicroelectronics X-CUBE-TOF1 3.4.2
2025-10-28 19:40:07,246 [INFO] ThirdParty:1030 - CMSIS Pack Vendor :STMicroelectronics X-CUBE-TOF1 3.4.3
2025-10-28 19:40:07,247 [INFO] ThirdParty:1030 - CMSIS Pack Vendor :STMicroelectronics X-CUBE-TOF1 3.4.1
2025-10-28 19:40:07,247 [INFO] ThirdParty:1030 - CMSIS Pack Vendor :STMicroelectronics X-CUBE-AZRTOS-H7 3.2.0
2025-10-28 19:40:07,247 [INFO] ThirdParty:1030 - CMSIS Pack Vendor :Infineon AIROC-Wi-Fi-Bluetooth-STM32 1.6.0
2025-10-28 19:40:07,247 [INFO] ThirdParty:1030 - CMSIS Pack Vendor :wolfSSL I-CUBE-wolfSSH 1.4.17
2025-10-28 19:40:07,247 [INFO] ThirdParty:841 - exiting critical section [change project]
2025-10-28 19:40:07,861 [INFO] PinOutPanel:1589 - setPackage(No Configuration,No Configuration)
2025-10-28 19:40:07,865 [INFO] PinOutPanel:1589 - setPackage(STM32F303K8Tx,LQFP32)
2025-10-28 19:40:09,612 [INFO] UtilMem:75 - Before build in PCC Used Memory: 322354696 Bytes (423624704)
2025-10-28 19:40:11,108 [INFO] UtilMem:75 - After build in PCC Used Memory: 389987808 Bytes (423624704)
2025-10-28 19:40:11,160 [INFO] IPUIPlugin:80 - create IPUIPlugin
2025-10-28 19:40:11,161 [INFO] IPUIPlugin:80 - create IPUIPlugin
2025-10-28 19:40:11,161 [INFO] IPUIPlugin:80 - create IPUIPlugin
2025-10-28 19:40:11,161 [INFO] IPUIPlugin:80 - create IPUIPlugin
2025-10-28 19:40:11,161 [INFO] IPUIPlugin:80 - create IPUIPlugin
2025-10-28 19:40:11,162 [INFO] IPUIPlugin:80 - create IPUIPlugin
2025-10-28 19:40:11,162 [INFO] IPUIPlugin:80 - create IPUIPlugin
2025-10-28 19:40:11,162 [INFO] IPUIPlugin:80 - create IPUIPlugin
2025-10-28 19:40:11,162 [INFO] IPUIPlugin:80 - create IPUIPlugin
2025-10-28 19:40:11,162 [INFO] IPUIPlugin:80 - create IPUIPlugin
2025-10-28 19:40:11,163 [INFO] IPUIPlugin:80 - create IPUIPlugin
2025-10-28 19:40:11,163 [INFO] IPUIPlugin:80 - create IPUIPlugin
2025-10-28 19:40:11,163 [INFO] IPUIPlugin:80 - create IPUIPlugin
2025-10-28 19:40:11,163 [INFO] IPUIPlugin:80 - create IPUIPlugin
2025-10-28 19:40:11,164 [INFO] IPUIPlugin:80 - create IPUIPlugin
2025-10-28 19:40:11,164 [INFO] IPUIPlugin:80 - create IPUIPlugin
2025-10-28 19:40:11,164 [INFO] IPUIPlugin:80 - create IPUIPlugin
2025-10-28 19:40:11,164 [INFO] IPUIPlugin:80 - create IPUIPlugin
2025-10-28 19:40:11,165 [INFO] IPUIPlugin:80 - create IPUIPlugin
2025-10-28 19:40:11,165 [INFO] IPUIPlugin:80 - create IPUIPlugin
2025-10-28 19:40:11,166 [INFO] IPUIPlugin:80 - create IPUIPlugin
2025-10-28 19:40:11,166 [INFO] IPUIPlugin:80 - create IPUIPlugin
2025-10-28 19:40:11,166 [INFO] IPUIPlugin:80 - create IPUIPlugin
2025-10-28 19:40:11,167 [INFO] IPUIPlugin:80 - create IPUIPlugin
2025-10-28 19:40:11,167 [INFO] IPUIPlugin:80 - create IPUIPlugin
2025-10-28 19:40:11,167 [INFO] IPUIPlugin:80 - create IPUIPlugin
2025-10-28 19:40:11,168 [INFO] IPUIPlugin:80 - create IPUIPlugin
2025-10-28 19:40:11,168 [INFO] IPUIPlugin:80 - create IPUIPlugin
2025-10-28 19:40:11,169 [INFO] IPUIPlugin:80 - create IPUIPlugin
2025-10-28 19:40:11,170 [INFO] IPUIPlugin:80 - create IPUIPlugin
2025-10-28 19:40:11,183 [INFO] IPUIPlugin:80 - create IPUIPlugin
2025-10-28 19:40:11,184 [INFO] IPUIPlugin:80 - create IPUIPlugin
2025-10-28 19:40:11,184 [INFO] IPUIPlugin:80 - create IPUIPlugin
2025-10-28 19:40:11,185 [INFO] IPUIPlugin:80 - create IPUIPlugin
2025-10-28 19:40:11,627 [INFO] CADModel:165 - CPN selected for project levelSTM32F303K8T6
2025-10-28 19:40:11,627 [INFO] CADModel:114 - Register for checkConnection events
2025-10-28 19:40:11,736 [INFO] OpenFileManager:386 - Restore cursor
2025-10-28 19:44:44,822 [INFO] MainUpdater:2872 - connection check result : 10
2025-10-28 19:44:44,827 [INFO] MainUpdater:2872 - connection check result : 10
2025-10-28 19:44:44,980 [INFO] I2cTimingTraitement:330 - 0x00201D2B
2025-10-28 19:44:44,998 [INFO] MicroXplorer:468 - Change Database Path : 
2025-10-28 19:44:44,999 [INFO] MicroXplorer:498 - Change Database Version : DB.6.0.150
2025-10-28 19:44:45,061 [ERROR] ProjectManagerView:395 - 
java.lang.NullPointerException: Cannot invoke "javax.swing.JTextField.getText()" because the return value of "java.util.List.get(int)" is null
	at com.st.microxplorer.plugins.projectmanager.gui.ProjectChoiceTab$9.caretUpdate(ProjectChoiceTab.java:2706) ~[filemanager.jar:?]
	at javax.swing.text.JTextComponent.fireCaretUpdate(JTextComponent.java:408) ~[?:?]
	at javax.swing.text.JTextComponent$MutableCaretEvent.fire(JTextComponent.java:4484) ~[?:?]
	at javax.swing.text.JTextComponent$MutableCaretEvent.stateChanged(JTextComponent.java:4506) ~[?:?]
	at javax.swing.text.DefaultCaret.fireStateChanged(DefaultCaret.java:857) ~[?:?]
	at javax.swing.text.DefaultCaret.changeCaretPosition(DefaultCaret.java:1343) ~[?:?]
	at javax.swing.text.DefaultCaret.handleSetDot(DefaultCaret.java:1242) ~[?:?]
	at javax.swing.text.DefaultCaret.setDot(DefaultCaret.java:1223) ~[?:?]
	at javax.swing.text.DefaultCaret$Handler.insertUpdate(DefaultCaret.java:1819) ~[?:?]
	at javax.swing.text.AbstractDocument.fireInsertUpdate(AbstractDocument.java:227) ~[?:?]
	at javax.swing.text.AbstractDocument.handleInsertString(AbstractDocument.java:781) ~[?:?]
	at javax.swing.text.AbstractDocument.insertString(AbstractDocument.java:740) ~[?:?]
	at javax.swing.text.PlainDocument.insertString(PlainDocument.java:131) ~[?:?]
	at javax.swing.text.AbstractDocument.replace(AbstractDocument.java:699) ~[?:?]
	at javax.swing.text.JTextComponent.setText(JTextComponent.java:1725) ~[?:?]
	at com.st.microxplorer.plugins.projectmanager.gui.ProjectChoiceTab.createHeapStackFields(ProjectChoiceTab.java:993) ~[filemanager.jar:?]
	at com.st.microxplorer.plugins.projectmanager.gui.ProjectChoiceTab.buildLinkSettingsPanel(ProjectChoiceTab.java:3813) ~[filemanager.jar:?]
	at com.st.microxplorer.plugins.projectmanager.gui.ProjectChoiceTab.defineWindowsFields(ProjectChoiceTab.java:1987) ~[filemanager.jar:?]
	at com.st.microxplorer.plugins.projectmanager.gui.ProjectChoiceTab.updateSettings(ProjectChoiceTab.java:558) ~[filemanager.jar:?]
	at com.st.microxplorer.plugins.projectmanager.gui.ProjectSettingsPanel.UpdateDialog(ProjectSettingsPanel.java:247) ~[filemanager.jar:?]
	at com.st.microxplorer.plugins.projectmanager.ProjectManagerView.propertyChange(ProjectManagerView.java:392) ~[filemanager.jar:?]
	at java.beans.PropertyChangeSupport.fire(PropertyChangeSupport.java:343) ~[?:?]
	at java.beans.PropertyChangeSupport.firePropertyChange(PropertyChangeSupport.java:335) ~[?:?]
	at java.beans.PropertyChangeSupport.firePropertyChange(PropertyChangeSupport.java:268) ~[?:?]
	at com.st.microxplorer.util.MXPropertyChangeSupport.firePropertyChange(MXPropertyChangeSupport.java:54) ~[STM32CubeMX.jar:?]
	at com.st.microxplorer.mxsystem.MxSystem.closeConfig(MxSystem.java:899) ~[STM32CubeMX.jar:?]
	at com.st.microxplorer.maingui.MainPanel.closeConfig(MainPanel.java:792) ~[STM32CubeMX.jar:?]
	at com.st.microxplorer.plugins.filemanager.engine.OpenFileManager.loadConfigurationFile(OpenFileManager.java:288) ~[filemanager.jar:?]
	at com.st.microxplorer.plugins.filemanager.engine.MainFileManager.userLoadConfig(MainFileManager.java:364) ~[filemanager.jar:?]
	at com.st.microxplorer.plugins.filemanager.engine.MainFileManager.userLoadConfig(MainFileManager.java:342) ~[filemanager.jar:?]
	at com.st.microxplorer.plugins.filemanager.FileManagerView.getSpecificTask(FileManagerView.java:264) ~[filemanager.jar:?]
	at com.st.stm32cube.common.mx.editor.CubeMxEditor.getMxTabbedPaneInstance(CubeMxEditor.java:1198) ~[com.st.stm32cube.common.mx_6.15.0.202507011659/:?]
	at com.st.stm32cube.common.mx.editor.CubeMxEditor$12$1.createSwingComponent(CubeMxEditor.java:1068) ~[com.st.stm32cube.common.mx_6.15.0.202507011659/:?]
	at com.st.stm32cube.common.mx.oss.core.awtswtbridge.EmbeddedSwingComposite.doComponentCreation(EmbeddedSwingComposite.java:492) ~[com.st.stm32cube.common.mx.oss_6.15.0.202507011659/:?]
	at com.st.stm32cube.common.mx.oss.core.awtswtbridge.EmbeddedSwingComposite$4.run(EmbeddedSwingComposite.java:291) ~[com.st.stm32cube.common.mx.oss_6.15.0.202507011659/:?]
	at com.st.stm32cube.common.mx.oss.core.awtswtbridge.AwtEnvironment$2.run(AwtEnvironment.java:166) ~[com.st.stm32cube.common.mx.oss_6.15.0.202507011659/:?]
	at java.awt.event.InvocationEvent.dispatch(InvocationEvent.java:318) ~[?:?]
	at java.awt.EventQueue.dispatchEventImpl(EventQueue.java:773) ~[?:?]
	at java.awt.EventQueue$4.run(EventQueue.java:720) ~[?:?]
	at java.awt.EventQueue$4.run(EventQueue.java:714) ~[?:?]
	at java.security.AccessController.doPrivileged(AccessController.java:400) ~[?:?]
	at java.security.ProtectionDomain$JavaSecurityAccessImpl.doIntersectionPrivilege(ProtectionDomain.java:87) ~[?:?]
	at java.awt.EventQueue.dispatchEvent(EventQueue.java:742) ~[?:?]
	at java.awt.EventDispatchThread.pumpOneEventForFilters(EventDispatchThread.java:203) ~[?:?]
	at java.awt.EventDispatchThread.pumpEventsForFilter(EventDispatchThread.java:124) ~[?:?]
	at java.awt.EventDispatchThread.pumpEventsForHierarchy(EventDispatchThread.java:113) ~[?:?]
	at java.awt.EventDispatchThread.pumpEvents(EventDispatchThread.java:109) ~[?:?]
	at java.awt.EventDispatchThread.pumpEvents(EventDispatchThread.java:101) ~[?:?]
	at java.awt.EventDispatchThread.run(EventDispatchThread.java:90) ~[?:?]
2025-10-28 19:44:45,096 [WARN] ThirdParty:871 - waiting for thirdparty lock release [close project]
2025-10-28 19:44:45,096 [INFO] ThirdParty:873 - entering critical section [close project]
2025-10-28 19:44:45,097 [INFO] ThirdParty:883 - exiting critical section [close project]
2025-10-28 19:44:45,101 [INFO] PinOutPanel:1589 - setPackage(No Configuration,No Configuration)
2025-10-28 19:44:45,131 [INFO] UtilMem:75 - Begin LoadConfig() Used Memory: 928516096 Bytes (1073741824)
2025-10-28 19:44:45,133 [INFO] MicroXplorer:468 - Change Database Path : 
2025-10-28 19:44:45,133 [INFO] MicroXplorer:498 - Change Database Version : DB.6.0.150
2025-10-28 19:44:45,133 [INFO] OpenFileManager:355 - Change cursor
2025-10-28 19:44:45,165 [INFO] Mcu:2029 - Initializing MCU STM32F303K(6-8)Tx STM32F303K8Tx STM32F303K8T6
2025-10-28 19:44:46,795 [INFO] Context:786 - Trying to add GPIOservice into a context  which must be forbidden
2025-10-28 19:44:47,211 [INFO] ImportTextPane:234 - (OptionalMessage_ERROR) Pin15 (VP_RIF_VS_RIF1) cannot be retrieved for this MCU
2025-10-28 19:44:47,416 [INFO] RtosManager:558 - Registered RTOS mode: class=CMSIS, group=RTOS, mode=CMSIS_V1, owner=FREERTOS
2025-10-28 19:44:47,417 [INFO] RtosManager:558 - Registered RTOS mode: class=CMSIS, group=RTOS2, mode=CMSIS_V2, owner=FREERTOS
2025-10-28 19:44:47,417 [INFO] RtosManager:558 - Registered RTOS mode: class=RTOS, group=Core, mode=CMSIS_V1, owner=FREERTOS
2025-10-28 19:44:47,417 [INFO] RtosManager:558 - Registered RTOS mode: class=RTOS, group=Core, mode=CMSIS_V2, owner=FREERTOS
2025-10-28 19:44:47,417 [WARN] ModelIntegratedComponent:184 - Missing modes for component STMicroelectronics:FreeRTOS:0.0.1:STMicroelectronics:RTOS:FreeRTOS:Core:::10.2.0:
2025-10-28 19:44:47,425 [WARN] ModelIntegratedComponent:63 - No mode defined for component null
2025-10-28 19:44:47,425 [WARN] ModelIntegratedComponent:63 - No mode defined for component null
2025-10-28 19:44:47,425 [WARN] ModelIntegratedComponent:63 - No mode defined for component null
2025-10-28 19:44:47,425 [WARN] ModelIntegratedComponent:63 - No mode defined for component null
2025-10-28 19:44:47,425 [WARN] ModelIntegratedComponent:63 - No mode defined for component null
2025-10-28 19:44:47,425 [WARN] ModelIntegratedComponent:63 - No mode defined for component null
2025-10-28 19:44:47,425 [WARN] ModelIntegratedComponent:63 - No mode defined for component null
2025-10-28 19:44:47,425 [WARN] ModelIntegratedComponent:63 - No mode defined for component null
2025-10-28 19:44:47,425 [WARN] ModelIntegratedComponent:63 - No mode defined for component null
2025-10-28 19:44:47,426 [WARN] ModelIntegratedComponent:63 - No mode defined for component null
2025-10-28 19:44:47,426 [WARN] ModelIntegratedComponent:63 - No mode defined for component null
2025-10-28 19:44:47,426 [WARN] ModelIntegratedComponent:63 - No mode defined for component null
2025-10-28 19:44:47,426 [WARN] ModelIntegratedComponent:63 - No mode defined for component null
2025-10-28 19:44:47,426 [WARN] ModelIntegratedComponent:63 - No mode defined for component null
2025-10-28 19:44:47,426 [WARN] ModelIntegratedComponent:63 - No mode defined for component null
2025-10-28 19:44:47,426 [WARN] ModelIntegratedComponent:63 - No mode defined for component null
2025-10-28 19:44:47,426 [WARN] ModelIntegratedComponent:63 - No mode defined for component null
2025-10-28 19:44:47,426 [WARN] ModelIntegratedComponent:63 - No mode defined for component null
2025-10-28 19:44:47,426 [WARN] ModelIntegratedComponent:63 - No mode defined for component null
2025-10-28 19:44:47,426 [WARN] ModelIntegratedComponent:63 - No mode defined for component null
2025-10-28 19:44:47,426 [WARN] ModelIntegratedComponent:63 - No mode defined for component null
2025-10-28 19:44:47,426 [WARN] ModelIntegratedComponent:63 - No mode defined for component null
2025-10-28 19:44:47,427 [WARN] ModelIntegratedComponent:63 - No mode defined for component null
2025-10-28 19:44:47,427 [WARN] ModelIntegratedComponent:63 - No mode defined for component null
2025-10-28 19:44:47,427 [WARN] ModelIntegratedComponent:63 - No mode defined for component null
2025-10-28 19:44:47,427 [WARN] ModelIntegratedComponent:63 - No mode defined for component null
2025-10-28 19:44:47,427 [WARN] ModelIntegratedComponent:63 - No mode defined for component null
2025-10-28 19:44:47,427 [WARN] ModelIntegratedComponent:63 - No mode defined for component null
2025-10-28 19:44:47,427 [WARN] ModelIntegratedComponent:63 - No mode defined for component null
2025-10-28 19:44:47,427 [WARN] ModelIntegratedComponent:63 - No mode defined for component null
2025-10-28 19:44:47,427 [WARN] ModelIntegratedComponent:63 - No mode defined for component null
2025-10-28 19:44:47,427 [WARN] ModelIntegratedComponent:63 - No mode defined for component null
2025-10-28 19:44:47,427 [WARN] ModelIntegratedComponent:63 - No mode defined for component null
2025-10-28 19:44:47,428 [WARN] ModelIntegratedComponent:63 - No mode defined for component null
2025-10-28 19:44:47,428 [WARN] ModelIntegratedComponent:63 - No mode defined for component null
2025-10-28 19:44:47,428 [WARN] ModelPack:524 - Component already loaded: STMicroelectronics:HAL Drivers:0.0.0:STMicroelectronics:Device:STMicro_Driver:XSPI:HAL::0.0.1:HAL_XSPI
2025-10-28 19:44:47,680 [INFO] ThirdPartyModel:298 - Start build external matchings
2025-10-28 19:44:48,929 [INFO] ThirdPartyModel:316 - End build external matchings
2025-10-28 19:44:48,963 [INFO] ImportTextPane:234 - (OptionalMessage_ERROR) IP (ADC1) : Parameter (SamplingTimeOPAMP) has invalid value (null)
2025-10-28 19:44:48,963 [INFO] ImportTextPane:234 - (OptionalMessage_ERROR) IP (ADC1) : Parameter (SamplingTimeOPAMP) has invalid value (null)
2025-10-28 19:44:48,963 [INFO] ImportTextPane:234 - (OptionalMessage_ERROR) IP (ADC1) : Parameter (SamplingTimeOPAMP) has invalid value (null)
2025-10-28 19:44:48,964 [INFO] ImportTextPane:234 - (OptionalMessage_ERROR) IP (DMA) : Parameter (Instance) has Id (USART1_RX) currently not set
2025-10-28 19:44:48,964 [INFO] ImportTextPane:234 - (OptionalMessage_ERROR) IP (DMA) : Parameter (Direction) has Id (USART1_RX) currently not set
2025-10-28 19:44:48,964 [INFO] ImportTextPane:234 - (OptionalMessage_ERROR) IP (DMA) : Parameter (PeriphInc) has Id (USART1_RX) currently not set
2025-10-28 19:44:48,964 [INFO] ImportTextPane:234 - (OptionalMessage_ERROR) IP (DMA) : Parameter (MemInc) has Id (USART1_RX) currently not set
2025-10-28 19:44:48,965 [INFO] ImportTextPane:234 - (OptionalMessage_ERROR) IP (DMA) : Parameter (PeriphDataAlignment) has Id (USART1_RX) currently not set
2025-10-28 19:44:48,965 [INFO] ImportTextPane:234 - (OptionalMessage_ERROR) IP (DMA) : Parameter (MemDataAlignment) has Id (USART1_RX) currently not set
2025-10-28 19:44:48,965 [INFO] ImportTextPane:234 - (OptionalMessage_ERROR) IP (DMA) : Parameter (Mode) has Id (USART1_RX) currently not set
2025-10-28 19:44:48,965 [INFO] ImportTextPane:234 - (OptionalMessage_ERROR) IP (DMA) : Parameter (Priority) has Id (USART1_RX) currently not set
2025-10-28 19:44:48,966 [INFO] ImportTextPane:234 - (OptionalMessage_ERROR) IP (DMA) : Parameter (Instance) has Id (USART1_TX) currently not set
2025-10-28 19:44:48,966 [INFO] ImportTextPane:234 - (OptionalMessage_ERROR) IP (DMA) : Parameter (Direction) has Id (USART1_TX) currently not set
2025-10-28 19:44:48,966 [INFO] ImportTextPane:234 - (OptionalMessage_ERROR) IP (DMA) : Parameter (PeriphInc) has Id (USART1_TX) currently not set
2025-10-28 19:44:48,966 [INFO] ImportTextPane:234 - (OptionalMessage_ERROR) IP (DMA) : Parameter (MemInc) has Id (USART1_TX) currently not set
2025-10-28 19:44:48,966 [INFO] ImportTextPane:234 - (OptionalMessage_ERROR) IP (DMA) : Parameter (PeriphDataAlignment) has Id (USART1_TX) currently not set
2025-10-28 19:44:48,966 [INFO] ImportTextPane:234 - (OptionalMessage_ERROR) IP (DMA) : Parameter (MemDataAlignment) has Id (USART1_TX) currently not set
2025-10-28 19:44:48,966 [INFO] ImportTextPane:234 - (OptionalMessage_ERROR) IP (DMA) : Parameter (Mode) has Id (USART1_TX) currently not set
2025-10-28 19:44:48,966 [INFO] ImportTextPane:234 - (OptionalMessage_ERROR) IP (DMA) : Parameter (Priority) has Id (USART1_TX) currently not set
2025-10-28 19:44:48,966 [INFO] ImportTextPane:234 - (OptionalMessage_ERROR) IP (DMA) : Parameter (Instance) has Id (ADC1) currently not set
2025-10-28 19:44:48,967 [INFO] ImportTextPane:234 - (OptionalMessage_ERROR) IP (DMA) : Parameter (Direction) has Id (ADC1) currently not set
2025-10-28 19:44:48,967 [INFO] ImportTextPane:234 - (OptionalMessage_ERROR) IP (DMA) : Parameter (PeriphInc) has Id (ADC1) currently not set
2025-10-28 19:44:48,967 [INFO] ImportTextPane:234 - (OptionalMessage_ERROR) IP (DMA) : Parameter (MemInc) has Id (ADC1) currently not set
2025-10-28 19:44:48,967 [INFO] ImportTextPane:234 - (OptionalMessage_ERROR) IP (DMA) : Parameter (PeriphDataAlignment) has Id (ADC1) currently not set
2025-10-28 19:44:48,967 [INFO] ImportTextPane:234 - (OptionalMessage_ERROR) IP (DMA) : Parameter (MemDataAlignment) has Id (ADC1) currently not set
2025-10-28 19:44:48,967 [INFO] ImportTextPane:234 - (OptionalMessage_ERROR) IP (DMA) : Parameter (Mode) has Id (ADC1) currently not set
2025-10-28 19:44:48,967 [INFO] ImportTextPane:234 - (OptionalMessage_ERROR) IP (DMA) : Parameter (Priority) has Id (ADC1) currently not set
2025-10-28 19:44:49,201 [INFO] UtilMem:75 - End LoadConfig() Used Memory: 754950464 Bytes (1073741824)
2025-10-28 19:44:49,277 [WARN] ThirdParty:833 - waiting for thirdparty lock release [change project]
2025-10-28 19:44:49,278 [INFO] ThirdParty:835 - entering critical section [change project]
2025-10-28 19:44:49,278 [INFO] ThirdParty:1030 - CMSIS Pack Vendor :STMicroelectronics X-CUBE-PM33A1 1.0.0
2025-10-28 19:44:49,278 [INFO] ThirdParty:1030 - CMSIS Pack Vendor :STMicroelectronics USBPD 4.1
2025-10-28 19:44:49,278 [INFO] ThirdParty:1030 - CMSIS Pack Vendor :STMicroelectronics X-CUBE-GNSS1 6.0.0
2025-10-28 19:44:49,278 [INFO] ThirdParty:1030 - CMSIS Pack Vendor :STMicroelectronics USB_HOST 2.0.0
2025-10-28 19:44:49,278 [INFO] ThirdParty:1030 - CMSIS Pack Vendor :STMicroelectronics FP-SNS-MOTENVWB1 1.4.0
2025-10-28 19:44:49,278 [INFO] ThirdParty:1030 - CMSIS Pack Vendor :STMicroelectronics X-CUBE-AZRTOS-F4 1.1.0
2025-10-28 19:44:49,278 [INFO] ThirdParty:1030 - CMSIS Pack Vendor :STMicroelectronics LIBJPEG 8.0.0
2025-10-28 19:44:49,278 [INFO] ThirdParty:1030 - CMSIS Pack Vendor :STMicroelectronics FP-ATR-ASTRA1 2.0.2
2025-10-28 19:44:49,278 [INFO] ThirdParty:1030 - CMSIS Pack Vendor :Avnet-IotConnect X-CUBE-IoTC-DA16k-PMOD 1.0.0
2025-10-28 19:44:49,279 [INFO] ThirdParty:1030 - CMSIS Pack Vendor :STMicroelectronics X-CUBE-SMBUS 2.1.0
2025-10-28 19:44:49,279 [INFO] ThirdParty:1030 - CMSIS Pack Vendor :STMicroelectronics X-CUBE-ISPU 2.1.0
2025-10-28 19:44:49,279 [INFO] ThirdParty:1030 - CMSIS Pack Vendor :STMicroelectronics X-CUBE-IPS 3.2.0
2025-10-28 19:44:49,279 [INFO] ThirdParty:1030 - CMSIS Pack Vendor :STMicroelectronics X-CUBE-FREERTOS 1.2.0
2025-10-28 19:44:49,279 [INFO] ThirdParty:1030 - CMSIS Pack Vendor :STMicroelectronics X-CUBE-ST60 1.0.0
2025-10-28 19:44:49,279 [INFO] ThirdParty:1030 - CMSIS Pack Vendor :STMicroelectronics X-CUBE-NFC12 1.0.0
2025-10-28 19:44:49,279 [INFO] ThirdParty:1030 - CMSIS Pack Vendor :STMicroelectronics X-CUBE-AZRTOS-F7 1.1.0
2025-10-28 19:44:49,279 [INFO] ThirdParty:1030 - CMSIS Pack Vendor :STMicroelectronics X-CUBE-AZRTOS-L5 2.0.0
2025-10-28 19:44:49,279 [INFO] ThirdParty:1030 - CMSIS Pack Vendor :STMicroelectronics USB_DEVICE 2.0.0
2025-10-28 19:44:49,279 [INFO] ThirdParty:1030 - CMSIS Pack Vendor :STMicroelectronics X-CUBE-NFC6 3.1.0
2025-10-28 19:44:49,279 [INFO] ThirdParty:1030 - CMSIS Pack Vendor :STMicroelectronics X-CUBE-MEMS1 11.0.0
2025-10-28 19:44:49,279 [INFO] ThirdParty:1030 - CMSIS Pack Vendor :STMicroelectronics FreeRTOS 0.0.1
2025-10-28 19:44:49,279 [INFO] ThirdParty:1030 - CMSIS Pack Vendor :STMicroelectronics X-CUBE-DPower 1.2.0
2025-10-28 19:44:49,279 [INFO] ThirdParty:1030 - CMSIS Pack Vendor :STMicroelectronics FP-SNS-FLIGHT1 5.0.2
2025-10-28 19:44:49,279 [INFO] ThirdParty:1030 - CMSIS Pack Vendor :STMicroelectronics X-CUBE-AI 9.0.0
2025-10-28 19:44:49,279 [INFO] ThirdParty:1030 - CMSIS Pack Vendor :STMicroelectronics PDM2PCM 3.3.0
2025-10-28 19:44:49,279 [INFO] ThirdParty:1030 - CMSIS Pack Vendor :STMicroelectronics X-CUBE-AZRTOS-H7 3.4.0
2025-10-28 19:44:49,279 [INFO] ThirdParty:1030 - CMSIS Pack Vendor :STMicroelectronics X-CUBE-DISPLAY 3.0.0
2025-10-28 19:44:49,280 [INFO] ThirdParty:1030 - CMSIS Pack Vendor :STMicroelectronics X-CUBE-BLE1 7.0.0
2025-10-28 19:44:49,280 [INFO] ThirdParty:1030 - CMSIS Pack Vendor :STMicroelectronics X-CUBE-NFC10 1.0.0
2025-10-28 19:44:49,280 [INFO] ThirdParty:1030 - CMSIS Pack Vendor :STMicroelectronics X-CUBE-FREERTOS 1.3.1
2025-10-28 19:44:49,280 [INFO] ThirdParty:1030 - CMSIS Pack Vendor :STMicroelectronics HAL Drivers 0.0.0
2025-10-28 19:44:49,280 [INFO] ThirdParty:1030 - CMSIS Pack Vendor :STMicroelectronics X-CUBE-ST60 1.1.0
2025-10-28 19:44:49,280 [INFO] ThirdParty:1030 - CMSIS Pack Vendor :emotas I-CUBE-CANOPEN 1.3.0
2025-10-28 19:44:49,280 [INFO] ThirdParty:1030 - CMSIS Pack Vendor :STMicroelectronics X-CUBE-NFC7 1.0.1
2025-10-28 19:44:49,280 [INFO] ThirdParty:1030 - CMSIS Pack Vendor :STMicroelectronics MBEDTLS 2.14.1
2025-10-28 19:44:49,280 [INFO] ThirdParty:1030 - CMSIS Pack Vendor :wolfSSL I-CUBE-wolfTPM 3.2.0
2025-10-28 19:44:49,280 [INFO] ThirdParty:1030 - CMSIS Pack Vendor :STMicroelectronics X-CUBE-TOUCHGFX 4.26.0
2025-10-28 19:44:49,280 [INFO] ThirdParty:1030 - CMSIS Pack Vendor :STMicroelectronics X-CUBE-BLEMGR 3.1.0
2025-10-28 19:44:49,280 [INFO] ThirdParty:1030 - CMSIS Pack Vendor :STMicroelectronics FP-SNS-STBOX1 2.1.0
2025-10-28 19:44:49,280 [INFO] ThirdParty:1030 - CMSIS Pack Vendor :STMicroelectronics FP-SNS-STAIOTCFT 1.0.0
2025-10-28 19:44:49,280 [INFO] ThirdParty:1030 - CMSIS Pack Vendor :STMicroelectronics FP-SNS-SMARTAG2 1.2.0
2025-10-28 19:44:49,280 [INFO] ThirdParty:1030 - CMSIS Pack Vendor :STMicroelectronics FP-SNS-FLIGHT1 5.1.0
2025-10-28 19:44:49,280 [INFO] ThirdParty:1030 - CMSIS Pack Vendor :STMicroelectronics X-CUBE-AZRTOS-WL 2.0.0
2025-10-28 19:44:49,280 [INFO] ThirdParty:1030 - CMSIS Pack Vendor :STMicroelectronics X-CUBE-DPower 1.3.0
2025-10-28 19:44:49,280 [INFO] ThirdParty:1030 - CMSIS Pack Vendor :STMicroelectronics FP-SNS-MOTENV1 5.0.0
2025-10-28 19:44:49,280 [INFO] ThirdParty:1030 - CMSIS Pack Vendor :STMicroelectronics USB_DEVICE 1.0.0
2025-10-28 19:44:49,280 [INFO] ThirdParty:1030 - CMSIS Pack Vendor :wolfSSL I-CUBE-wolfMQTT 1.19.0
2025-10-28 19:44:49,280 [INFO] ThirdParty:1030 - CMSIS Pack Vendor :STMicroelectronics X-CUBE-AZRTOS-L4 2.0.0
2025-10-28 19:44:49,281 [INFO] ThirdParty:1030 - CMSIS Pack Vendor :STMicroelectronics ThreadX 0.0.2
2025-10-28 19:44:49,281 [INFO] ThirdParty:1030 - CMSIS Pack Vendor :WES I-CUBE-Cesium 1.3.0
2025-10-28 19:44:49,281 [INFO] ThirdParty:1030 - CMSIS Pack Vendor :STMicroelectronics lwIP 2.1.2
2025-10-28 19:44:49,281 [INFO] ThirdParty:1030 - CMSIS Pack Vendor :STMicroelectronics X-CUBE-SFXS2LP1 4.0.0
2025-10-28 19:44:49,281 [INFO] ThirdParty:1030 - CMSIS Pack Vendor :STMicroelectronics X-CUBE-BLE2 3.3.0
2025-10-28 19:44:49,281 [INFO] ThirdParty:1030 - CMSIS Pack Vendor :STMicroelectronics PDM2PCM 3.2.0
2025-10-28 19:44:49,281 [INFO] ThirdParty:1030 - CMSIS Pack Vendor :STMicroelectronics X-CUBE-AZRTOS-H7 3.3.0
2025-10-28 19:44:49,281 [INFO] ThirdParty:1030 - CMSIS Pack Vendor :STMicroelectronics X-CUBE-NFC9 1.0.0
2025-10-28 19:44:49,281 [INFO] ThirdParty:1030 - CMSIS Pack Vendor :STMicroelectronics X-CUBE-BLE1 7.1.0
2025-10-28 19:44:49,281 [INFO] ThirdParty:1030 - CMSIS Pack Vendor :STMicroelectronics USB_DEVICE 3.0.0
2025-10-28 19:44:49,281 [INFO] ThirdParty:1030 - CMSIS Pack Vendor :STMicroelectronics X-CUBE-TCPP 4.1.0
2025-10-28 19:44:49,281 [INFO] ThirdParty:1030 - CMSIS Pack Vendor :STMicroelectronics X-CUBE-EEPRMA1 5.2.0
2025-10-28 19:44:49,281 [INFO] ThirdParty:1030 - CMSIS Pack Vendor :STMicroelectronics X-CUBE-BLEMGR 4.1.0
2025-10-28 19:44:49,281 [INFO] ThirdParty:1030 - CMSIS Pack Vendor :STMicroelectronics X-CUBE-AZRTOS-WB 2.0.0
2025-10-28 19:44:49,282 [INFO] ThirdParty:1030 - CMSIS Pack Vendor :STMicroelectronics X-CUBE-GNSS1 7.0.0
2025-10-28 19:44:49,282 [INFO] ThirdParty:1030 - CMSIS Pack Vendor :STMicroelectronics X-CUBE-GNSS1 7.0.1
2025-10-28 19:44:49,282 [INFO] ThirdParty:1030 - CMSIS Pack Vendor :STMicroelectronics X-CUBE-TOUCHGFX 4.25.0
2025-10-28 19:44:49,282 [INFO] ThirdParty:1030 - CMSIS Pack Vendor :STMicroelectronics X-CUBE-ST67W61 1.1.0
2025-10-28 19:44:49,282 [INFO] ThirdParty:1030 - CMSIS Pack Vendor :STMicroelectronics FP-SNS-STBOX1 2.0.0
2025-10-28 19:44:49,282 [INFO] ThirdParty:1030 - CMSIS Pack Vendor :quantropi X-CUBE-qispace-sdk-base 2.1.0
2025-10-28 19:44:49,282 [INFO] ThirdParty:1030 - CMSIS Pack Vendor :STMicroelectronics X-CUBE-AZRTOS-G0 1.1.0
2025-10-28 19:44:49,282 [INFO] ThirdParty:1030 - CMSIS Pack Vendor :STMicroelectronics X-CUBE-SAFEA1 1.2.2
2025-10-28 19:44:49,282 [INFO] ThirdParty:1030 - CMSIS Pack Vendor :STMicroelectronics X-CUBE-NFC4 3.0.0
2025-10-28 19:44:49,282 [INFO] ThirdParty:1030 - CMSIS Pack Vendor :STMicroelectronics X-CUBE-SUBG2 5.0.0
2025-10-28 19:44:49,282 [INFO] ThirdParty:1030 - CMSIS Pack Vendor :STMicroelectronics X-CUBE-AZRTOS-H7RS 1.1.0
2025-10-28 19:44:49,282 [INFO] ThirdParty:1030 - CMSIS Pack Vendor :STMicroelectronics STM32_WPAN 1.0.0
2025-10-28 19:44:49,282 [INFO] ThirdParty:1030 - CMSIS Pack Vendor :EmbeddedOffice I-CUBE-FS-RTOS 1.0.1
2025-10-28 19:44:49,283 [INFO] ThirdParty:1030 - CMSIS Pack Vendor :STMicroelectronics lwIP 2.0.3
2025-10-28 19:44:49,283 [INFO] ThirdParty:1030 - CMSIS Pack Vendor :Cesanta I-CUBE-Mongoose 7.13.0
2025-10-28 19:44:49,283 [INFO] ThirdParty:1030 - CMSIS Pack Vendor :STMicroelectronics USB_HOST 1.0.0
2025-10-28 19:44:49,283 [INFO] ThirdParty:1030 - CMSIS Pack Vendor :STMicroelectronics X-CUBE-AZRTOS-G4 2.0.0
2025-10-28 19:44:49,283 [INFO] ThirdParty:1030 - CMSIS Pack Vendor :STMicroelectronics X-CUBE-WB05N 2.0.0
2025-10-28 19:44:49,283 [INFO] ThirdParty:1030 - CMSIS Pack Vendor :STMicroelectronics PDM2PCM 3.1.0
2025-10-28 19:44:49,283 [INFO] ThirdParty:1030 - CMSIS Pack Vendor :STMicroelectronics X-CUBE-NFC7 2.0.0
2025-10-28 19:44:49,283 [INFO] ThirdParty:1030 - CMSIS Pack Vendor :STMicroelectronics X-CUBE-TCPP 4.2.0
2025-10-28 19:44:49,283 [INFO] ThirdParty:1030 - CMSIS Pack Vendor :RealThread X-CUBE-RT-Thread_Nano 4.1.1
2025-10-28 19:44:49,283 [INFO] ThirdParty:1030 - CMSIS Pack Vendor :STMicroelectronics FP-ATR-SIGFOX1 3.2.0
2025-10-28 19:44:49,283 [INFO] ThirdParty:1030 - CMSIS Pack Vendor :wolfSSL I-CUBE-wolfSSL 5.7.2
2025-10-28 19:44:49,283 [INFO] ThirdParty:1030 - CMSIS Pack Vendor :STMicroelectronics X-CUBE-ISPU 2.0.0
2025-10-28 19:44:49,284 [INFO] ThirdParty:1030 - CMSIS Pack Vendor :STMicroelectronics X-CUBE-EEPRMA1 5.1.0
2025-10-28 19:44:49,284 [INFO] ThirdParty:1030 - CMSIS Pack Vendor :STMicroelectronics MBEDTLS 2.16.2
2025-10-28 19:44:49,284 [INFO] ThirdParty:1030 - CMSIS Pack Vendor :STMicroelectronics X-CUBE-IPS 3.1.0
2025-10-28 19:44:49,284 [INFO] ThirdParty:1030 - CMSIS Pack Vendor :STMicroelectronics X-CUBE-ALS 1.0.2
2025-10-28 19:44:49,284 [INFO] ThirdParty:1030 - CMSIS Pack Vendor :STMicroelectronics X-CUBE-MEMS1 10.0.0
2025-10-28 19:44:49,284 [INFO] ThirdParty:1030 - CMSIS Pack Vendor :STMicroelectronics X-CUBE-TOUCHGFX 4.24.0
2025-10-28 19:44:49,284 [INFO] ThirdParty:1030 - CMSIS Pack Vendor :ITTIA_DB I-CUBE-ITTIADB 8.9.0
2025-10-28 19:44:49,284 [INFO] ThirdParty:1030 - CMSIS Pack Vendor :STMicroelectronics X-CUBE-TOUCHGFX 4.24.1
2025-10-28 19:44:49,284 [INFO] ThirdParty:1030 - CMSIS Pack Vendor :STMicroelectronics X-CUBE-STSE01 1.0.0
2025-10-28 19:44:49,285 [INFO] ThirdParty:1030 - CMSIS Pack Vendor :portGmbH I-Cube-SoM-uGOAL 1.1.0
2025-10-28 19:44:49,286 [INFO] ThirdParty:1030 - CMSIS Pack Vendor :STMicroelectronics X-CUBE-ST67W61 1.0.0
2025-10-28 19:44:49,287 [INFO] ThirdParty:1030 - CMSIS Pack Vendor :STMicroelectronics X-CUBE-AI 10.2.0
2025-10-28 19:44:49,287 [INFO] ThirdParty:1030 - CMSIS Pack Vendor :STMicroelectronics ThreadX 1.0.0
2025-10-28 19:44:49,287 [INFO] ThirdParty:1030 - CMSIS Pack Vendor :SEGGER I-CUBE-embOS 1.3.1
2025-10-28 19:44:49,287 [INFO] ThirdParty:1030 - CMSIS Pack Vendor :STMicroelectronics X-CUBE-ALGOBUILD 1.4.0
2025-10-28 19:44:49,287 [INFO] ThirdParty:1030 - CMSIS Pack Vendor :STMicroelectronics X-CUBE-MEMS1 11.3.0
2025-10-28 19:44:49,288 [INFO] ThirdParty:1030 - CMSIS Pack Vendor :STMicroelectronics X-CUBE-AZRTOS-H7RS 1.0.0
2025-10-28 19:44:49,288 [INFO] ThirdParty:1030 - CMSIS Pack Vendor :STMicroelectronics FP-ATR-ASTRA1 2.0.0
2025-10-28 19:44:49,288 [INFO] ThirdParty:1030 - CMSIS Pack Vendor :STMicroelectronics X-CUBE-TOF1 3.4.2
2025-10-28 19:44:49,288 [INFO] ThirdParty:1030 - CMSIS Pack Vendor :STMicroelectronics X-CUBE-TOF1 3.4.3
2025-10-28 19:44:49,288 [INFO] ThirdParty:1030 - CMSIS Pack Vendor :STMicroelectronics X-CUBE-TOF1 3.4.1
2025-10-28 19:44:49,288 [INFO] ThirdParty:1030 - CMSIS Pack Vendor :STMicroelectronics X-CUBE-AZRTOS-H7 3.2.0
2025-10-28 19:44:49,288 [INFO] ThirdParty:1030 - CMSIS Pack Vendor :Infineon AIROC-Wi-Fi-Bluetooth-STM32 1.6.0
2025-10-28 19:44:49,288 [INFO] ThirdParty:1030 - CMSIS Pack Vendor :wolfSSL I-CUBE-wolfSSH 1.4.17
2025-10-28 19:44:49,289 [INFO] ThirdParty:841 - exiting critical section [change project]
2025-10-28 19:44:49,654 [INFO] PinOutPanel:1589 - setPackage(No Configuration,No Configuration)
2025-10-28 19:44:49,654 [INFO] PinOutPanel:1589 - setPackage(STM32F303K8Tx,LQFP32)
2025-10-28 19:44:50,593 [INFO] UtilMem:75 - Before build in PCC Used Memory: 892508744 Bytes (1073741824)
2025-10-28 19:44:51,061 [INFO] UtilMem:75 - After build in PCC Used Memory: 937236488 Bytes (1073741824)
2025-10-28 19:44:51,099 [INFO] IPUIPlugin:80 - create IPUIPlugin
2025-10-28 19:44:51,099 [INFO] IPUIPlugin:80 - create IPUIPlugin
2025-10-28 19:44:51,100 [INFO] IPUIPlugin:80 - create IPUIPlugin
2025-10-28 19:44:51,100 [INFO] IPUIPlugin:80 - create IPUIPlugin
2025-10-28 19:44:51,101 [INFO] IPUIPlugin:80 - create IPUIPlugin
2025-10-28 19:44:51,101 [INFO] IPUIPlugin:80 - create IPUIPlugin
2025-10-28 19:44:51,101 [INFO] IPUIPlugin:80 - create IPUIPlugin
2025-10-28 19:44:51,102 [INFO] IPUIPlugin:80 - create IPUIPlugin
2025-10-28 19:44:51,103 [INFO] IPUIPlugin:80 - create IPUIPlugin
2025-10-28 19:44:51,103 [INFO] IPUIPlugin:80 - create IPUIPlugin
2025-10-28 19:44:51,104 [INFO] IPUIPlugin:80 - create IPUIPlugin
2025-10-28 19:44:51,105 [INFO] IPUIPlugin:80 - create IPUIPlugin
2025-10-28 19:44:51,105 [INFO] IPUIPlugin:80 - create IPUIPlugin
2025-10-28 19:44:51,105 [INFO] IPUIPlugin:80 - create IPUIPlugin
2025-10-28 19:44:51,105 [INFO] IPUIPlugin:80 - create IPUIPlugin
2025-10-28 19:44:51,106 [INFO] IPUIPlugin:80 - create IPUIPlugin
2025-10-28 19:44:51,106 [INFO] IPUIPlugin:80 - create IPUIPlugin
2025-10-28 19:44:51,106 [INFO] IPUIPlugin:80 - create IPUIPlugin
2025-10-28 19:44:51,106 [INFO] IPUIPlugin:80 - create IPUIPlugin
2025-10-28 19:44:51,107 [INFO] IPUIPlugin:80 - create IPUIPlugin
2025-10-28 19:44:51,107 [INFO] IPUIPlugin:80 - create IPUIPlugin
2025-10-28 19:44:51,107 [INFO] IPUIPlugin:80 - create IPUIPlugin
2025-10-28 19:44:51,107 [INFO] IPUIPlugin:80 - create IPUIPlugin
2025-10-28 19:44:51,107 [INFO] IPUIPlugin:80 - create IPUIPlugin
2025-10-28 19:44:51,108 [INFO] IPUIPlugin:80 - create IPUIPlugin
2025-10-28 19:44:51,108 [INFO] IPUIPlugin:80 - create IPUIPlugin
2025-10-28 19:44:51,108 [INFO] IPUIPlugin:80 - create IPUIPlugin
2025-10-28 19:44:51,109 [INFO] IPUIPlugin:80 - create IPUIPlugin
2025-10-28 19:44:51,109 [INFO] IPUIPlugin:80 - create IPUIPlugin
2025-10-28 19:44:51,109 [INFO] IPUIPlugin:80 - create IPUIPlugin
2025-10-28 19:44:51,110 [INFO] IPUIPlugin:80 - create IPUIPlugin
2025-10-28 19:44:51,110 [INFO] IPUIPlugin:80 - create IPUIPlugin
2025-10-28 19:44:51,111 [INFO] IPUIPlugin:80 - create IPUIPlugin
2025-10-28 19:44:51,111 [INFO] IPUIPlugin:80 - create IPUIPlugin
2025-10-28 19:44:51,285 [INFO] CADModel:165 - CPN selected for project levelSTM32F303K8T6
2025-10-28 19:44:51,285 [INFO] CADModel:114 - Register for checkConnection events
2025-10-28 19:44:51,382 [INFO] OpenFileManager:386 - Restore cursor
2025-10-28 20:37:50,811 [INFO] UtilMem:75 - End SaveConfig() Used Memory: 469428848 Bytes (838860800)
2025-10-28 20:37:53,645 [INFO] UtilMem:75 - End SaveConfig() Used Memory: 489178624 Bytes (838860800)
2025-10-28 20:37:56,306 [INFO] UtilMem:75 - End SaveConfig() Used Memory: 581065784 Bytes (838860800)
2025-10-28 20:37:57,523 [INFO] BlockDiagram:2775 - set Specific Code input for plugin: NVIC
2025-10-28 20:37:57,524 [INFO] BlockDiagram:2775 - set Specific Code input for plugin: USART
2025-10-28 20:37:57,524 [INFO] BlockDiagram:2775 - set Specific Code input for plugin: DMA
2025-10-28 20:37:57,524 [INFO] BlockDiagram:2775 - set Specific Code input for plugin: TIM1_8F3
2025-10-28 20:37:57,524 [INFO] BlockDiagram:2775 - set Specific Code input for plugin: SYS
2025-10-28 20:37:57,525 [INFO] BlockDiagram:2775 - set Specific Code input for plugin: GPIO
2025-10-28 20:37:57,525 [INFO] BlockDiagram:2775 - set Specific Code input for plugin: ADC
2025-10-28 20:37:57,525 [INFO] BlockDiagram:2775 - set Specific Code input for plugin: RCC
2025-10-28 20:37:57,526 [INFO] BlockDiagram:2775 - set Specific Code input for plugin: I2C
2025-10-28 20:37:57,531 [INFO] CodeGenerator:892 - code generatio: config db path: C:\ST\STM32CubeIDE_1.16.0\STM32CubeIDE\plugins\com.st.stm32cube.common.mx_6.15.0.202507011659\\db\
2025-10-28 20:37:57,772 [INFO] CodeEngine:265 - oldGeneratedFile, C:\Users\rolni\kody\Stm32-sensor-module-with-modbus\ModbusWithSensorsNoRTOS\MXTmpFiles\license.tmp_save
2025-10-28 20:37:58,247 [INFO] CodeEngine:289 - Generated code: C:\Users\rolni\kody\Stm32-sensor-module-with-modbus\ModbusWithSensorsNoRTOS\MXTmpFiles\license.tmp
2025-10-28 20:37:58,461 [INFO] CodeEngine:265 - oldGeneratedFile, C:\Users\rolni\kody\Stm32-sensor-module-with-modbus\ModbusWithSensorsNoRTOS\MXTmpFiles\gpio.tmp_save
2025-10-28 20:37:58,680 [INFO] CodeEngine:289 - Generated code: C:\Users\rolni\kody\Stm32-sensor-module-with-modbus\ModbusWithSensorsNoRTOS\MXTmpFiles\gpio.tmp
2025-10-28 20:37:59,212 [INFO] CodeEngine:265 - oldGeneratedFile, C:\Users\rolni\kody\Stm32-sensor-module-with-modbus\ModbusWithSensorsNoRTOS\MXTmpFiles\dma.tmp_save
2025-10-28 20:37:59,319 [INFO] CodeEngine:289 - Generated code: C:\Users\rolni\kody\Stm32-sensor-module-with-modbus\ModbusWithSensorsNoRTOS\MXTmpFiles\dma.tmp
2025-10-28 20:37:59,328 [INFO] CodeEngine:265 - oldGeneratedFile, C:\Users\rolni\kody\Stm32-sensor-module-with-modbus\ModbusWithSensorsNoRTOS\MXTmpFiles\dma_GV.tmp_save
2025-10-28 20:37:59,440 [INFO] CodeEngine:289 - Generated code: C:\Users\rolni\kody\Stm32-sensor-module-with-modbus\ModbusWithSensorsNoRTOS\MXTmpFiles\dma_GV.tmp
2025-10-28 20:37:59,467 [INFO] CodeEngine:265 - oldGeneratedFile, C:\Users\rolni\kody\Stm32-sensor-module-with-modbus\ModbusWithSensorsNoRTOS\Core\Src\stm32f3xx_it.c_save
2025-10-28 20:37:59,641 [INFO] CodeEngine:289 - Generated code: C:\Users\rolni\kody\Stm32-sensor-module-with-modbus\ModbusWithSensorsNoRTOS\Core\Src\stm32f3xx_it.c
2025-10-28 20:37:59,658 [INFO] CodeEngine:265 - oldGeneratedFile, C:\Users\rolni\kody\Stm32-sensor-module-with-modbus\ModbusWithSensorsNoRTOS\Core\Inc\stm32f3xx_it.h_save
2025-10-28 20:37:59,796 [INFO] CodeEngine:289 - Generated code: C:\Users\rolni\kody\Stm32-sensor-module-with-modbus\ModbusWithSensorsNoRTOS\Core\Inc\stm32f3xx_it.h
2025-10-28 20:37:59,831 [INFO] CodeEngine:265 - oldGeneratedFile, C:\Users\rolni\kody\Stm32-sensor-module-with-modbus\ModbusWithSensorsNoRTOS\Core\Src\stm32f3xx_hal_msp.c_save
2025-10-28 20:38:00,029 [INFO] CodeEngine:289 - Generated code: C:\Users\rolni\kody\Stm32-sensor-module-with-modbus\ModbusWithSensorsNoRTOS\Core\Src\stm32f3xx_hal_msp.c
2025-10-28 20:38:00,039 [INFO] CodeEngine:265 - oldGeneratedFile, C:\Users\rolni\kody\Stm32-sensor-module-with-modbus\ModbusWithSensorsNoRTOS\MXTmpFiles\system.tmp_save
2025-10-28 20:38:00,107 [INFO] CodeEngine:289 - Generated code: C:\Users\rolni\kody\Stm32-sensor-module-with-modbus\ModbusWithSensorsNoRTOS\MXTmpFiles\system.tmp
2025-10-28 20:38:00,127 [INFO] CodeEngine:321 - oldGeneratedFile, C:\Users\rolni\kody\Stm32-sensor-module-with-modbus\ModbusWithSensorsNoRTOS\Core\Inc\stm32f3xx_hal_conf.h_save
2025-10-28 20:38:00,213 [INFO] CodeEngine:345 - Generated code: C:\Users\rolni\kody\Stm32-sensor-module-with-modbus\ModbusWithSensorsNoRTOS\Core\Inc\stm32f3xx_hal_conf.h
2025-10-28 20:38:00,256 [INFO] ApiDbMcu:532 - Load IP Config File for ADC1
2025-10-28 20:38:00,262 [INFO] ApiDbMcu:532 - Load IP Config File for I2C1
2025-10-28 20:38:00,274 [INFO] ApiDbMcu:532 - Load IP Config File for TIM3
2025-10-28 20:38:00,281 [INFO] ApiDbMcu:532 - Load IP Config File for USART1
2025-10-28 20:38:00,284 [INFO] ApiDbMcu:532 - Load IP Config File for RCC
2025-10-28 20:38:00,286 [WARN] IPConfigManager:3811 - IP not found : TIM
2025-10-28 20:38:00,289 [WARN] CodeGenerator:4259 - IP not found : null
2025-10-28 20:38:00,304 [INFO] CodeEngine:265 - oldGeneratedFile, C:\Users\rolni\kody\Stm32-sensor-module-with-modbus\ModbusWithSensorsNoRTOS\Core\Inc\main.h_save
2025-10-28 20:38:00,408 [INFO] CodeEngine:289 - Generated code: C:\Users\rolni\kody\Stm32-sensor-module-with-modbus\ModbusWithSensorsNoRTOS\Core\Inc\main.h
2025-10-28 20:38:00,423 [INFO] CodeEngine:265 - oldGeneratedFile, C:\Users\rolni\kody\Stm32-sensor-module-with-modbus\ModbusWithSensorsNoRTOS\Core\Src\main.c_save
2025-10-28 20:38:00,762 [INFO] CodeEngine:289 - Generated code: C:\Users\rolni\kody\Stm32-sensor-module-with-modbus\ModbusWithSensorsNoRTOS\Core\Src\main.c
2025-10-28 20:38:01,265 [INFO] ProjectBuilder:3606 - Time for Copy HAL[1] : 274mS.
2025-10-28 20:38:01,273 [INFO] ProjectBuilder:5216 - Project Generator version: 4.7.0-B52
2025-10-28 20:38:01,399 [INFO] ConfigFileManager:1595 - The Die is : DIE438
2025-10-28 20:38:01,406 [INFO] ApiDbMcu:532 - Load IP Config File for FATFS
2025-10-28 20:38:01,414 [INFO] ApiDbMcu:532 - Load IP Config File for FREERTOS
2025-10-28 20:38:01,429 [INFO] ApiDbMcu:532 - Load IP Config File for TOUCHSENSING
2025-10-28 20:38:02,020 [INFO] LogOutputStream:77 - [STDOUT_REDIRECT] 
2025-10-28 20:38:03,540 [INFO] ProjectBuilder:5496 - Time for Generating toolchain IDE Files: 2266mS.
2025-10-28 20:38:03,542 [INFO] ProjectBuilder:3463 - Time for Copy CMSIS : 1mS.
2025-10-28 20:38:03,549 [INFO] ProjectBuilder:3463 - Time for Copy CMSIS : 1mS.
2025-10-28 21:37:36,779 [ERROR] LogOutputStream:75 - [STDERR_REDIRECT] 
